record_id,persons_ids,category,type,title,archive_id,archive_ref,images,transcription,external_link,participants,date,place,region,owner,,,,,
rec_4_b,,Метричні книги,b,Запис про народження,,,https://drive.google.com/file/d/1SDaAN0sCt_3zfl-InkPeLIRwPeTtaqvJ/view?usp=drive_web,,,,,,,,,,28.09.1911,29.09.1911,
rec_6_b-1,,Метричні книги,b,Запис про народження,,,https://drive.google.com/file/d/182FS14HeVHsaCL980_zi8V56yoxEthLN/view?usp=drive_web,,https://yandex.ru/archive/catalog/f58dba16-b349-4d88-a31c-a854114114a0/95,,,,,,,,15.09.1913,15.09.1913,
rec_6_b,,Метричні книги,b,Запис про народження,,,https://drive.google.com/file/d/1KVI4z5-Igi2_Sq41Wf3sYy2F8eltqnL3/view?usp=drive_web,,https://yandex.ru/archive/catalog/239bf123-651c-4896-be9f-3a6fdcfe909f/157,,,,,,,,,,
rec_7_b,,Метричні книги,b,Запис про народження,,,https://drive.google.com/file/d/1t0s7YoakQ3CRNTExpV9dcaaiKeGazFIo/view?usp=drive_web,,https://www.familysearch.org/ark:/61903/3:1:3QHN-2QTF-1SXB-3?view=explore&groupId=TH-7772-131491-188574-0&lang=uk,,,,,,,,24.05.1925,25.05.1925,
rec_8_b,,Метричні книги,b,Запис про народження,,,https://drive.google.com/file/d/1mKBJxWFSoEhJ4Y93gddzkNaV5xXi6JfP/view?usp=drive_web,,,,,,,,,,03.08.1873,03.08.1873,
rec_10_b,,Метричні книги,b,Запис про народження,,,https://drive.google.com/file/d/1PneUZdQT1BLnhikGl9oBr8nsGCCWRfgn/view?usp=drive_web,,,,,,,,,,25.04.1892,28.04.1892,
rec_11_b,,Метричні книги,b,Запис про народження,,,https://drive.google.com/file/d/1614GLFxOCr3TAyWwHo2pfgJ4bR9ksuQf/view?usp=drive_web,,,,,,,,,,11.10.1888,13.10.1888,
rec_12_b-1,,Метричні книги,b,Запис про народження,,,https://drive.google.com/file/d/1RbQPWPyitqc0ahYQ2GEnB8GOAUldIs7H/view?usp=drive_web,,https://yandex.ru/archive/catalog/c920e1b2-54ff-45e6-b99b-a82a934077ca/6,,,,,,,,28.01.1881,28.01.1881,
rec_12_b,,Метричні книги,b,Запис про народження,,,https://drive.google.com/file/d/1uRzyfWIDhZs7Q6TsCYpWWkhCZ1F6pcPq/view?usp=drive_web,,https://yandex.ru/archive/catalog/b4756a81-affc-4901-843d-31f0919b59f4/82,,,,,,,,,,
rec_13_b-1,,Метричні книги,b,Запис про народження,,,https://drive.google.com/file/d/1LjSfoMBKcupDcWS2hgnh-HI6vAwhjwy0/view?usp=drive_web,,https://yandex.ru/archive/catalog/1281fa7b-bf90-4422-8219-a00695c6be7f/5,,,,,,,,23.02.1890,24.02.1890,
rec_13_b,,Метричні книги,b,Запис про народження,,,https://drive.google.com/file/d/1Jkzm3tSVoqw5aPkLfdoi7VcXjsmI703I/view?usp=drive_web,,https://yandex.ru/archive/catalog/c8895e38-dc44-441c-833c-d98cdcd28cfc/37,,,,,,,,,,
rec_14_b-1,,Метричні книги,b,Запис про народження,,,https://drive.google.com/file/d/1TYM7Q_994vmL1IZgz43ZYTRr5tcUCz93/view?usp=drive_web,,http://agadd2.home.net.pl/metrykalia/298/sygn.%2088/album/index.html#img=1_298_0_0_88_0084.jpg,,,,,,,,19.02.1884,20.02.1884,
rec_14_b,,Метричні книги,b,Запис про народження,,,https://drive.google.com/file/d/1SU_ZYtVVZ7NUs_N8VEon9yOAeiJB4hux/view?usp=drive_web,,https://www.familysearch.org/ark:/61903/3:1:33S7-9RSC-9R8?i=20&wc=QV6D-4VN%3A180600901%2C192872401%2C192889001&cc=1910265&lang=uk,,,,,,,,,,
rec_15_b,,Метричні книги,b,Запис про народження,,,https://drive.google.com/file/d/1zKWoWVhPb1VyyR26PnaHmUdt9cJK-TyV/view?usp=drive_web,,https://www.familysearch.org/ark:/61903/3:1:33SQ-GRSC-9VP?i=88&wc=QV6D-4VN%3A180600901%2C192872401%2C192889001&cc=1910265&lang=uk,,,,,,,,25.12.1902,25.12.1902,
rec_16_b,,Метричні книги,b,Запис про народження,,,https://drive.google.com/file/d/1mNptnYtLp0YbAoBlc3pnNeK-bkoB4f_X/view?usp=drive_web,,https://www.familysearch.org/ark:/61903/3:1:33S7-9GX6-W4J?i=656&wc=Q866-X5R%3A375541101%2C375541102%2C376745401%2C377507101&cc=1921824&lang=uk,,,,,,,,04.01.1835,,
rec_17_b,,Метричні книги,b,Запис про народження,,,https://drive.google.com/file/d/1WTJmKeduG9J7Rc10REAYB-ymd1MQnVEp/view?usp=drive_web,,https://www.familysearch.org/ark:/61903/3:1:33SQ-GGX6-71C?i=658&wc=Q866-X5R%3A375541101%2C375541102%2C376745401%2C377507101&cc=1921824&lang=uk,,,,,,,,09.04.1835,,
rec_18_b,,Метричні книги,b,Запис про народження,,,https://drive.google.com/file/d/10spAFoGiyqrk-I1vnjPpqLLbi4LbdZEQ/view?usp=drive_web,,https://www.familysearch.org/ark:/61903/3:1:33SQ-GGFR-W7L?i=464&wc=Q866-JXW%3A375541101%2C375541102%2C376745401%2C378228701&cc=1921824&lang=uk,,,,,,,,19.11.1841,20.11.1841,
rec_19_b,,Метричні книги,b,Запис про народження,,,https://drive.google.com/file/d/1ezFnmouVE0daUvc40xtQcPfQLMis0t9K/view?usp=drive_web,,https://www.familysearch.org/ark:/61903/3:1:33SQ-GGFR-WQT?i=1611&wc=Q866-XJD%3A375541101%2C375541102%2C376745401%2C377741501&cc=1921824&lang=uk,,,,,,,,10.10.1842,11.10.1842,
rec_20_b-1,,Метричні книги,b,Запис про народження,,,https://drive.google.com/file/d/1ODY70t199vp4X6kR1dt97IQWgH7OOnVj/view?usp=drive_web,,familysearch.org/ark:/61903/3:1:33SQ-GGFT-9S68?i=415&wc=Q866-NNK%3A375541101%2C375541102%2C376745401%2C378014801&cc=1921824,,,,,,,,17.12.1854,19.12.1854,
rec_20_b,,Метричні книги,b,Запис про народження,,,https://drive.google.com/file/d/18DkG8MlCM7lm-1yHZNzMmSv9zJB1Hh3Q/view?usp=drive_web,,https://www.familysearch.org/ark:/61903/3:1:33S7-9T4Q-S3?i=49&wc=Q866-RY9%3A375541101%2C375541102%2C376119301%2C376122501&cc=1921824&lang=uk,,,,,,,,,,
rec_21_b-1,,Метричні книги,b,Запис про народження,,,https://drive.google.com/file/d/1_iu5-GkRaGIThPxiBrZUBiWDW7PgejPF/view?usp=drive_web,,https://www.familysearch.org/ark:/61903/3:1:33SQ-GGX6-TXH?i=122&wc=Q866-FWS%3A375541101%2C375541102%2C376745401%2C377585401&cc=1921824&lang=uk,,,,,,,,29.06.1851,30.06.1851,
rec_21_b,,Метричні книги,b,Запис про народження,,,https://drive.google.com/file/d/1JfgXvI-V6ysveeCH68d5x4QxMVa8K8Se/view?usp=drive_web,,https://www.familysearch.org/ark:/61903/3:1:33SQ-GTW5-9MBW?i=13&wc=Q866-PQN%3A375541101%2C375541102%2C376119301%2C376120101&cc=1921824&lang=uk,,,,,,,,,,
rec_24_b,,Метричні книги,b,Запис про народження,,,https://drive.google.com/file/d/1sjbLkZe7HcN-G6L1HI8BXDVsTT9j50sc/view?usp=drive_web,,,,,,,,,,12.01.1852,13.01.1852,
rec_25_b,,Метричні книги,b,Запис про народження,,,https://drive.google.com/file/d/15u4zXciRu281Wqsk2Xy49wJoNn719lVA/view?usp=drive_web,,,,,,,,,,20.11.1853,20.11.1853,
rec_26_b,,Метричні книги,b,Запис про народження,,,https://drive.google.com/file/d/1xQuQOnNRAM31q7e8l7ehIxErrCglO6G3/view?usp=drive_web,,https://yandex.ru/archive/catalog/fb975873-2412-44ee-b79d-be717fbecf8b/149,,,,,,,,30.10.1865,31.10.1865,
rec_27_b,,Метричні книги,b,Запис про народження,,,https://drive.google.com/file/d/1-KVHqWbZs66sDLURM4-69BwyEDqAO3xD/view?usp=drive_web,,https://yandex.ru/archive/catalog/fb975873-2412-44ee-b79d-be717fbecf8b/146,,,,,,,,13.08.1865,15.08.1865,
rec_28_b,,Метричні книги,b,Запис про народження,,,https://drive.google.com/file/d/11iZiYyVuOzZ7jyt8g1hEc3nT_PHRWMZg/view?usp=drive_web,,https://www.szukajwarchiwach.gov.pl/en/skan/-/skan/a5326d969ddf9a4844ac253d65a579ed7c582b177b158205f5a60d42bea71209,,,,,,,,28.07.1836,30.07.1836,
rec_29_b,,Метричні книги,b,Запис про народження,,,https://drive.google.com/file/d/1KpEbrGNUTi-i-dl0h1ZQsu4ajPlSIiNr/view?usp=drive_web,,https://www.familysearch.org/ark:/61903/3:1:33S7-9RSH-9HR6?i=20&wc=QV6D-4JS%3A180600901%2C192872401%2C192872402&cc=1910265&lang=uk,,,,,,,,10.06.1856,,
rec_30_b,,Метричні книги,b,Запис про народження,,,https://drive.google.com/file/d/1CM7gFaOv8cNszcTSndGCXHPk0gXlMd6g/view?usp=drive_web,,https://www.familysearch.org/ark:/61903/3:1:33SQ-GRSH-94TC?i=38&wc=QV6D-4JS%3A180600901%2C192872401%2C192872402&cc=1910265&lang=uk,,,,,,,,12.12.1862,12.12.1862,
rec_31_b,,Метричні книги,b,Запис про народження,,,https://drive.google.com/file/d/10xeHG9gZb-O9Y9JYwGzgNYqhOspZ1DZ6/view?usp=drive_web,,https://www.familysearch.org/ark:/61903/3:1:33SQ-GRSH-94B3?i=42&wc=QV6D-4JS%3A180600901%2C192872401%2C192872402&cc=1910265&lang=uk,,,,,,,,08.03.1863,08.03.1863,
rec_32_b-1,,Метричні книги,b,Запис про народження,,,https://drive.google.com/file/d/1ObBNz2H_Oc7p89elTog2yCAaggqSdpPh/view?usp=drive_web,,https://www.familysearch.org/ark:/61903/3:1:939N-SYXD-2?i=285&wc=Q866-8MG%3A375541101%2C375541102%2C375541103%2C375590001&cc=1921824&lang=uk,,,,,,,,,,
rec_32_b,,Метричні книги,b,Запис про народження,,,https://drive.google.com/file/d/1LleWU5QQzkgvsOre_3Jbw0E220GqF5U0/view?usp=drive_web,,https://www.familysearch.org/ark:/61903/3:1:939N-SYXS-V?i=284&wc=Q866-8MG%3A375541101%2C375541102%2C375541103%2C375590001&cc=1921824&lang=uk,,,,,,,,11.08.1809,15.08.1809,
rec_36_b,,Метричні книги,b,Запис про народження,,,https://drive.google.com/file/d/1w_ZjyW1PGAtIlK5L-fMJAY4NMVcRp-du/view?usp=drive_web,,https://www.familysearch.org/ark:/61903/3:1:33S7-9GN5-WGG?i=419&wc=Q866-F66%3A375541101%2C375541102%2C376745401%2C377302401&cc=1921824&lang=uk,,,,,,,,27.03.1816,29.03.1816,
rec_40_b,,Метричні книги,b,Запис про народження,,,https://drive.google.com/file/d/1DlQ76XpvCug-umMHbB36msFuwrT552XD/view?usp=drive_web,,https://www.familysearch.org/ark:/61903/3:1:33SQ-GGFW-97KS?i=205&wc=Q866-FMH%3A375541101%2C375541102%2C376745401%2C377439301&cc=1921824&lang=uk,,,,,,,,19.02.1827,20.02.1827,
rec_41_b,,Метричні книги,b,Запис про народження,,,https://drive.google.com/file/d/1ApznPXEaBiMhh0CFgosWe7AaFruC8Up4/view?usp=drive_web,,https://www.familysearch.org/ark:/61903/3:1:33S7-9GNT-9RH2?i=904&wc=Q866-KMC%3A375541101%2C375541102%2C376745401%2C378455401&cc=1921824&lang=uk,,,,,,,,04.08.1831,04.08.1831,
rec_42_b,,Метричні книги,b,Запис про народження,,,https://drive.google.com/file/d/1NJVG_cJt38n9xYW1_6uitOylK2gGsPjL/view?usp=drive_web,,https://www.familysearch.org/ark:/61903/3:1:33S7-9GXZ-9B6W?i=373&wc=Q866-XRN%3A375541101%2C375541102%2C376745401%2C377273101&cc=1921824&lang=uk,,,,,,,,18.09.1814,20.09.1814,
rec_43_b,,Метричні книги,b,Запис про народження,,,https://drive.google.com/file/d/1y8dtgliHYw4T5UjafD65GatWwRApJ-nU/view?usp=drive_web,,https://www.familysearch.org/ark:/61903/3:1:33S7-9GN1-YL7?i=500&wc=Q866-K3H%3A375541101%2C375541102%2C376745401%2C378397901&cc=1921824&lang=uk,,,,,,,,12.06.1820,13.06.1820,
rec_44_b,,Метричні книги,b,Запис про народження,,,https://drive.google.com/file/d/1NJVG_cJt38n9xYW1_6uitOylK2gGsPjL/view?usp=drive_web,,https://www.familysearch.org/ark:/61903/3:1:33S7-9GXZ-9B6W?i=373&wc=Q866-XRN%3A375541101%2C375541102%2C376745401%2C377273101&cc=1921824&lang=uk,,,,,,,,02.10.1814,02.10.1814,
rec_46_b,,Метричні книги,b,Запис про народження,,,https://drive.google.com/file/d/13dk3Cw9B9WmKnpobCWlLWEDI5qZlqtaj/view?usp=drive_web,,https://www.familysearch.org/ark:/61903/3:1:33S7-9GN1-YD2?i=512&wc=Q866-K3H%3A375541101%2C375541102%2C376745401%2C378397901&cc=1921824&lang=uk,,,,,,,,30.12.1820,30.12.1820,
rec_47_b,,Метричні книги,b,Запис про народження,,,https://drive.google.com/file/d/1t2S43QLh6tGUOs-w9Y8JoyYJeIPzimXW/view?usp=drive_web,,https://www.familysearch.org/ark:/61903/3:1:33SQ-GGN1-B2G?i=496&wc=Q866-K3H%3A375541101%2C375541102%2C376745401%2C378397901&cc=1921824&lang=uk,,,,,,,,22.03.1820,23.03.1820,
rec_48_b,,Метричні книги,b,Запис про народження,,,https://drive.google.com/file/d/10j7Bo73pZ-cDLiaUbv7tgRIxBU0DWEI-/view?usp=drive_web,,https://ya.ru/archive/catalog/a6452de3-b577-4e71-906a-f8e0175e46cc/205,,,,,,,,05.11.1811,06.11.1811,
rec_50_b,,Метричні книги,b,Запис про народження,,,https://drive.google.com/file/d/15BTELifHeJeL3_YDmbiECvdFyJ_nVtFI/view?usp=drive_web,,,,,,,,,,01.07.1819,08.07.1819,
rec_52_b,,Метричні книги,b,Запис про народження,,,https://drive.google.com/file/d/1NR0PyMMnpCW38ffhiw4bPKVYQnvcbYPM/view?usp=drive_web,,,,,,,,,,26.10.1824,27.10.1824,
rec_53_b,,Метричні книги,b,Запис про народження,,,https://drive.google.com/file/d/16BEJzlaJcO-Mk8O1lelHgReJASwz5oJT/view?usp=drive_web,,,,,,,,,,12.04.1826,15.04.1826,
rec_54_b,,Метричні книги,b,Запис про народження,,,https://drive.google.com/file/d/1FPubqlqzOBIFqZYRyROvV14lfiXj6n53/view?usp=drive_web,,,,,,,,,,10.08.1834,10.08.1834,
rec_55_b,,Метричні книги,b,Запис про народження,,,https://drive.google.com/file/d/1wZWiNo6BA0aL_KIn4QkFWvvfFM4sgMew/view?usp=drive_web,,,,,,,,,,05.12.1834,06.12.1834,
rec_56_b,,Метричні книги,b,Запис про народження,,,https://drive.google.com/file/d/1hxsbXqWz1hIHs9lexHiKkdg50j7P5c-U/view?usp=drive_web,,https://www.familysearch.org/ark:/61903/3:1:3Q9M-C95P-H9QW-Z?lang=uk&i=160,,,,,,,,26.10.1804,26.10.1804,
rec_57_b,,Метричні книги,b,Запис про народження,,,https://drive.google.com/file/d/1D6rVInn95E6-l2dFh1s0PlbngIjbu39e/view?usp=drive_web,,http://agadd.home.net.pl/metrykalia/298/sygn.%20393/pages/1_298_0_0_393_0056.htm,,,,,,,,09.12.1814,,
rec_58_b,,Метричні книги,b,Запис про народження,,,https://drive.google.com/file/d/1KkGJN-nQfDFqNy0VxDHqau8jegeRMV1H/view?usp=drive_web,,https://www.familysearch.org/ark:/61903/3:1:3Q9M-C9PT-Q9SB-Q?cat=2997966&i=159&lang=uk,,,,,,,,12.11.1815,,
rec_59_b,,Метричні книги,b,Запис про народження,,,https://drive.google.com/file/d/1KkGJN-nQfDFqNy0VxDHqau8jegeRMV1H/view?usp=drive_web,,https://www.familysearch.org/ark:/61903/3:1:3Q9M-C9PT-Q9SB-Q?cat=2997966&i=159&lang=uk,,,,,,,,26.11.1815,,
rec_60_b,,Метричні книги,b,Запис про народження,,,https://drive.google.com/file/d/1q4oatW_06DrCiiySusbkiSN5OvvK_XCT/view?usp=drive_web,,https://www.familysearch.org/ark:/61903/3:1:3Q9M-C9PT-Q9SM-9?cat=2997966&i=277&lang=uk,,,,,,,,15.10.1833,,
rec_62_b,,Метричні книги,b,Запис про народження,,,https://drive.google.com/file/d/1dcd5_T0EltgnmSPwomqJ4Ky9_jqGGnqE/view?usp=drive_web,,https://www.familysearch.org/ark:/61903/3:1:3Q9M-C9PT-Q9SZ-S?cat=2997966&i=275&lang=uk,,,,,,,,28.06.1832,,
rec_73_b,,Метричні книги,b,Запис про народження,,,https://drive.google.com/file/d/1rohHrw-328rfGgG8rbyzisWuwJtIcZHW/view?usp=drive_web,,https://www.familysearch.org/ark:/61903/3:1:33SQ-GGFP-YN6?i=208&wc=Q866-N1D%3A375541101%2C375541102%2C376745401%2C378132701&cc=1921824&lang=uk,,,,,,,,14.10.1794,14.10.1794,
rec_76_b,,Метричні книги,b,Запис про народження,,,https://drive.google.com/file/d/1rEhCw2f5q4WfyOw4zzhD6cOG_EiOxYBh/view?usp=drive_web,,https://www.familysearch.org/ark:/61903/3:1:33S7-9GNX-1FL?i=152&wc=Q866-VKH%3A375541101%2C380331001%2C381648501%2C382439101&cc=1921824&lang=uk,,,,,,,,14.10.1771,,
rec_77_b,,Метричні книги,b,Запис про народження,,,https://drive.google.com/file/d/1TJH6X59K6ye914zXyUnEtC8fmQWnp25M/view?usp=drive_web,,https://www.familysearch.org/ark:/61903/3:1:33S7-9GFS-NG7?i=137&wc=Q866-FPM%3A375541101%2C375541102%2C376745401%2C378053801&cc=1921824&lang=uk,,,,,,,,03.05.1772,,
rec_78_b-1,,Метричні книги,b,Запис про народження,,,https://drive.google.com/file/d/1T1NjY2BYjDNUrnVHE4e88NFMJsm9UGTQ/view?usp=drive_web,,https://www.familysearch.org/ark:/61903/3:1:33SQ-GGF5-QFQ?i=267&wc=Q866-J77%3A375541101%2C375541102%2C376745401%2C378117801&cc=1921824&lang=uk,,,,,,,,17.01.1783,19.01.1783,
rec_78_b,,Метричні книги,b,Запис про народження,,,https://drive.google.com/file/d/1H8WgKznLIGVRU1yYEHfpqdMGXnFS2dbO/view?usp=drive_web,,https://www.familysearch.org/ark:/61903/3:1:33S7-9GF5-3R7?i=266&wc=Q866-J77%3A375541101%2C375541102%2C376745401%2C378117801&cc=1921824&lang=uk,,,,,,,,,,
rec_87_b,,Метричні книги,b,Запис про народження,,,https://drive.google.com/file/d/1YGRhTPHW6t5LXl31czn2MDfpxq8F95Dc/view?usp=drive_web,,https://www.familysearch.org/ark:/61903/3:1:33SQ-GGX8-L61?i=105&wc=Q866-F97%3A375541101%2C375541102%2C376745401%2C376760701&cc=1921824&lang=uk,,,,,,,,13.06.1791,13.06.1791,
rec_91_b,,Метричні книги,b,Запис про народження,,,https://drive.google.com/file/d/1UDaEAeTtpk2j5Gho0FnE0CFEq8R0wEJL/view?usp=drive_web,,https://www.familysearch.org/ark:/61903/3:1:33SQ-GGX8-9FRS?i=222&wc=Q866-FS5%3A375541101%2C375541102%2C376745401%2C376810001&cc=1921824&lang=uk,,,,,,,,02.02.1797,02.02.1797,
rec_95_b,,Метричні книги,b,Запис про народження,,,https://drive.google.com/file/d/199iUS7Mfo2stPGUB73_5TuOqpKv3_Zjr/view?usp=drive_web,,https://www.familysearch.org/ark:/61903/3:1:33S7-9GX8-KSS?i=73&wc=Q866-XB6%3A375541101%2C375541102%2C376745401%2C376745402&cc=1921824&lang=uk,,,,,,,,24.11.1789,24.11.1789,
rec_96_b,,Метричні книги,b,Запис про народження,,,https://drive.google.com/file/d/1G1KZ3ALHGszSzTimEN2x2AeubXSn2kSl/view?usp=drive_web,,https://yandex.ru/archive/catalog/a6452de3-b577-4e71-906a-f8e0175e46cc/68,,,,,,,,23.05.1789,25.05.1789,
rec_97_b,,Метричні книги,b,Запис про народження,,,https://drive.google.com/file/d/1jsaALS05NtotRdDMJLPZl38OyX1EY6dI/view?usp=drive_web,,https://yandex.ru/archive/catalog/a6452de3-b577-4e71-906a-f8e0175e46cc/67,,,,,,,,01.03.1789,,
rec_100_b,,Метричні книги,b,Запис про народження,,,https://drive.google.com/file/d/1Lk-zH3YDLcUCmpSSPHOplqubyIwBxF8y/view?usp=drive_web,,https://yandex.ru/archive/catalog/a6452de3-b577-4e71-906a-f8e0175e46cc/122,,,,,,,,15.09.1798,15.09.1798,
rec_101_b,,Метричні книги,b,Запис про народження,,,https://drive.google.com/file/d/14bP2Y5ohKIeSi4l_nUvJCF59L_q77gLH/view?usp=drive_web,,https://yandex.ru/archive/catalog/a6452de3-b577-4e71-906a-f8e0175e46cc/123,,,,,,,,09.11.1798,13.11.1798,
rec_103_b,,Метричні книги,b,Запис про народження,,,https://drive.google.com/file/d/1tKNzJXAoL22Iasl8rneS5nsCZZndXFHQ/view?usp=drive_web,,https://yandex.ru/archive/catalog/a6452de3-b577-4e71-906a-f8e0175e46cc/94,,,,,,,,04.12.1793,06.12.1793,
rec_104_b,,Метричні книги,b,Запис про народження,,,https://drive.google.com/file/d/1LpBS4GXnj2d_awcCworrPI6GblFWz_jn/view?usp=drive_web,,https://yandex.ru/archive/catalog/a6452de3-b577-4e71-906a-f8e0175e46cc/146,,,,,,,,28.02.1802,01.03.1802,
rec_105_b,,Метричні книги,b,Запис про народження,,,https://drive.google.com/file/d/1RuPul1Kv2kbrGcJJr8Gg6sMRDyVIyl2V/view?usp=drive_web,,https://yandex.ru/archive/catalog/a6452de3-b577-4e71-906a-f8e0175e46cc/141,,,,,,,,02.10.1801,02.10.1801,
rec_106_b,,Метричні книги,b,Запис про народження,,,https://drive.google.com/file/d/1VHLyKRq8pgR5TYzL5d_Pu8pO8lzh5Lok/view?usp=drive_web,,https://yandex.ru/archive/catalog/a6452de3-b577-4e71-906a-f8e0175e46cc/127,,,,,,,,04.03.1799,04.03.1799,
rec_107_b,,Метричні книги,b,Запис про народження,,,https://drive.google.com/file/d/1Lk-zH3YDLcUCmpSSPHOplqubyIwBxF8y/view?usp=drive_web,,https://yandex.ru/archive/catalog/a6452de3-b577-4e71-906a-f8e0175e46cc/122,,,,,,,,21.08.1798,22.08.1798,
rec_108_b,,Метричні книги,b,Запис про народження,,,https://drive.google.com/file/d/1vTz5IX2ZQhM8NQT3DkZ_ku-99r2isZ9t/view?usp=drive_web,,https://ya.ru/archive/catalog/a6452de3-b577-4e71-906a-f8e0175e46cc/204,,,,,,,,07.03.1811,10.03.1811,
rec_109_b,,Метричні книги,b,Запис про народження,,,https://drive.google.com/file/d/1iCMIIWfdPthvQi2INT-EEFSiG2PMojni/view?usp=drive_web,,https://ya.ru/archive/catalog/a6452de3-b577-4e71-906a-f8e0175e46cc/208,,,,,,,,04.04.1812,07.04.1812,
rec_110_b,,Метричні книги,b,Запис про народження,,,https://drive.google.com/file/d/1QBSavy1y4KtW0g7CdDSnA-yelxSFZxJm/view?usp=drive_web,,https://yandex.ru/archive/catalog/a6452de3-b577-4e71-906a-f8e0175e46cc/211,,,,,,,,15.03.1813,17.03.1813,
rec_114_b,,Метричні книги,b,Запис про народження,,,https://drive.google.com/file/d/1GmL5LzGLAthPjudHTDy2uXJPMTIfdvh-/view?usp=drive_web,,http://agadd.home.net.pl/metrykalia/298/sygn.%20393/pages/1_298_0_0_393_0012.htm,,,,,,,,05.06.1791,,
rec_116_b,,Метричні книги,b,Запис про народження,,,https://drive.google.com/file/d/1n4dJKxe23wgEHWVgPsJGeLehhWZsLbqb/view?usp=drive_web,,https://www.familysearch.org/ark:/61903/3:1:3Q9M-C95P-H93B-H?lang=uk&i=145,,,,,,,,26.10.1784,26.10.1784,
rec_117_b-1,,Метричні книги,b,Запис про народження,,,https://drive.google.com/file/d/1CNnNzOIsfegylDI5_B3plwaolNlfSEas/view?usp=drive_web,,https://www.familysearch.org/ark:/61903/3:1:3Q9M-C9PT-Q9ML-N?cat=2997966&i=5&lang=uk,,,,,,,,24.12.1786,,
rec_117_b,,Метричні книги,b,Запис про народження,,,https://drive.google.com/file/d/1a26-5117gC1VMMqfbD5BtkNrv11CHgLI/view?usp=drive_web,,https://www.familysearch.org/ark:/61903/3:1:33S7-9RS8-SX6?i=46&wc=QV6D-42B%3A180600901%2C192872401%2C192903801&cc=1910265&lang=uk,,,,,,,,,,
rec_118_b-2,,Метричні книги,b,Запис про народження,,,https://drive.google.com/file/d/162fUhF9slkaTw9w9R0ieuH9F9MEHUpxq/view?usp=drive_web,,https://www.familysearch.org/ark:/61903/3:1:33SQ-GRS8-SF6?i=47&wc=QV6D-42B%3A180600901%2C192872401%2C192903801&cc=1910265&lang=uk,,,,,,,,29.02.1778,,
rec_118_b-1,,Метричні книги,b,Запис про народження,,,https://drive.google.com/file/d/1v97yw2fTWHFjCvtFN9IZFXy1KrJuRe7s/view?usp=drive_web,,https://www.familysearch.org/ark:/61903/3:1:33S7-9RS8-SPM?i=23&wc=QV6D-42B%3A180600901%2C192872401%2C192903801&cc=1910265&lang=uk,,,,,,,,30.02.1778,,
rec_118_b,,Метричні книги,b,Запис про народження,,,https://drive.google.com/file/d/1bu_HSgTuCcNGB_M_QqW-KTac0eHkLhaa/view?usp=drive_web,,https://www.familysearch.org/ark:/61903/3:1:33SQ-GRS8-S5G?i=3&wc=QV6D-42B%3A180600901%2C192872401%2C192903801&cc=1910265&lang=uk,,,,,,,,29.02.1778,,
rec_120_b,,Метричні книги,b,Запис про народження,,,https://drive.google.com/file/d/1hqyrxxNLqrrqCeOcLFGIkwjaaU94-p7L/view?usp=drive_web,,https://www.familysearch.org/ark:/61903/3:1:3Q9M-C9PT-Q9SN-2?cat=2997966&i=147&lang=uk,,,,,,,,02.01.1812,,
rec_121_b-1,,Метричні книги,b,Запис про народження,,,https://drive.google.com/file/d/1lLDuyMvs5QpPPiLyNCpvhOdxKQdCs1DK/view?usp=drive_web,,https://www.familysearch.org/ark:/61903/3:1:33SQ-GRSJ-NQX?i=45&wc=QVG9-F3B%3A180600901%2C204054701%2C204054702&cc=1910265&lang=uk,,,,,,,,24.03.1810,,
rec_121_b,,Метричні книги,b,Запис про народження,,,https://drive.google.com/file/d/1SaNOp9D_bQfeipcIXDDIzHh0k4NEm_wR/view?usp=drive_web,,https://www.familysearch.org/ark:/61903/3:1:33SQ-GRSJ-FFH?i=40&wc=QVG9-F3B%3A180600901%2C204054701%2C204054702&cc=1910265&lang=uk,,,,,,,,16.06.1807,,
rec_122_b,,Метричні книги,b,Запис про народження,,,https://drive.google.com/file/d/1H_agytbR0JhnUWR3HzWAc8zMzwLVD577/view?usp=drive_web,,https://www.familysearch.org/ark:/61903/3:1:33S7-9RSJ-NQ3?i=29&wc=QVG9-F3B%3A180600901%2C204054701%2C204054702&cc=1910265&lang=uk,,,,,,,,24.06.1801,,
rec_123_b,,Метричні книги,b,Запис про народження,,,https://drive.google.com/file/d/16jkz_OEF_OZWcU070Lt2mXPhy5qlE4pJ/view?usp=drive_web,,https://www.familysearch.org/ark:/61903/3:1:33SQ-GRSJ-FP7?i=56&wc=QVG9-F3B%3A180600901%2C204054701%2C204054702&cc=1910265&lang=uk,,,,,,,,23.03.1817,,
rec_126_b,,Метричні книги,b,Запис про народження,,,https://drive.google.com/file/d/1KPVjSHn4SEY2Ir8ho5Gk6LuUF49EX49d/view?usp=drive_web,,https://www.familysearch.org/ark:/61903/3:1:3Q9M-C9PT-Q1DZ?cat=2997966&i=99&lang=uk,,,,,,,,23.04.1808,,
rec_127_b,,Метричні книги,b,Запис про народження,,,https://drive.google.com/file/d/1wyKbdt1HkP4w-kYI_jWZLFABmICyhiGy/view?usp=drive_web,,https://www.familysearch.org/ark:/61903/3:1:3Q9M-C9PT-Q93S-W?cat=2997966&i=174&lang=uk,,,,,,,,25.03.1820,,
rec_140_b,,Метричні книги,b,Запис про народження,,,https://drive.google.com/file/d/17kcGMH0dEtQw51KEeQux6R14XHIndCz5/view?usp=drive_web,,https://www.familysearch.org/ark:/61903/3:1:33SQ-GGXZ-9MHD?i=66&wc=Q866-XRQ%3A375541101%2C380331001%2C381648501%2C381860201&cc=1921824&lang=uk,,,,,,,,12.02.1748,,
rec_142_b,,Метричні книги,b,Запис про народження,,,https://drive.google.com/file/d/1FzVKt2EWKja9q_V9HiTH_YAJCN2neAyd/view?usp=drive_web,,https://www.familysearch.org/ark:/61903/3:1:33S7-9GN6-ZGS?i=46&wc=Q866-VD1%3A375541101%2C375541102%2C376745401%2C378386901&cc=1921824&lang=uk,,,,,,,,31.08.1746,,
rec_144_b-1,,Метричні книги,b,Запис про народження,,,https://drive.google.com/file/d/1GcrGGo6penjgfBhFB0CMG-f59ar7dHCg/view?usp=drive_web,,https://www.familysearch.org/ark:/61903/3:1:33SQ-GGNF-SJ9?i=115&wc=Q866-VG6%3A375541101%2C380331001%2C381648501%2C382437001&cc=1921824&lang=uk,,,,,,,,21.01.1759,,
rec_144_b,,Метричні книги,b,Запис про народження,,,https://drive.google.com/file/d/1clMPyeHKIyKUBlJI33WoDKjta24GhLCp/view?usp=drive_web,,https://www.familysearch.org/ark:/61903/3:1:33SQ-GTWG-9DH?i=108&wc=Q866-GJY%3A375541101%2C378598501%2C378674901%2C378818401&cc=1921824&lang=uk,,,,,,,,13.08.1758,,
rec_148_b,,Метричні книги,b,Запис про народження,,,https://drive.google.com/file/d/1OGYPJsobqMrzTyQ5KnSvV-1ah5l7GpQZ/view?usp=drive_web,,https://www.familysearch.org/ark:/61903/3:1:33S7-9GNX-JY8?i=85&wc=Q866-VJ6%3A375541101%2C380331001%2C381648501%2C382438401&cc=1921824&lang=uk,,,,,,,,28.03.1761,,
rec_150_b,,Метричні книги,b,Запис про народження,,,https://drive.google.com/file/d/1clMPyeHKIyKUBlJI33WoDKjta24GhLCp/view?usp=drive_web,,https://www.familysearch.org/ark:/61903/3:1:33SQ-GTWG-9DH?i=108&wc=Q866-GJY%3A375541101%2C378598501%2C378674901%2C378818401&cc=1921824&lang=uk,,,,,,,,13.11.1758,,
rec_152_b,,Метричні книги,b,Запис про народження,,,https://drive.google.com/file/d/1GpvG_HyuGjJuALozP73goUSxEeQZecrv/view?usp=drive_web,,https://www.familysearch.org/ark:/61903/3:1:33S7-9GFK-8WN?i=37&wc=Q866-NGB%3A375541101%2C378598501%2C379069801%2C379914701&cc=1921824&lang=uk,,,,,,,,20.04.1726,,
rec_157_b,,Метричні книги,b,Запис про народження,,,https://drive.google.com/file/d/1m1Mos6O8FTyXeKxGCkWN6tmQPTb71nPD/view?usp=drive_web,,https://www.familysearch.org/ark:/61903/3:1:33SQ-GGN6-X9T?i=26&wc=Q866-VDL%3A375541101%2C378598501%2C379069801%2C379957001&cc=1921824&lang=uk,,,,,,,,01.03.1743,,
rec_160_b,,Метричні книги,b,Запис про народження,,,https://drive.google.com/file/d/1QlSMSpX999KCy6JPmX1K29lDn2VY7226/view?usp=drive_web,,https://www.familysearch.org/ark:/61903/3:1:33S7-9GX4-GK1?i=104&wc=Q866-XCN%3A375541101%2C378598501%2C379069801%2C379102401&cc=1921824&lang=uk,,,,,,,,24.05.1767,,
rec_168_b,,Метричні книги,b,Запис про народження,,,https://drive.google.com/file/d/1ubd57LYpneY71F_iyCOXlxZ7IogPBR67/view?usp=drive_web,,https://www.familysearch.org/ark:/61903/3:1:33SQ-GTWG-B8?i=143&wc=Q866-GJY%3A375541101%2C378598501%2C378674901%2C378818401&cc=1921824&lang=uk,,,,,,,,17.02.1758,,
rec_169_b,,Метричні книги,b,Запис про народження,,,https://drive.google.com/file/d/1CA3ndJG8fX-w_y3Qt4pRKPLRznpVkbjE/view?usp=drive_web,,https://www.familysearch.org/ark:/61903/3:1:33SQ-GGFK-XYF?i=126&wc=Q866-NGX%3A375541101%2C378598501%2C379069801%2C379918901&cc=1921824&lang=uk,,,,,,,,01.03.1753,,
rec_170_b,,Метричні книги,b,Запис про народження,,,https://drive.google.com/file/d/1UPMvIagsV3AkmEv7-LQbx40VfboHbFZx/view?usp=drive_web,,https://www.familysearch.org/ark:/61903/3:1:33S7-9GFK-FZ7?i=81&wc=Q866-NGX%3A375541101%2C378598501%2C379069801%2C379918901&cc=1921824&lang=uk,,,,,,,,05.10.1753,,
rec_173_b,,Метричні книги,b,Запис про народження,,,https://drive.google.com/file/d/1qkyUQKflXGJNFmKhtGzvVuP3pvJgEMqr/view?usp=drive_web,,https://www.familysearch.org/ark:/61903/3:1:33S7-9GNF-94N?i=131&wc=Q866-VLY%3A375541101%2C380331001%2C381648501%2C382437501&cc=1921824&lang=uk,,,,,,,,07.05.1760,,
rec_180_b,,Метричні книги,b,Запис про народження,,,https://drive.google.com/file/d/1h0I-x7KgGiUa96gOxLlwsmJZrPkkDfMy/view?usp=drive_web,,https://www.familysearch.org/ark:/61903/3:1:33SQ-GTWG-97Z?i=145&wc=Q866-GJY%3A375541101%2C378598501%2C378674901%2C378818401&cc=1921824&lang=uk,,,,,,,,17.10.1758,,
rec_185_b,,Метричні книги,b,Запис про народження,,,https://drive.google.com/file/d/1pv0orXrydYAU5C1urdBqR5UOEzw-oYMU/view?usp=drive_web,,https://www.familysearch.org/ark:/61903/3:1:33SQ-GGFP-CTD?i=112&wc=Q866-NBR%3A375541101%2C375541102%2C376745401%2C378111401&cc=1921824&lang=uk,,,,,,,,26.08.1779,,
rec_188_b-1,,Метричні книги,b,Запис про народження,,,https://drive.google.com/file/d/1RL26mPGWOgkwJ5NrF8TRMpbpJoUhZ7pu/view?usp=drive_web,,https://www.familysearch.org/ark:/61903/3:1:33SQ-GGX4-PLB?i=19&wc=Q866-XCN%3A375541101%2C378598501%2C379069801%2C379102401&cc=1921824&lang=uk,,,,,,,,23.05.1767,,
rec_188_b,,Метричні книги,b,Запис про народження,,,https://drive.google.com/file/d/1RqaHUG9tn9szskiXgJUgfrqCDp-dI38F/view?usp=drive_web,,https://www.familysearch.org/ark:/61903/3:1:33S7-9GX4-LLS?i=47&wc=Q866-XH1%3A375541101%2C378598501%2C379069801%2C379099101&cc=1921824&lang=uk,,,,,,,,11.01.1766,,
rec_198_b,,Метричні книги,b,Запис про народження,,,https://drive.google.com/file/d/17ZFZz91fvrw4Ct0H_XfMCJaJNBX9YO70/view?usp=drive_web,,https://yandex.ru/archive/catalog/16cce40c-3447-4f25-a35d-23b11c6b624b/93,,,,,,,,11.01.1742,,
rec_199_b,,Метричні книги,b,Запис про народження,,,https://drive.google.com/file/d/1qKt80rhRVNrKjZzrK2yygoSlkMSXyQNg/view?usp=drive_web,,https://yandex.ru/archive/catalog/6acfbdec-8239-448f-8f55-d3fd60152958/151,,,,,,,,12.01.1753,,
rec_200_b,,Метричні книги,b,Запис про народження,,,https://drive.google.com/file/d/1Dx9eFk7d0ga109rt8NdTQ45kaeElKsVL/view?usp=drive_web,,https://yandex.ru/archive/catalog/8d4acd28-eca2-497d-8750-b8f8babcc07a/402,,,,,,,,05.04.1752,,
rec_203_b,,Метричні книги,b,Запис про народження,,,https://drive.google.com/file/d/1krOUJtYnDz31-XE7rab75IrVtWLmZnNN/view?usp=drive_web,,https://yandex.ru/archive/catalog/44d7fa4c-6d99-420e-bfee-bac828b5a344/388,,,,,,,,24.11.1770,,
rec_208_b,,Метричні книги,b,Запис про народження,,,https://drive.google.com/file/d/1S7Vj2-Ouh0guTlT6HvYmulgT4FhaNXjv/view?usp=drive_web,,https://yandex.ru/archive/catalog/6acfbdec-8239-448f-8f55-d3fd60152958/87,,,,,,,,27.10.1753,,
rec_209_b,,Метричні книги,b,Запис про народження,,,https://drive.google.com/file/d/1P05Taqa4s7WktEYBrScDMcyFMR3fhWpe/view?usp=drive_web,,https://yandex.ru/archive/catalog/44d7fa4c-6d99-420e-bfee-bac828b5a344/387,,,,,,,,03.02.1770,,
rec_211_b,,Метричні книги,b,Запис про народження,,,https://drive.google.com/file/d/1ZIgbKWM8SNEj6xqqu98P-3NNFeOsCNLE/view?usp=drive_web,,https://yandex.ru/archive/catalog/0729b1f4-1da7-4bb7-bd81-f390cdf8eae7/61,,,,,,,,03.02.1773,,
rec_212_b,,Метричні книги,b,Запис про народження,,,https://drive.google.com/file/d/1DzBB3XXzZkn7ly1SxMANb5CrvsSCU32u/view?usp=drive_web,,https://yandex.ru/archive/catalog/323f7edb-9792-4c46-94b3-ca83160524da/104,,,,,,,,13.03.1743,,
rec_216_b,,Метричні книги,b,Запис про народження,,,https://drive.google.com/file/d/1npgADdAzAnRSn-L3NeI_Byh_Q3ioCCNM/view?usp=drive_web,,https://yandex.ru/archive/catalog/a6452de3-b577-4e71-906a-f8e0175e46cc/98,,,,,,,,20.04.1794,28.04.1794,
rec_217_b,,Метричні книги,b,Запис про народження,,,https://drive.google.com/file/d/1piDCuCj6IFgqbM1hgG_tA8vEZiFpEn71/view?usp=drive_web,,https://yandex.ru/archive/catalog/a6452de3-b577-4e71-906a-f8e0175e46cc/93,,,,,,,,22.07.1793,22.07.1793,
rec_219_b,,Метричні книги,b,Запис про народження,,,https://drive.google.com/file/d/1Y06ycev_2p6f1JEx6FegU9nxxRv9yPpv/view?usp=drive_web,,https://yandex.ru/archive/catalog/ad030d2e-11e5-4cbd-92bc-26ff47bd58a6/103,,,,,,,,05.02.1778,,
rec_221_b,,Метричні книги,b,Запис про народження,,,https://drive.google.com/file/d/1HGgR-JKW9So_ITdQ4Is7a8jJIU5kaykP/view?usp=drive_web,,https://yandex.ru/archive/catalog/45daab97-4773-47b7-84a1-4bb948bf08e8/48,,,,,,,,21.05.1774,,
rec_222_b,,Метричні книги,b,Запис про народження,,,https://drive.google.com/file/d/1Xk5sIitZDcoaUPv1CSx_U1KcjmdNzyHQ/view?usp=drive_web,,https://yandex.ru/archive/catalog/a6452de3-b577-4e71-906a-f8e0175e46cc/115,,,,,,,,05.10.1797,11.10.1797,
rec_223_b,,Метричні книги,b,Запис про народження,,,https://drive.google.com/file/d/1ESFWIOMWtYxbLcmeJPTuq7Ltdic16ZSk/view?usp=drive_web,,https://yandex.ru/archive/catalog/a6452de3-b577-4e71-906a-f8e0175e46cc/116,,,,,,,,07.11.1797,11.11.1797,
rec_240_b-1,,Метричні книги,b,Запис про народження,,,https://drive.google.com/file/d/1pEvpcYxUK9r5uRJsNS8vEDH-V_O1DCEI/view?usp=drive_web,,https://www.familysearch.org/ark:/61903/3:1:33S7-9RS8-S1X?i=7&wc=QV6D-42B%3A180600901%2C192872401%2C192903801&cc=1910265&lang=uk,,,,,,,,,,
rec_240_b,,Метричні книги,b,Запис про народження,,,https://drive.google.com/file/d/1BoguN3Bx8P4_E1x0f2oVdANRUBmtNE33/view?usp=drive_web,,https://www.familysearch.org/ark:/61903/3:1:33SQ-GRS8-SNM?i=49&wc=QV6D-42B%3A180600901%2C192872401%2C192903801&cc=1910265&lang=uk,,,,,,,,01.03.1780,,
rec_241_b-2,,Метричні книги,b,Запис про народження,,,https://drive.google.com/file/d/1A-wv4YfEvCDDW3DMRcpila6PnaOS3tR1/view?usp=drive_web,,https://www.familysearch.org/ark:/61903/3:1:3Q9M-C9PT-Q99Q-B?cat=2997966&i=1&lang=uk,,,,,,,,,,
rec_241_b-1,,Метричні книги,b,Запис про народження,,,https://drive.google.com/file/d/1usD8GSr2WZ-k1ySfXsdU2FBtRLSoxly5/view?usp=drive_web,,https://www.familysearch.org/ark:/61903/3:1:33SQ-GRS8-SN4?i=37&wc=QV6D-42B%3A180600901%2C192872401%2C192903801&cc=1910265&lang=uk,,,,,,,,,,
rec_241_b,,Метричні книги,b,Запис про народження,,,https://drive.google.com/file/d/1UgNvTkfnHCYc5TGmNsyzN2_t6hTTKX07/view?usp=drive_web,,https://www.familysearch.org/ark:/61903/3:1:33SQ-GRS8-SVM?i=34&wc=QV6D-42B%3A180600901%2C192872401%2C192903801&cc=1910265&lang=uk,,,,,,,,13.07.1784,,
rec_246_b,,Метричні книги,b,Запис про народження,,,https://drive.google.com/file/d/1XFf_sptn2zcfPaP_5iWjUwGKLSzvuEh0/view?usp=drive_web,,https://www.familysearch.org/ark:/61903/3:1:33S7-9RSJ-NZ9?wc=QVG9-F3B%3A180600901%2C204054701%2C204054702%26cc%3D1910265&lang=uk&i=16&cc=1910265,,,,,,,,15.02.1794,,
rec_247_b,,Метричні книги,b,Запис про народження,,,https://drive.google.com/file/d/1IgNR7XD79hlnGYauaqrFWOQSJHxybf_J/view?usp=drive_web,,https://www.familysearch.org/ark:/61903/3:1:33SQ-GRSJ-F1L?wc=QVG9-F3B%3A180600901%2C204054701%2C204054702%26cc%3D1910265&lang=uk&i=10&cc=1910265,,,,,,,,29.10.1789,,
rec_250_b,,Метричні книги,b,Запис про народження,,,https://drive.google.com/file/d/14BHRmFxnvOHDv_L8PFdMQImm7lCqCX_b/view?usp=drive_web,,https://archium.tsdial.archives.gov.ua/static/files/165/1659893.jpg,,,,,,,,04.09.1785,,
rec_254_b,,Метричні книги,b,Запис про народження,,,https://drive.google.com/file/d/1tzMBygDp4SyzP48eIw-y-ApeKU30nLUG/view?usp=drive_web,,https://www.familysearch.org/ark:/61903/3:1:3Q9M-C9PT-Q9MV-W?cat=2997966&i=11&lang=uk,,,,,,,,06.10.1790,,
rec_294_b,,Метричні книги,b,Запис про народження,,,https://drive.google.com/file/d/1y0BVg9seQbrR0K-Ijj3rQWkJdgyk9pKA/view?usp=drive_web,,https://www.familysearch.org/ark:/61903/3:1:33SQ-GGFW-GBR?i=112&wc=Q866-NNF%3A375541101%2C378598501%2C379069801%2C379587301&cc=1921824&lang=uk,,,,,,,,08.04.1741,,
rec_296_b,,Метричні книги,b,Запис про народження,,,https://drive.google.com/file/d/1MbW9iOHTyFrIjM1yZCoaJMtwRhQ6SOty/view?usp=drive_web,,https://www.familysearch.org/ark:/61903/3:1:33SQ-GGFK-8N3?i=38&wc=Q866-NGB%3A375541101%2C378598501%2C379069801%2C379914701&cc=1921824&lang=uk,,,,,,,,07.09.1726,,
rec_302_b,,Метричні книги,b,Запис про народження,,,https://drive.google.com/file/d/1rp60WaRKRDGHBDxxO0pJckRig80zIlhS/view?usp=drive_web,,https://www.familysearch.org/ark:/61903/3:1:33SQ-GGFW-GGQ?i=6&wc=Q866-NN5%3A375541101%2C378598501%2C379069801%2C379582401&cc=1921824&lang=uk,,,,,,,,08.01.1732,,
rec_320_b,,Метричні книги,b,Запис про народження,,,https://drive.google.com/file/d/1KNbpfWcMWA2fYFEQczidwo_qKHcBbZIW/view?usp=drive_web,,https://www.familysearch.org/ark:/61903/3:1:33SQ-GGN6-617?i=154&wc=Q866-VDL%3A375541101%2C378598501%2C379069801%2C379957001&cc=1921824&lang=uk,,,,,,,,30.03.1743,,
rec_322_b,,Метричні книги,b,Запис про народження,,,https://drive.google.com/file/d/1JO5y56IsePJASUOO39CB2GRqYrGxOCLJ/view?usp=drive_web,,https://www.familysearch.org/ark:/61903/3:1:33SQ-GGNR-GGS?i=62&wc=Q866-VYS%3A375541101%2C386924701%2C387029201%2C387099501&cc=1921824&lang=uk,,,,,,,,09.06.1737,,
rec_327_b,,Метричні книги,b,Запис про народження,,,https://drive.google.com/file/d/1UPMvIagsV3AkmEv7-LQbx40VfboHbFZx/view?usp=drive_web,,https://www.familysearch.org/ark:/61903/3:1:33S7-9GFK-FZ7?i=81&wc=Q866-NGX%3A375541101%2C378598501%2C379069801%2C379918901&cc=1921824&lang=uk,,,,,,,,04.12.1753,,
rec_328_b,,Метричні книги,b,Запис про народження,,,https://drive.google.com/file/d/1jEFylQZCSw2qceWL7oYl-GZr_Ht1OEJs/view?usp=drive_web,,https://www.familysearch.org/ark:/61903/3:1:33SQ-GGN6-2BF?i=129&wc=Q866-VXX%3A375541101%2C378598501%2C379069801%2C379939701&cc=1921824&lang=uk,,,,,,,,03.10.1733,,
rec_330_b,,Метричні книги,b,Запис про народження,,,https://drive.google.com/file/d/1X7jE2yk9Cko5vQ4CpnVhif-rM30uUwCZ/view?usp=drive_web,,https://www.familysearch.org/ark:/61903/3:1:33SQ-GGNX-4T1?i=152&wc=Q866-VL9%3A375541101%2C378598501%2C379069801%2C379942501&cc=1921824&lang=uk,,,,,,,,08.06.1734,,
rec_331_b,,Метричні книги,b,Запис про народження,,,https://drive.google.com/file/d/1pEIiYExZGRRoDIa7mUpQfxYHLvuMfIh7/view?usp=drive_web,,https://www.familysearch.org/ark:/61903/3:1:33SQ-GGFQ-9VBG?i=172&wc=Q866-N3N%3A375541101%2C378598501%2C379069801%2C379572201&cc=1921824&lang=uk,,,,,,,,21.08.1731,,
rec_334_b,,Метричні книги,b,Запис про народження,,,https://drive.google.com/file/d/1QRTOD0pENmARHxARLvTRaPLoAYdzyaJl/view?usp=drive_web,,https://www.familysearch.org/ark:/61903/3:1:33S7-9GN6-23S?i=125&wc=Q866-VXX%3A375541101%2C378598501%2C379069801%2C379939701&cc=1921824&lang=uk,,,,,,,,29.06.1733,,
rec_335_b,,Метричні книги,b,Запис про народження,,,https://drive.google.com/file/d/15vgGFqR_XnpT4rdZHUZEj2_sb5zpDoPj/view?usp=drive_web,,https://www.familysearch.org/ark:/61903/3:1:33S7-9GNX-4FB?i=147&cc=1921824&personaUrl=%2Fark%3A%2F61903%2F1%3A1%3A62FW-X46L&lang=uk,,,,,,,,14.10.1734,,
rec_337_b,,Метричні книги,b,Запис про народження,,,https://drive.google.com/file/d/1vp_8jJ41mqChkDf35UfwyjFsloCaT3zQ/view?usp=drive_web,,https://www.familysearch.org/ark:/61903/3:1:33S7-9GFQ-9VHW?i=154&wc=Q866-N3N%3A375541101%2C378598501%2C379069801%2C379572201&cc=1921824&lang=uk,,,,,,,,29.10.1731,,
rec_344_b,,Метричні книги,b,Запис про народження,,,https://drive.google.com/file/d/1QRTOD0pENmARHxARLvTRaPLoAYdzyaJl/view?usp=drive_web,,https://www.familysearch.org/ark:/61903/3:1:33S7-9GN6-23S?i=125&wc=Q866-VXX%3A375541101%2C378598501%2C379069801%2C379939701&cc=1921824&lang=uk,,,,,,,,01.09.1733,,
rec_349_b,,Метричні книги,b,Запис про народження,,,https://drive.google.com/file/d/1qy21L3OQ33C2An-4DNtvt6VoFWQtr2d8/view?usp=drive_web,,https://www.familysearch.org/ark:/61903/3:1:33S7-9GFM-9X2D?i=160&wc=Q866-FKL%3A375541101%2C378598501%2C379069801%2C379576201&cc=1921824&lang=uk,,,,,,,,03.05.1737,,
rec_367_b,,Метричні книги,b,Запис про народження,,,https://drive.google.com/file/d/1TVggao7SEgbcq-XNAylVdQoIVeU16g9k/view?usp=drive_web,,https://www.familysearch.org/ark:/61903/3:1:33SQ-GGFQ-9KM2?i=153&wc=Q866-N3N%3A375541101%2C378598501%2C379069801%2C379572201&cc=1921824&lang=uk,,,,,,,,04.07.1731,,
rec_368_b,,Метричні книги,b,Запис про народження,,,https://drive.google.com/file/d/1VaPzIASTb3vGCWeo4nQjkUF8oAtIgaC0/view?usp=drive_web,,https://www.familysearch.org/ark:/61903/3:1:33SQ-GGFW-L7M?i=143&wc=Q866-NNL%3A375541101%2C378598501%2C379069801%2C379583601&cc=1921824&lang=uk,,,,,,,,21.02.1740,,
rec_369_b,,Метричні книги,b,Запис про народження,,,https://drive.google.com/file/d/1SCIDCCg4bpZ0NMlGohGdmSKex7wz-xvZ/view?usp=drive_web,,https://www.familysearch.org/ark:/61903/3:1:33SQ-GGJ9-RPB?i=162&wc=Q866-KCF%3A375541101%2C378598501%2C379069801%2C379950801&cc=1921824&lang=uk,,,,,,,,11.07.1739,,
rec_372_b,,Метричні книги,b,Запис про народження,,,https://drive.google.com/file/d/1SCIDCCg4bpZ0NMlGohGdmSKex7wz-xvZ/view?usp=drive_web,,https://www.familysearch.org/ark:/61903/3:1:33SQ-GGJ9-RPB?i=162&wc=Q866-KCF%3A375541101%2C378598501%2C379069801%2C379950801&cc=1921824&lang=uk,,,,,,,,18.06.1739,,
rec_373_b,,Метричні книги,b,Запис про народження,,,https://drive.google.com/file/d/1ZsS9JZaca9Z_bnW83PL4eapOO5_LCoEt/view?usp=drive_web,,https://www.familysearch.org/ark:/61903/3:1:33SQ-GGJ9-RR3?i=121&wc=Q866-KCF%3A375541101%2C378598501%2C379069801%2C379950801&cc=1921824&lang=uk,,,,,,,,01.03.1739,,
rec_377_b,,Метричні книги,b,Запис про народження,,,https://drive.google.com/file/d/1VdThuy0HJcrOyLidwd03gG5KA9-Ok0c6/view?usp=drive_web,,https://www.familysearch.org/ark:/61903/3:1:33S7-9GFW-KGM?i=136&wc=Q866-NNL%3A375541101%2C378598501%2C379069801%2C379583601&cc=1921824&lang=uk,,,,,,,,01.03.1740,,
rec_404_b,,Метричні книги,b,Запис про народження,,,https://drive.google.com/file/d/1yCKodby8bwHnc1Xn88vz42mC-ffbVNkg/view?usp=drive_web,,https://yandex.ru/archive/catalog/323f7edb-9792-4c46-94b3-ca83160524da/105,,,,,,,,09.10.1743,,
rec_406_b,,Метричні книги,b,Запис про народження,,,https://drive.google.com/file/d/1N4kfd0djepmETD8STVhjFa0e0kPjPGq-/view?usp=drive_web,,https://ya.ru/archive/catalog/56521624-869c-455c-9157-c3225e2722f3/17,,,,,,,,09.05.1740,,
rec_410_b,,Метричні книги,b,Запис про народження,,,https://drive.google.com/file/d/1n8Z6FhGPQXQ_axS_px-TRwr6U1fYwqY6/view?usp=drive_web,,https://ya.ru/archive/catalog/1e911206-995e-4c60-bfcd-d029426c8d6f/126,,,,,,,,20.11.1737,,
rec_414_b,,Метричні книги,b,Запис про народження,,,https://drive.google.com/file/d/1G5qAearRGpMF7VjU0Q-9k8SnYWC4mB1C/view?usp=drive_web,,https://yandex.ru/archive/catalog/8744f1a9-1c6b-443f-80d1-8c121f095305/363,,,,,,,,18.09.1747,,
rec_418_b,,Метричні книги,b,Запис про народження,,,https://drive.google.com/file/d/1n8Z6FhGPQXQ_axS_px-TRwr6U1fYwqY6/view?usp=drive_web,,https://ya.ru/archive/catalog/1e911206-995e-4c60-bfcd-d029426c8d6f/126,,,,,,,,13.08.1737,,
rec_419_b,,Метричні книги,b,Запис про народження,,,https://drive.google.com/file/d/16ivRK5RDVvYXmXWYXcq1QnfsdzGD0xlk/view?usp=drive_web,,https://ya.ru/archive/catalog/64ac68d1-3949-451f-9a83-b32a9c98e136/73,,,,,,,,16.04.1744,,
rec_432_b,,Метричні книги,b,Запис про народження,,,https://drive.google.com/file/d/1fegYZsjO5eMmiHpna51aMKso-LqQ7Zoz/view?usp=drive_web,,https://yandex.ru/archive/catalog/0729b1f4-1da7-4bb7-bd81-f390cdf8eae7/62,,,,,,,,12.08.1773,,
rec_436_b,,Метричні книги,b,Запис про народження,,,https://drive.google.com/file/d/1S7Vj2-Ouh0guTlT6HvYmulgT4FhaNXjv/view?usp=drive_web,,https://yandex.ru/archive/catalog/6acfbdec-8239-448f-8f55-d3fd60152958/87,,,,,,,,09.10.1753,,
rec_438_b,,Метричні книги,b,Запис про народження,,,https://drive.google.com/file/d/1G5qAearRGpMF7VjU0Q-9k8SnYWC4mB1C/view?usp=drive_web,,https://yandex.ru/archive/catalog/8744f1a9-1c6b-443f-80d1-8c121f095305/363,,,,,,,,01.01.1747,,
rec_440_b,,Метричні книги,b,Запис про народження,,,https://drive.google.com/file/d/1sHQxaVZdANdwQQ1Nw6T-4xwjdaGzJi7d/view?usp=drive_web,,https://yandex.ru/archive/catalog/43529b06-ecdd-4711-9835-f6c33f7a8fc7/79,,,,,,,,18.03.1749,,
rec_442_b,,Метричні книги,b,Запис про народження,,,https://drive.google.com/file/d/1N4kfd0djepmETD8STVhjFa0e0kPjPGq-/view?usp=drive_web,,https://ya.ru/archive/catalog/56521624-869c-455c-9157-c3225e2722f3/17,,,,,,,,18.06.1740,,
rec_444_b,,Метричні книги,b,Запис про народження,,,https://drive.google.com/file/d/1gwDBzwKuKxfk3ObE0zaJ_vvaashI8dvN/view?usp=drive_web,,https://ya.ru/archive/catalog/5de18575-5b0c-45e7-8653-27e4636e329d/172,,,,,,,,01.09.1776,,
rec_445_b,,Метричні книги,b,Запис про народження,,,https://drive.google.com/file/d/1rpIDDFWK6-Wix9KaBwzACvsj-lU8yv3L/view?usp=drive_web,,https://ya.ru/archive/catalog/45daab97-4773-47b7-84a1-4bb948bf08e8/48,,,,,,,,23.06.1774,,
rec_867_b,,Метричні книги,b,Запис про народження,,,https://drive.google.com/file/d/1VOKx7QUcjHqq4SyfngCmOwAfhVb4jWzS/view?usp=drive_web,,https://yandex.ru/archive/catalog/3199310f-ee0a-4c9e-a9ed-aa7dba36b328/192,,,,,,,,04.07.1755,,
rec_868_b,,Метричні книги,b,Запис про народження,,,https://drive.google.com/file/d/1ua9vqSsZ-Vs4zB-vrE7FiF23CD_rSxfE/view?usp=drive_web,,https://yandex.ru/archive/catalog/16cce40c-3447-4f25-a35d-23b11c6b624b/112,,,,,,,,03.10.1742,,
rec_890_b,,Метричні книги,b,Запис про народження,,,https://drive.google.com/file/d/1Bu9BbmDm6ZkV68zAR-j0ycBK5D46sSz-/view?usp=drive_web,,https://yandex.ru/archive/catalog/21bc0faa-fdd1-4fcb-a726-f6480ab91354/50,,,,,,,,27.04.1745,,
rec_892_b,,Метричні книги,b,Запис про народження,,,https://drive.google.com/file/d/14ig3gYEq866mJJ9n7BTVc3D31dnyO9jt/view?usp=drive_web,,https://yandex.ru/archive/catalog/6acfbdec-8239-448f-8f55-d3fd60152958/86,,,,,,,,13.03.1753,,
rec_6_m,,Метричні книги,m,Запис про шлюб,,,https://drive.google.com/file/d/1aRd7YkyGA38uEJf9tjgvFq2uG2GGITjP/view?usp=drive_web,,,,,,,,,,14,12,1945
rec_10_m,,Метричні книги,m,Запис про шлюб,,,https://drive.google.com/file/d/1BfZ5qNjJ1P8G9GOEmz9Fmb5KGrG-9PK4/view?usp=drive_web,,,,,,,,,,31,1,1914
rec_12_m-1,,Метричні книги,m,Запис про шлюб,,,https://drive.google.com/file/d/1B57mnQKZ5b2j-qhlDqNfKwvx_q2Gl5tq/view?usp=drive_web,,https://yandex.ru/archive/catalog/d8fedec9-7584-4e51-bbd5-473dd06709ed/31,,,,,,,,9,4,1906
rec_12_m,,Метричні книги,m,Запис про шлюб,,,https://drive.google.com/file/d/1lWLRdHojNEtKSVMiNvQVTjag-jMAw37a/view?usp=drive_web,,https://yandex.ru/archive/catalog/8c45fdc5-9dfa-4ee5-b691-329a7d5ee12e/428,,,,,,,,,,
rec_14_m,,Метричні книги,m,Запис про шлюб,,,https://drive.google.com/file/d/1vkdbeoJffZtsJ-EjZ2iI1Me4MACKKzKB/view?usp=drive_web,,https://www.familysearch.org/ark:/61903/3:1:3QHJ-L7MT-SZ2G?view=explore&groupId=TH-7749-135685-7659-56&lang=uk,,,,,,,,12,9,1920
rec_16_m,,Метричні книги,m,Запис про шлюб,,,https://drive.google.com/file/d/1PxDUu5WJsfCrCY3GiadV-7bhtlvQb3DY/view?usp=drive_web,,https://www.familysearch.org/ark:/61903/3:1:33SQ-GGJ9-9QL6?i=1714&wc=Q866-N5J%3A375541101%2C375541102%2C376745401%2C378167801&cc=1921824&lang=uk,,,,,,,,30,1,1856
rec_22_m,,Метричні книги,m,Запис про шлюб,,,https://drive.google.com/file/d/1bqgvZLO3djHh95rwXatpRRMhUFhfttvW/view?usp=drive_web,,,,,,,,,,30,6,1882
rec_24_m,,Метричні книги,m,Запис про шлюб,,,https://drive.google.com/file/d/1O6oKNoBvSJWX3tl9VNTcNiRQaQTazQAH/view?usp=drive_web,,https://yandex.ru/archive/catalog/0e386c58-27d1-4196-987f-e3ee7e238b42/81,,,,,,,,1,6,1870
rec_26_m-1,,Метричні книги,m,Запис про шлюб,,,https://drive.google.com/file/d/12S8nuXgwyTIDpiTzhXkjJwpkJAy0FFlX/view?usp=drive_web,,https://yandex.ru/archive/catalog/c920e1b2-54ff-45e6-b99b-a82a934077ca/234,,,,,,,,19,9,1886
rec_26_m,,Метричні книги,m,Запис про шлюб,,,https://drive.google.com/file/d/1BO25JNnbuqyC420mmWe1jE1SImEQ3cs1/view?usp=drive_web,,https://yandex.ru/archive/catalog/7baf44a2-ccfd-49ff-ae6f-88d094fe40df/412,,,,,,,,,,
rec_28_m,,Метричні книги,m,Запис про шлюб,,,https://drive.google.com/file/d/1rk3hztnbrqoLu0waJ9ytenfjeopPihHA/view?usp=drive_web,,https://www.familysearch.org/ark:/61903/3:1:3QHJ-XQPV-YN82?view=explore&groupId=TH-7724-129267-14744-31&lang=uk,,,,,,,,19,11,1876
rec_30_m-1,,Метричні книги,m,Запис про шлюб,,,https://drive.google.com/file/d/1FxZf8WXBiyKK9MjpaeL7Y2ZFzdLxbbWL/view?usp=drive_web,,http://agadd2.home.net.pl/metrykalia/298/sygn.%2088/album/index.html#img=1_298_0_0_88_0129.jpg,,,,,,,,8,11,1887
rec_30_m,,Метричні книги,m,Запис про шлюб,,,https://drive.google.com/file/d/1unLN3Qm5iPKa4l9ZZHExpLrGeVptJrsH/view?usp=drive_web,,https://www.familysearch.org/ark:/61903/3:1:3QHJ-JQPV-YN8P?view=explore&groupId=TH-7724-129267-14744-31&lang=uk,,,,,,,,,,
rec_32_m,,Метричні книги,m,Запис про шлюб,,,https://drive.google.com/file/d/1UjWr99OmXEUiZd7okZMUTTRt26jND2aA/view?usp=drive_web,,https://www.familysearch.org/ark:/61903/3:1:33S7-9GN5-RX4?i=1426&wc=Q866-X57%3A375541101%2C375541102%2C376745401%2C377407601&cc=1921824&lang=uk,,,,,,,,18,1,1826
rec_34_m,,Метричні книги,m,Запис про шлюб,,,https://drive.google.com/file/d/1fzX1tq_j7xKg3gVk9TLHIz4XM8QWsw06/view?usp=drive_web,,https://www.familysearch.org/ark:/61903/3:1:33SQ-GGN5-HSJ?view=index&personArk=%2Fark%3A%2F61903%2F1%3A1%3A6PT7-HN6L&action=view&lang=uk&groupId=M9SZ-RLW,,,,,,,,18,1,1833
rec_36_m,,Метричні книги,m,Запис про шлюб,,,https://drive.google.com/file/d/1fw1wXpE7Xd4dm8C5omp6S8q6bZqs38TD/view?usp=drive_web,,https://www.familysearch.org/ark:/61903/3:1:33SQ-GGJM-FT1?i=1474&wc=Q866-XG2%3A375541101%2C375541102%2C376745401%2C377473801&cc=1921824&lang=uk,,,,,,,,7,10,1834
rec_38_m,,Метричні книги,m,Запис про шлюб,,,https://drive.google.com/file/d/1_2NcfRPpWhIiY8Wb85JFLwckN5oNZLgi/view?usp=drive_web,,https://www.familysearch.org/ark:/61903/3:1:33S7-9GN5-R8D?i=1495&wc=Q866-X57%3A375541101%2C375541102%2C376745401%2C377407601&cc=1921824&lang=uk,,,,,,,,21,2,1826
rec_40_m,,Метричні книги,m,Запис про шлюб,,,https://drive.google.com/file/d/19oCrveS6wDmzG3LT7aowKLW4_Nj80q6z/view?usp=drive_web,,https://www.familysearch.org/ark:/61903/3:1:33SQ-GGN3-7XL?i=153&wc=Q866-J8Q%3A375541101%2C375541102%2C376745401%2C378375701&cc=1921824&lang=uk,,,,,,,,15,2,1850
rec_42_m,,Метричні книги,m,Запис про шлюб,,,https://drive.google.com/file/d/1gRb4j6V-yBFNPIz9nRDBXfiN-BYkJZty/view?usp=drive_web,,https://www.familysearch.org/ark:/61903/3:1:33S7-9GF1-9Z4K?i=556&wc=Q866-JSW%3A375541101%2C375541102%2C376745401%2C378277801&cc=1921824&lang=uk,,,,,,,,26,1,1844
rec_44_m,,Метричні книги,m,Запис про шлюб,,,https://drive.google.com/file/d/1cXZCVAVkbJLhC5_FxFOGHw3QKvqTg-M4/view?usp=drive_web,,https://www.familysearch.org/ark:/61903/3:1:33S7-9GFT-7R1?i=953&wc=Q866-JZK%3A375541101%2C375541102%2C376745401%2C378350101&cc=1921824&lang=uk,,,,,,,,31,1,1849
rec_46_m,,Метричні книги,m,Запис про шлюб,,,https://drive.google.com/file/d/1ncRMiq4wGfyNbxSPNdHFY_foo8YmaMV_/view?usp=drive_web,,https://www.familysearch.org/ark:/61903/3:1:33SQ-GGFR-3YB?i=658&wc=Q866-NQ9%3A375541101%2C375541102%2C376745401%2C377936101&cc=1921824&lang=uk,,,,,,,,25,1,1839
rec_48_m,,Метричні книги,m,Запис про шлюб,,,https://drive.google.com/file/d/1BbjtkDbzCOEjzhqrAraQuOqV-oAOw-sE/view?usp=drive_web,,,,,,,,,,24,7,1849
rec_50_m,,Метричні книги,m,Запис про шлюб,,,https://drive.google.com/file/d/1jlNX_pCzDav43olEoMsREHZTxQvUrhdX/view?usp=drive_web,,,,,,,,,,26,9,1848
rec_52_m,,Метричні книги,m,Запис про шлюб,,,https://drive.google.com/file/d/1rbXBt46zNYd3Oxl1Hn2nf3z5sesHMzl0/view?usp=drive_web,,,,,,,,,,7,1,1844
rec_54_m,,Метричні книги,m,Запис про шлюб,,,https://drive.google.com/file/d/1fT5xM4lBMfg8fUxysV_yvGGxuHUE_7Xz/view?usp=drive_web,,,,,,,,,,8,7,1853
rec_58_m,,Метричні книги,m,Запис про шлюб,,,https://drive.google.com/file/d/13VZ6pVm9tYRvtMLno08OM2k6iO5xg8w2/view?usp=drive_web,,https://www.familysearch.org/ark:/61903/3:1:3Q9M-C9PT-Q993-Q?cat=2997966&i=348&lang=uk,,,,,,,,25,11,1838
rec_64_m,,Метричні книги,m,Запис про шлюб,,,https://drive.google.com/file/d/15Op-Az3SYMz0mOHyXuNtae0uCgi7DkNf/view?usp=drive_web,,https://www.familysearch.org/ark:/61903/3:1:33SQ-GGFR-9XMQ?i=232&wc=Q866-JN9%3A375541101%2C375541102%2C376745401%2C378149701&cc=1921824&lang=uk,,,,,,,,17,5,1803
rec_66_m,,Метричні книги,m,Запис про шлюб,,,https://drive.google.com/file/d/1cR753acfc7_7vW5_yFQrWx2W5Ppx9TDb/view?usp=drive_web,,https://www.familysearch.org/ark:/61903/3:1:33S7-9GF5-9Z7D?i=129&wc=Q866-J43%3A375541101%2C375541102%2C376745401%2C378134501&cc=1921824&lang=uk,,,,,,,,20,2,1799
rec_68_m,,Метричні книги,m,Запис про шлюб,,,https://drive.google.com/file/d/1cR753acfc7_7vW5_yFQrWx2W5Ppx9TDb/view?usp=drive_web,,https://www.familysearch.org/ark:/61903/3:1:33S7-9GF5-9Z7D?i=129&wc=Q866-J43%3A375541101%2C375541102%2C376745401%2C378134501&cc=1921824&lang=uk,,,,,,,,6,10,1799
rec_70_m-1,,Метричні книги,m,Запис про шлюб,,,https://drive.google.com/file/d/1iugHm0aq841ruQYNREqSVuwKHR3bja4t/view?usp=drive_web,,https://www.familysearch.org/ark:/61903/3:1:939N-SYCJ-2?i=283&wc=Q866-8MR%3A375541101%2C375541102%2C375541103%2C375636401&cc=1921824&lang=uk,,,,,,,,11,10,1810
rec_70_m,,Метричні книги,m,Запис про шлюб,,,https://drive.google.com/file/d/1-f_dKd_xp3_a6ogYsZgi-r-OypvJhUdK/view?usp=drive_web,,https://www.familysearch.org/ark:/61903/3:1:939N-SYX8-M?i=286&wc=Q866-8MG%3A375541101%2C375541102%2C375541103%2C375590001&cc=1921824&lang=uk,,,,,,,,6,10,1809
rec_72_m,,Метричні книги,m,Запис про шлюб,,,https://drive.google.com/file/d/1fuVAlYPZe1gQurx-XOaLu2SMs7D-828v/view?usp=drive_web,,familysearch.org/ark:/61903/3:1:939N-SYF4-T?i=277&wc=Q866-8M5%3A375541101%2C375541102%2C375541103%2C375703201&cc=1921824,,,,,,,,12,11,1811
rec_74_m,,Метричні книги,m,Запис про шлюб,,,https://drive.google.com/file/d/1kiRBQMiUIAQJmVWP_PAn-jLLw3550Zo7/view?usp=drive_web,,https://www.familysearch.org/ark:/61903/3:1:33S7-9GFR-WPJ?i=282&wc=Q866-NPL%3A375541101%2C375541102%2C376745401%2C378161901&cc=1921824&lang=uk,,,,,,,,6,2,1805
rec_76_m,,Метричні книги,m,Запис про шлюб,,,https://drive.google.com/file/d/1g1nXI_dgjMoxWm8B88KlafawjhJBJCRv/view?usp=drive_web,,https://www.familysearch.org/ark:/61903/3:1:33SQ-GGX8-9JZ4?i=212&wc=Q866-F3W%3A375541101%2C375541102%2C376745401%2C376798701&cc=1921824&lang=uk,,,,,,,,,1,1796
rec_78_m,,Метричні книги,m,Запис про шлюб,,,https://drive.google.com/file/d/147GZ8xpEYBcBtnI1pAz8zft1Ui83L3aP/view?usp=drive_web,,https://www.familysearch.org/ark:/61903/3:1:33S7-9GX8-9N8S?i=142&wc=Q866-F3D%3A375541101%2C375541102%2C376745401%2C376824301&cc=1921824&lang=uk,,,,,,,,14,1,1798
rec_80_m,,Метричні книги,m,Запис про шлюб,,,https://drive.google.com/file/d/1gUAszaVoWYoxhFcceqZI3Xq17MT8FvJo/view?usp=drive_web,,https://www.familysearch.org/ark:/61903/3:1:33SQ-GGJ9-9KBB?i=841&wc=Q866-KHZ%3A375541101%2C375541102%2C376745401%2C378417201&cc=1921824&lang=uk,,,,,,,,14,2,1823
rec_82_m,,Метричні книги,m,Запис про шлюб,,,https://drive.google.com/file/d/1BaqV8t2NNtTXcwWS9N5jQ7un75lJEAhJ/view?usp=drive_web,,https://www.familysearch.org/ark:/61903/3:1:33S7-9GN1-7RW?i=1266&wc=Q866-VBV%3A375541101%2C375541102%2C376745401%2C378429901&cc=1921824&lang=uk,,,,,,,,6,2,1824
rec_84_m,,Метричні книги,m,Запис про шлюб,,,https://drive.google.com/file/d/1dKXPOl96-vRvvrSSnuFplbqRtyR05H_m/view?usp=drive_web,,https://www.familysearch.org/ark:/61903/3:1:33S7-9TWZ-L3K?i=492&wc=Q866-LCG%3A375541101%2C375541102%2C375541103%2C375764201&cc=1921824&lang=uk,,,,,,,,5,2,1808
rec_86_m,,Метричні книги,m,Запис про шлюб,,,https://drive.google.com/file/d/1Jv1RIjHg827-8fl21o8pLbBEq4cn6gco/view?usp=drive_web,,familysearch.org/ark:/61903/3:1:33SQ-GGJM-NC4?i=376&wc=Q866-K76%3A375541101%2C375541102%2C376745401%2C378390101&cc=1921824,,,,,,,,,1,1812
rec_90_m,,Метричні книги,m,Запис про шлюб,,,https://drive.google.com/file/d/1fhzBUGIrTIpwQtYqAV5ZRX4L1bob3OSY/view?usp=drive_web,,https://www.familysearch.org/ark:/61903/3:1:33SQ-GGXD-992Y?i=425&wc=Q866-FH5%3A375541101%2C375541102%2C376745401%2C377387001&cc=1921824&lang=uk,,,,,,,,30,1,1822
rec_92_m,,Метричні книги,m,Запис про шлюб,,,https://drive.google.com/file/d/11eyEDq1-8IbT8hgbOJo8cHDq967Yn60g/view?usp=drive_web,,https://www.familysearch.org/ark:/61903/3:1:33SQ-GGN1-BZN?i=518&wc=Q866-K3H%3A375541101%2C375541102%2C376745401%2C378397901&cc=1921824&lang=uk,,,,,,,,18,7,1820
rec_94_m,,Метричні книги,m,Запис про шлюб,,,https://drive.google.com/file/d/11TPyPXuTub6ddeAc7AKjem2d5VWdO8sU/view?usp=drive_web,,https://www.familysearch.org/ark:/61903/3:1:939N-SYC8-R?i=449&wc=Q866-8MR%3A375541101%2C375541102%2C375541103%2C375636401&cc=1921824&lang=uk,,,,,,,,11,2,1810
rec_96_m,,Метричні книги,m,Запис про шлюб,,,https://drive.google.com/file/d/1ex4jmf-VpbJ8U-kAYqLvw_tn7qR8XJCm/view?usp=drive_web,,https://yandex.ru/archive/catalog/a6452de3-b577-4e71-906a-f8e0175e46cc/163,,,,,,,,21,9,1804
rec_100_m,,Метричні книги,m,Запис про шлюб,,,https://drive.google.com/file/d/16i_ps5MIWrpPpS0OCKACwEVyzAbH0rVE/view?usp=drive_web,,https://yandex.ru/archive/catalog/a6452de3-b577-4e71-906a-f8e0175e46cc/214,,,,,,,,22,9,1813
rec_102_m,,Метричні книги,m,Запис про шлюб,,,https://drive.google.com/file/d/13BmuiZByUG0rF9PzDSlG6qomhp960JIt/view?usp=drive_web,,https://yandex.ru/archive/catalog/a6452de3-b577-4e71-906a-f8e0175e46cc/195,,,,,,,,18,5,1809
rec_104_m,,Метричні книги,m,Запис про шлюб,,,https://drive.google.com/file/d/1q1bC8sHDhxGFJs6TO4YVl3RcKCZ5P7_b/view?usp=drive_web,,,,,,,,,,3,6,1818
rec_106_m,,Метричні книги,m,Запис про шлюб,,,https://drive.google.com/file/d/1bybs6Tx5tgVF6iXnLgt32En05AXswMm6/view?usp=drive_web,,https://yandex.ru/archive/catalog/a6452de3-b577-4e71-906a-f8e0175e46cc/220,,,,,,,,17,5,1814
rec_108_m,,Метричні книги,m,Запис про шлюб,,,https://drive.google.com/file/d/1BUOjGENLiBGAc1AXLS90kYTEQ6LI6vPE/view?usp=drive_web,,,,,,,,,,23,5,1827
rec_110_m,,Метричні книги,m,Запис про шлюб,,,https://drive.google.com/file/d/16Y_V6YYwzSmqybpK71_H4vqrbsebJFsp/view?usp=drive_web,,,,,,,,,,8,1,1832
rec_112_m-1,,Метричні книги,m,Запис про шлюб,,,https://drive.google.com/file/d/11r_Mt5VQ-Z9uFNLkwglIAOpZ-6-fLYwz/view?usp=drive_web,,https://www.familysearch.org/ark:/61903/3:1:3QHN-P7MD-H9R3?view=explore&groupId=TH-7768-135368-1613-49&lang=uk,,,,,,,,11,11,1798
rec_112_m,,Метричні книги,m,Запис про шлюб,,,https://drive.google.com/file/d/1lJBucnIIK6QM0EkTVw0QCrxxMXbjRX4S/view?usp=drive_web,,https://www.familysearch.org/ark:/61903/3:1:3Q9M-C95P-H9Q7-Z?lang=uk&i=133,,,,,,,,,,
rec_116_m,,Метричні книги,m,Запис про шлюб,,,https://drive.google.com/file/d/1PGKruE96DWxePOH--KzYieSFYRD7OkRj/view?usp=drive_web,,https://www.familysearch.org/ark:/61903/3:1:3Q9M-C9PT-Q1HB?cat=2997966&i=112&lang=uk,,,,,,,,15,2,1807
rec_118_m,,Метричні книги,m,Запис про шлюб,,,https://drive.google.com/file/d/1pICJAp9eghDwGaM2RNOwpQLRVDCwXBAv/view?usp=drive_web,,https://www.familysearch.org/ark:/61903/3:1:33SQ-GRSQ-RM2?i=25&wc=QVFT-CJZ%3A180600901%2C199473901%2C199482701&cc=1910265&lang=uk,,,,,,,,14,7,1798
rec_120_m,,Метричні книги,m,Запис про шлюб,,,https://drive.google.com/file/d/1aR_RRZ0xOCCCsI3tFagylNoG1gaGxdEr/view?usp=drive_web,,https://www.familysearch.org/ark:/61903/3:1:33SQ-GRSJ-F4C?i=18&wc=QVG9-F4W%3A180600901%2C204054701%2C204055801&cc=1910265&lang=uk,,,,,,,,7,11,1832
rec_122_m,,Метричні книги,m,Запис про шлюб,,,https://drive.google.com/file/d/1aR_RRZ0xOCCCsI3tFagylNoG1gaGxdEr/view?usp=drive_web,,https://www.familysearch.org/ark:/61903/3:1:33SQ-GRSJ-F4C?i=18&wc=QVG9-F4W%3A180600901%2C204054701%2C204055801&cc=1910265&lang=uk,,,,,,,,18,2,1832
rec_124_m,,Метричні книги,m,Запис про шлюб,,,https://drive.google.com/file/d/1LeScq141EC0BMFYu5Z_RyKUNg8Q6qOar/view?usp=drive_web,,https://www.familysearch.org/ark:/61903/3:1:33SQ-GRM8-97H8?i=8&wc=QV6D-4YS%3A180600901%2C192508401%2C192584601&cc=1910265&lang=uk,,,,,,,,29,10,1825
rec_126_m,,Метричні книги,m,Запис про шлюб,,,https://drive.google.com/file/d/1-NX4O9hqVn0DjAeo4gDCDrtLChr8qElu/view?usp=drive_web,,https://www.familysearch.org/ark:/61903/3:1:3Q9M-C9PT-Q99X-2?cat=2997966&i=358&lang=uk,,,,,,,,7,2,1839
rec_128_m,,Метричні книги,m,Запис про шлюб,,,https://drive.google.com/file/d/1obX_V6Rdr5g-esMMHzFZuM9xQjYmS2yL/view?usp=drive_web,,https://www.familysearch.org/ark:/61903/3:1:33S7-9GFP-64H?i=171&wc=Q866-NBR%3A375541101%2C375541102%2C376745401%2C378111401&cc=1921824&lang=uk,,,,,,,,28,1,1779
rec_140_m,,Метричні книги,m,Запис про шлюб,,,https://drive.google.com/file/d/1hd3vQWjjUYkRDYMXns2153rcF8DguKkz/view?usp=drive_web,,https://www.familysearch.org/ark:/61903/3:1:33S7-9GFS-JLX?i=165&wc=Q866-FP9%3A375541101%2C375541102%2C376745401%2C378060001&cc=1921824&lang=uk,,,,,,,,25,1,1777
rec_144_m,,Метричні книги,m,Запис про шлюб,,,https://drive.google.com/file/d/1WiBVoNJrIhsNQ_1UK-e7Jn4XDs_noyKR/view?usp=drive_web,,https://www.familysearch.org/ark:/61903/3:1:33S7-9GFP-D4J?i=38&wc=Q866-NB4%3A375541101%2C375541102%2C376745401%2C378113101&cc=1921824&lang=uk,,,,,,,,26,7,1780
rec_146_m,,Метричні книги,m,Запис про шлюб,,,https://drive.google.com/file/d/1I0yPOq1IS-0MyQU9mUQRSZDVe3FvxJHc/view?usp=drive_web,,https://www.familysearch.org/ark:/61903/3:1:33S7-9GX8-JGN?i=212&wc=Q866-XB6%3A375541101%2C375541102%2C376745401%2C376745402&cc=1921824&lang=uk,,,,,,,,2,2,1789
rec_150_m,,Метричні книги,m,Запис про шлюб,,,https://drive.google.com/file/d/1sY0gdCo_NXrRII4HGJN2cwBfQkk52BLS/view?usp=drive_web,,https://www.familysearch.org/ark:/61903/3:1:33SQ-GGFP-D59?i=37&wc=Q866-NB4%3A375541101%2C375541102%2C376745401%2C378113101&cc=1921824&lang=uk,,,,,,,,30,1,1780
rec_152_m,,Метричні книги,m,Запис про шлюб,,,https://drive.google.com/file/d/1TJHGkCSw6sUTQQwo8oe7DwKEe24TVizG/view?usp=drive_web,,https://www.familysearch.org/ark:/61903/3:1:33SQ-GGJ9-W9S?i=153&wc=Q866-NGT%3A375541101%2C380331001%2C381648501%2C382374601&cc=1921824&lang=uk,,,,,,,,6,7,1757
rec_154_m,,Метричні книги,m,Запис про шлюб,,,https://drive.google.com/file/d/10oGBYyyJO2Yn8h9dGoztaokHwnI29Py0/view?usp=drive_web,,https://www.familysearch.org/ark:/61903/3:1:33SQ-GGFK-F63?i=112&wc=Q866-NGD%3A375541101%2C378598501%2C379069801%2C379924701&cc=1921824&lang=uk,,,,,,,,22,2,1755
rec_160_m,,Метричні книги,m,Запис про шлюб,,,https://drive.google.com/file/d/1oTGce9qbN5Bvt3aOJqYdnlsiXlrSW-o0/view?usp=drive_web,,https://www.familysearch.org/ark:/61903/3:1:33S7-9GFP-BXT?i=260&wc=Q866-FWM%3A375541101%2C375541102%2C376745401%2C376788301&cc=1921824&lang=uk,,,,,,,,27,5,1795
rec_162_m,,Метричні книги,m,Запис про шлюб,,,https://drive.google.com/file/d/1SX8nOZVPRIXxFli8O5QuwwJmqKqE3UrO/view?usp=drive_web,,https://www.familysearch.org/ark:/61903/3:1:33S7-9GFR-9XFL?i=68&wc=Q866-JN9%3A375541101%2C375541102%2C376745401%2C378149701&cc=1921824&lang=uk,,,,,,,,4,2,1803
rec_164_m,,Метричні книги,m,Запис про шлюб,,,https://drive.google.com/file/d/1R1XaeUDxoV9ugC4xRPBYc-fp_sCBujO8/view?usp=drive_web,,https://www.familysearch.org/ark:/61903/3:1:33S7-9GF5-SPX?i=43&wc=Q866-J9F%3A375541101%2C375541102%2C376745401%2C378121301&cc=1921824&lang=uk,,,,,,,,,1,1785
rec_166_m,,Метричні книги,m,Запис про шлюб,,,https://drive.google.com/file/d/1b5uYXnJEetbAOJ_cUpsrSOAGPN-YTTg2/view?usp=drive_web,,https://www.familysearch.org/ark:/61903/3:1:33S7-9GX8-VR2?i=75&wc=Q866-XB6%3A375541101%2C375541102%2C376745401%2C376745402&cc=1921824&lang=uk,,,,,,,,,2,1789
rec_168_m,,Метричні книги,m,Запис про шлюб,,,https://drive.google.com/file/d/1urxvhtdmBGnFKpVK_axGKjkCpGZv2IKu/view?usp=drive_web,,https://www.familysearch.org/ark:/61903/3:1:33S7-9GFS-VJT?i=167&wc=Q866-FPX%3A375541101%2C375541102%2C376745401%2C378057101&cc=1921824&lang=uk,,,,,,,,2,2,1776
rec_170_m,,Метричні книги,m,Запис про шлюб,,,https://drive.google.com/file/d/1wqva8W35yLfl5LU8jUtSbjHJnQhLyWa3/view?usp=drive_web,,https://www.familysearch.org/ark:/61903/3:1:33S7-9GXZ-9Q6T?i=29&wc=Q866-F4Q%3A375541101%2C380331001%2C381648501%2C381860301&cc=1921824&lang=uk,,,,,,,,2,2,1774
rec_172_m,,Метричні книги,m,Запис про шлюб,,,https://drive.google.com/file/d/1b5uYXnJEetbAOJ_cUpsrSOAGPN-YTTg2/view?usp=drive_web,,https://www.familysearch.org/ark:/61903/3:1:33S7-9GX8-VR2?i=75&wc=Q866-XB6%3A375541101%2C375541102%2C376745401%2C376745402&cc=1921824&lang=uk,,,,,,,,,2,1789
rec_186_m,,Метричні книги,m,Запис про шлюб,,,https://drive.google.com/file/d/1jgmgEQG8T_0UdemECA1d2GBKtKOCTtwX/view?usp=drive_web,,https://www.familysearch.org/ark:/61903/3:1:33SQ-GGF5-SF5?i=283&wc=Q866-J9L%3A375541101%2C375541102%2C376745401%2C378124101&cc=1921824&lang=uk,,,,,,,,17,2,1784
rec_188_m,,Метричні книги,m,Запис про шлюб,,,https://drive.google.com/file/d/1tZgh7mwROsuVGjtYcAMe6xqqxotRWX-V/view?usp=drive_web,,https://www.familysearch.org/ark:/61903/3:1:33S7-9GF5-98Z?i=174&wc=Q866-J9F%3A375541101%2C375541102%2C376745401%2C378121301&cc=1921824&lang=uk,,,,,,,,12,1,1785
rec_190_m,,Метричні книги,m,Запис про шлюб,,,https://drive.google.com/file/d/1I1Zx_3gX7J676KTW7KiguyLMu_TAXKfE/view?usp=drive_web,,https://www.familysearch.org/ark:/61903/3:1:33S7-9GFS-VG9?i=166&wc=Q866-FPX%3A375541101%2C375541102%2C376745401%2C378057101&cc=1921824&lang=uk,,,,,,,,17,1,1776
rec_192_m,,Метричні книги,m,Запис про шлюб,,,https://drive.google.com/file/d/1Y8OGsrpoqPb2H5VdjL3lOHcsHBoVooX5/view?usp=drive_web,,https://yandex.ru/archive/catalog/44d7fa4c-6d99-420e-bfee-bac828b5a344/389,,,,,,,,31,1,1770
rec_196_m,,Метричні книги,m,Запис про шлюб,,,https://drive.google.com/file/d/15LEDggvpFpv_QCVW0LrRmsBJwsFqZrQ7/view?usp=drive_web,,https://yandex.ru/archive/catalog/0222b265-e7f7-4fa4-a324-b18c242a8dad/232,,,,,,,,31,5,1751
rec_200_m,,Метричні книги,m,Запис про шлюб,,,https://drive.google.com/file/d/1Y8OGsrpoqPb2H5VdjL3lOHcsHBoVooX5/view?usp=drive_web,,https://yandex.ru/archive/catalog/44d7fa4c-6d99-420e-bfee-bac828b5a344/389,,,,,,,,26,5,1770
rec_202_m-1,,Метричні книги,m,Запис про шлюб,,,https://drive.google.com/file/d/13q_BbHRcZrIyxR1i1WWCVJt4pQNfZXZZ/view?usp=drive_web,,https://yandex.ru/archive/catalog/3334cf83-d33d-45f4-9478-e0798978393e/42,,,,,,,,,,
rec_202_m,,Метричні книги,m,Запис про шлюб,,,https://drive.google.com/file/d/1es4NN5kFhBP0m_HCH2g3v3e3IE73RGBp/view?usp=drive_web,,https://yandex.ru/archive/catalog/a6452de3-b577-4e71-906a-f8e0175e46cc/104,,,,,,,,25,1,1795
rec_204_m-1,,Метричні книги,m,Запис про шлюб,,,https://drive.google.com/file/d/1_exu8OpxGSxy-EeXlAEb5lMgNP7DNDyc/view?usp=drive_web,,https://yandex.ru/archive/catalog/550d69d4-204c-4d88-9c08-c825cd5e354a/53,,,,,,,,,,
rec_204_m,,Метричні книги,m,Запис про шлюб,,,https://drive.google.com/file/d/1cG_yw5JbvzhU8i2Mp1QYLUWfNofAnsnw/view?usp=drive_web,,https://yandex.ru/archive/catalog/a6452de3-b577-4e71-906a-f8e0175e46cc/22,,,,,,,,16,5,1782
rec_206_m-1,,Метричні книги,m,Запис про шлюб,,,https://drive.google.com/file/d/1Csg8k6mvgvGTvCU91kDUDBbir23R090n/view?usp=drive_web,,https://yandex.ru/archive/catalog/550d69d4-204c-4d88-9c08-c825cd5e354a/53,,,,,,,,,,
rec_206_m,,Метричні книги,m,Запис про шлюб,,,https://drive.google.com/file/d/1tsKM0TtKCHvcS7Dqz-Ibp-8GEUxSpUBz/view?usp=drive_web,,https://yandex.ru/archive/catalog/a6452de3-b577-4e71-906a-f8e0175e46cc/87,,,,,,,,21,1,1792
rec_208_m-1,,Метричні книги,m,Запис про шлюб,,,https://drive.google.com/file/d/1m-tqabhnqtsEdfikK9MvcYozC34TqU22/view?usp=drive_web,,https://yandex.ru/archive/catalog/177de026-f5a7-49a7-9a72-cf34f6a4c886/79,,,,,,,,,,
rec_208_m,,Метричні книги,m,Запис про шлюб,,,https://drive.google.com/file/d/1bsY6AAmlXR_KbYXYcrjeZ_ta9NAjknMF/view?usp=drive_web,,https://yandex.ru/archive/catalog/a6452de3-b577-4e71-906a-f8e0175e46cc/40,,,,,,,,19,1,1784
rec_210_m,,Метричні книги,m,Запис про шлюб,,,https://drive.google.com/file/d/1xXUVKpJNb9XJO77YwhYmaTLc8J1d12SW/view?usp=drive_web,,https://yandex.ru/archive/catalog/a6452de3-b577-4e71-906a-f8e0175e46cc/70,,,,,,,,2,7,1789
rec_212_m,,Метричні книги,m,Запис про шлюб,,,https://drive.google.com/file/d/1es4NN5kFhBP0m_HCH2g3v3e3IE73RGBp/view?usp=drive_web,,https://yandex.ru/archive/catalog/a6452de3-b577-4e71-906a-f8e0175e46cc/104,,,,,,,,25,1,1795
rec_214_m,,Метричні книги,m,Запис про шлюб,,,https://drive.google.com/file/d/195TGASVG4q3pVQyoF6Vjm54gu2wtFGYM/view?usp=drive_web,,https://yandex.ru/archive/catalog/a6452de3-b577-4e71-906a-f8e0175e46cc/57,,,,,,,,25,1,1787
rec_216_m,,Метричні книги,m,Запис про шлюб,,,https://drive.google.com/file/d/13BmuiZByUG0rF9PzDSlG6qomhp960JIt/view?usp=drive_web,,https://yandex.ru/archive/catalog/a6452de3-b577-4e71-906a-f8e0175e46cc/195,,,,,,,,18,5,1809
rec_218_m-1,,Метричні книги,m,Запис про шлюб,,,https://drive.google.com/file/d/18B-jTZngET6w53vrwAWXmdyysSkyf4ri/view?usp=drive_web,,https://yandex.ru/archive/catalog/f63fa92c-ca88-4ee4-a829-dce23b2ab746/31,,,,,,,,,,
rec_218_m,,Метричні книги,m,Запис про шлюб,,,https://drive.google.com/file/d/1tsKM0TtKCHvcS7Dqz-Ibp-8GEUxSpUBz/view?usp=drive_web,,https://yandex.ru/archive/catalog/a6452de3-b577-4e71-906a-f8e0175e46cc/87,,,,,,,,28,5,1792
rec_220_m-1,,Метричні книги,m,Запис про шлюб,,,https://drive.google.com/file/d/1f-UeL9geUuI4HGE1SG_Porl6aLCrrf2_/view?usp=drive_web,,https://yandex.ru/archive/catalog/f63fa92c-ca88-4ee4-a829-dce23b2ab746/30,,,,,,,,,,
rec_220_m,,Метричні книги,m,Запис про шлюб,,,https://drive.google.com/file/d/1tsKM0TtKCHvcS7Dqz-Ibp-8GEUxSpUBz/view?usp=drive_web,,https://yandex.ru/archive/catalog/a6452de3-b577-4e71-906a-f8e0175e46cc/87,,,,,,,,26,5,1792
rec_222_m,,Метричні книги,m,Запис про шлюб,,,https://drive.google.com/file/d/16i_ps5MIWrpPpS0OCKACwEVyzAbH0rVE/view?usp=drive_web,,https://yandex.ru/archive/catalog/a6452de3-b577-4e71-906a-f8e0175e46cc/214,,,,,,,,22,9,1813
rec_234_m,,Метричні книги,m,Запис про шлюб,,,https://drive.google.com/file/d/1cS5Bi2QqXIDGr-7dQj5nrcBw4IMUKqS6/view?usp=drive_web,,https://www.familysearch.org/ark:/61903/3:1:33S7-9RS8-SNR?wc=QV6D-42B%3A180600901%2C192872401%2C192903801%26cc%3D1910265&lang=uk&i=53&cc=1910265,,,,,,,,29,1,1782
rec_240_m,,Метричні книги,m,Запис про шлюб,,,https://drive.google.com/file/d/1zWO9xQGECIWF2y8W-leg-pfH5lfbmjRJ/view?usp=drive_web,,https://www.familysearch.org/ark:/61903/3:1:3Q9M-C9PT-Q1RP?cat=2997966&i=109&lang=uk,,,,,,,,6,8,1803
rec_242_m,,Метричні книги,m,Запис про шлюб,,,https://drive.google.com/file/d/1giGLjfseSx_dOdMKJ_e9kYvNt37ZqlcE/view?usp=drive_web,,https://www.familysearch.org/ark:/61903/3:1:33SQ-GRSJ-X5B?wc=QVG9-F4W%3A180600901%2C204054701%2C204055801%26cc%3D1910265&lang=uk&i=6&cc=1910265,,,,,,,,6,6,1797
rec_244_m,,Метричні книги,m,Запис про шлюб,,,https://drive.google.com/file/d/1dZo2wztOV_D4bH0Spt8D9DDwhJQOpczC/view?usp=drive_web,,https://www.familysearch.org/ark:/61903/3:1:33SQ-GRSJ-XBP?wc=QVG9-F4W%3A180600901%2C204054701%2C204055801%26cc%3D1910265&lang=uk&i=5&cc=1910265,,,,,,,,6,11,1793
rec_246_m,,Метричні книги,m,Запис про шлюб,,,https://drive.google.com/file/d/1ziRVoGtTdHxMauOz_B9qizuymmQis50P/view?usp=drive_web,,https://www.familysearch.org/ark:/61903/3:1:33SQ-GRSJ-FMB?wc=QVG9-F4W%3A180600901%2C204054701%2C204055801%26cc%3D1910265&lang=uk&i=11,,,,,,,,12,11,1815
rec_252_m,,Метричні книги,m,Запис про шлюб,,,https://drive.google.com/file/d/1rPlSI_NVUdGn6ewFVCVXqXAERwK-Znl1/view?usp=drive_web,,https://www.familysearch.org/ark:/61903/3:1:3Q9M-C9PT-Q9MR-Z?cat=2997966&i=14&lang=uk,,,,,,,,18,2,1788
rec_258_m,,Метричні книги,m,Запис про шлюб,,,https://drive.google.com/file/d/1nsM1jjcevjSvD4fBoe3OgGtqPdGj1UZv/view?usp=drive_web,,https://www.familysearch.org/ark:/61903/3:1:33S7-9GFK-DV9?i=68&wc=Q866-NG8%3A375541101%2C380331001%2C381648501%2C382373201&cc=1921824&lang=uk,,,,,,,,,,
rec_260_m,,Метричні книги,m,Запис про шлюб,,,https://drive.google.com/file/d/1DFSPs12UcQtalMJ5hmXa-1JFXYNole8B/view?usp=drive_web,,https://www.familysearch.org/ark:/61903/3:1:33SQ-GGX7-S4PJ?i=73&wc=Q866-XCP%3A375541101%2C378598501%2C379069801%2C379077901&cc=1921824&lang=uk,,,,,,,,,,
rec_262_m,,Метричні книги,m,Запис про шлюб,,,https://drive.google.com/file/d/10nLrlU0mlk_3gJ9ooX5OqfwZF591ZBVb/view?usp=drive_web,,https://www.familysearch.org/ark:/61903/3:1:33S7-9GFW-LCV?i=7&wc=Q866-NN5%3A375541101%2C378598501%2C379069801%2C379582401&cc=1921824&lang=uk,,,,,,,,,,
rec_274_m,,Метричні книги,m,Запис про шлюб,,,https://drive.google.com/file/d/1tTRZ6uBX5J2fcBq0x6onnH0c6oLT8tZ6/view?usp=drive_web,,https://www.familysearch.org/ark:/61903/3:1:33S7-9GN6-ZT4?i=40&wc=Q866-VD1%3A375541101%2C375541102%2C376745401%2C378386901&cc=1921824&lang=uk,,,,,,,,,,
rec_276_m,,Метричні книги,m,Запис про шлюб,,,https://drive.google.com/file/d/1q0MVd8echLqRJay7QjP7HqhsKQ3sedO9/view?usp=drive_web,,https://www.familysearch.org/ark:/61903/3:1:33S7-9GN6-ZPQ?i=47&wc=Q866-VD1%3A375541101%2C375541102%2C376745401%2C378386901&cc=1921824&lang=uk,,,,,,,,,,
rec_278_m,,Метричні книги,m,Запис про шлюб,,,https://drive.google.com/file/d/1qA2UAh222D0tPVqnHkptpJI8dsiG9KsU/view?usp=drive_web,,https://www.familysearch.org/ark:/61903/3:1:33S7-9GJ9-RJW?i=94&wc=Q866-KCF%3A375541101%2C378598501%2C379069801%2C379950801&cc=1921824&lang=uk,,,,,,,,,,
rec_288_m,,Метричні книги,m,Запис про шлюб,,,https://drive.google.com/file/d/1lM8PWtbjVXMJcp5PqDvXqS90ibNjnPVC/view?usp=drive_web,,https://www.familysearch.org/ark:/61903/3:1:33S7-9GX7-SQ1Q?i=60&wc=Q866-XCP%3A375541101%2C378598501%2C379069801%2C379077901&cc=1921824&lang=uk,,,,,,,,,,
rec_290_m,,Метричні книги,m,Запис про шлюб,,,https://drive.google.com/file/d/1AisjqK_ETcmVZvnZkk7wtKYQxdt2mPRM/view?usp=drive_web,,https://www.familysearch.org/ark:/61903/3:1:33SQ-GGNF-SC8?i=141&wc=Q866-VG6%3A375541101%2C380331001%2C381648501%2C382437001&cc=1921824&lang=uk,,,,,,,,,,
rec_292_m,,Метричні книги,m,Запис про шлюб,,,https://drive.google.com/file/d/1JQvhRsLjDVRJbrbkpb_bHMqkIicrcwTG/view?usp=drive_web,,https://www.familysearch.org/ark:/61903/3:1:33SQ-GTWG-9HL?i=109&wc=Q866-GJY%3A375541101%2C378598501%2C378674901%2C378818401&cc=1921824&lang=uk,,,,,,,,,,
rec_294_m,,Метричні книги,m,Запис про шлюб,,,https://drive.google.com/file/d/1TJHGkCSw6sUTQQwo8oe7DwKEe24TVizG/view?usp=drive_web,,https://www.familysearch.org/ark:/61903/3:1:33SQ-GGJ9-W9S?i=153&wc=Q866-NGT%3A375541101%2C380331001%2C381648501%2C382374601&cc=1921824&lang=uk,,,,,,,,,,
rec_296_m,,Метричні книги,m,Запис про шлюб,,,https://drive.google.com/file/d/1h_d3b5nLbDRL7rKxh9usfqgW8IOnCeGw/view?usp=drive_web,,https://www.familysearch.org/ark:/61903/3:1:33S7-9GXZ-1NB?i=36&wc=Q866-XRQ%3A375541101%2C380331001%2C381648501%2C381860201&cc=1921824&lang=uk,,,,,,,,,,
rec_298_m,,Метричні книги,m,Запис про шлюб,,,https://drive.google.com/file/d/1TN-bANOdby1cBlNKMxheY3uDKEx9AnhU/view?usp=drive_web,,https://www.familysearch.org/ark:/61903/3:1:33SQ-GTW5-CB4?i=62&wc=Q866-P7T%3A375541101%2C378598501%2C378674901%2C378817901&cc=1921824&lang=uk,,,,,,,,,,
rec_302_m,,Метричні книги,m,Запис про шлюб,,,https://drive.google.com/file/d/1veS4N8xs8TaHpCYkxsQhZr83HpPLlE6c/view?usp=drive_web,,https://www.familysearch.org/ark:/61903/3:1:33S7-9GFK-DT7?i=54&wc=Q866-NG8%3A375541101%2C380331001%2C381648501%2C382373201&cc=1921824&lang=uk,,,,,,,,,,
rec_318_m,,Метричні книги,m,Запис про шлюб,,,https://drive.google.com/file/d/1iM4-XBxIVWKd_Pn3U2-_fOl_xGA5QWeq/view?usp=drive_web,,https://www.familysearch.org/ark:/61903/3:1:33S7-9GXZ-99BM?i=95&wc=Q866-X2Z%3A375541101%2C380331001%2C381648501%2C381859601&cc=1921824&lang=uk,,,,,,,,,,
rec_320_m,,Метричні книги,m,Запис про шлюб,,,https://drive.google.com/file/d/1zh9o4ETeatmMqb_aHKy6AojjaKYZt3gx/view?usp=drive_web,,https://www.familysearch.org/ark:/61903/3:1:33SQ-GGN6-9MF2?i=15&wc=Q866-VFG%3A375541101%2C378598501%2C379069801%2C379961001&cc=1921824&lang=uk,,,,,,,,,,
rec_322_m,,Метричні книги,m,Запис про шлюб,,,https://drive.google.com/file/d/1c8FycwXoBiCGzonxQnxaBhro1EwRmlHb/view?usp=drive_web,,https://www.familysearch.org/ark:/61903/3:1:33S7-9GJS-XQ9?i=166&wc=Q866-KZJ%3A375541101%2C386924701%2C387029201%2C387102201&cc=1921824&lang=uk,,,,,,,,,,
rec_324_m,,Метричні книги,m,Запис про шлюб,,,https://drive.google.com/file/d/1u3jF6rVaHbifGfzskPm-e_iArzTjkAIM/view?usp=drive_web,,https://www.familysearch.org/ark:/61903/3:1:33SQ-GGFS-N4T?i=130&wc=Q866-FP5%3A375541101%2C375541102%2C376745401%2C378054801&cc=1921824&lang=uk,,,,,,,,,,
rec_326_m,,Метричні книги,m,Запис про шлюб,,,https://drive.google.com/file/d/1VKqtsmi3-4676KTOi6jdrX4I7EhsW3Mx/view?usp=drive_web,,https://www.familysearch.org/ark:/61903/3:1:33S7-9GFS-VPH?i=173&wc=Q866-FPX%3A375541101%2C375541102%2C376745401%2C378057101&cc=1921824&lang=uk,,,,,,,,,,
rec_332_m,,Метричні книги,m,Запис про шлюб,,,https://drive.google.com/file/d/13ffVXWidqcQ6Hvklbp81qd-KEOfVamnW/view?usp=drive_web,,https://www.familysearch.org/ark:/61903/3:1:33S7-9GFK-F4W?i=128&wc=Q866-NGX%3A375541101%2C378598501%2C379069801%2C379918901&cc=1921824&lang=uk,,,,,,,,,,
rec_334_m,,Метричні книги,m,Запис про шлюб,,,https://drive.google.com/file/d/1w_vW-0AzobC75Z8NoZGqz2Hpva4x_Ujw/view?usp=drive_web,,https://www.familysearch.org/ark:/61903/3:1:33S7-9GFK-XLH?i=120&wc=Q866-NGX%3A375541101%2C378598501%2C379069801%2C379918901&cc=1921824&lang=uk,,,,,,,,,,
rec_336_m,,Метричні книги,m,Запис про шлюб,,,https://drive.google.com/file/d/1rQm7JpXm1fUIdx4UaueNBjoHsNMK-uFC/view?usp=drive_web,,https://www.familysearch.org/ark:/61903/3:1:33SQ-GGN6-8Z1?i=10&wc=Q866-VD1%3A375541101%2C375541102%2C376745401%2C378386901&cc=1921824&lang=uk,,,,,,,,,,
rec_338_m,,Метричні книги,m,Запис про шлюб,,,https://drive.google.com/file/d/1tavigzm36farcUgb5o2DPjxR4x-URzXZ/view?usp=drive_web,,https://www.familysearch.org/ark:/61903/3:1:33SQ-GGJ9-5SK?i=361&wc=Q866-FV5%3A375541101%2C378598501%2C379069801%2C379579501&cc=1921824&lang=uk,,,,,,,,,,
rec_340_m,,Метричні книги,m,Запис про шлюб,,,https://drive.google.com/file/d/1i-C6cBSZqzrx5RaiDC7uw3sr4yAas5lC/view?usp=drive_web,,https://www.familysearch.org/ark:/61903/3:1:33SQ-GGF7-67G?i=123&wc=Q866-N7Y%3A375541101%2C375541102%2C376745401%2C378053201&cc=1921824&lang=uk,,,,,,,,,,
rec_342_m,,Метричні книги,m,Запис про шлюб,,,https://drive.google.com/file/d/1dWk-5Q0CDlwhhMvc8hyKGzEsYuKS2YUJ/view?usp=drive_web,,https://www.familysearch.org/ark:/61903/3:1:33SQ-GGFW-K98?i=26&wc=Q866-NNF%3A375541101%2C378598501%2C379069801%2C379587301&cc=1921824&lang=uk,,,,,,,,,,
rec_344_m,,Метричні книги,m,Запис про шлюб,,,https://drive.google.com/file/d/1MHsHtpDxYdQWGzHCnegl0KO_25L0_nRu/view?usp=drive_web,,https://www.familysearch.org/ark:/61903/3:1:33S7-9GNX-NPD?i=120&wc=Q866-VJD%3A375541101%2C380331001%2C381648501%2C382438601&cc=1921824&lang=uk,,,,,,,,,,
rec_348_m,,Метричні книги,m,Запис про шлюб,,,https://drive.google.com/file/d/11N5lCr5JEj615HTu3-0qWLWisFqlXF4t/view?usp=drive_web,,https://www.familysearch.org/ark:/61903/3:1:33S7-9GF7-6Z5?i=137&wc=Q866-N48%3A375541101%2C375541102%2C376745401%2C378051801&cc=1921824&lang=uk,,,,,,,,,,
rec_350_m,,Метричні книги,m,Запис про шлюб,,,https://drive.google.com/file/d/1s8XlQ8vrtTJ1cESHQrv38Yat200MGUhO/view?usp=drive_web,,https://www.familysearch.org/ark:/61903/3:1:33S7-9GX4-LJG?i=49&wc=Q866-XH1%3A375541101%2C378598501%2C379069801%2C379099101&cc=1921824&lang=uk,,,,,,,,,,
rec_360_m,,Метричні книги,m,Запис про шлюб,,,https://drive.google.com/file/d/1-gS7XfjfLd680OBGz082dfJSKiNoX6n8/view?usp=drive_web,,https://www.familysearch.org/ark:/61903/3:1:33SQ-GGJ9-RGJ?i=172&wc=Q866-KCF%3A375541101%2C378598501%2C379069801%2C379950801&cc=1921824&lang=uk,,,,,,,,,,
rec_362_m,,Метричні книги,m,Запис про шлюб,,,https://drive.google.com/file/d/1TeexRV7FYtuCkDmtEvLRyIdrcDdI4VY5/view?usp=drive_web,,https://www.familysearch.org/ark:/61903/3:1:33SQ-GGN6-9M6T?i=119&wc=Q866-VFG%3A375541101%2C378598501%2C379069801%2C379961001&cc=1921824&lang=uk,,,,,,,,,,
rec_366_m,,Метричні книги,m,Запис про шлюб,,,https://drive.google.com/file/d/1sXEB5XhM6mGh06xqKdByN8dI4bzbZpue/view?usp=drive_web,,https://www.familysearch.org/ark:/61903/3:1:33S7-9GFK-65B?i=25&wc=Q866-NGG%3A375541101%2C378598501%2C379069801%2C379920601&cc=1921824&lang=uk,,,,,,,,,,
rec_368_m,,Метричні книги,m,Запис про шлюб,,,https://drive.google.com/file/d/1oxEq6jd6xx9KQJl5qAuw223KiGc-SVJG/view?usp=drive_web,,https://www.familysearch.org/ark:/61903/3:1:33S7-9GNX-J59?i=121&wc=Q866-VJ6%3A375541101%2C380331001%2C381648501%2C382438401&cc=1921824&lang=uk,,,,,,,,,,
rec_372_m,,Метричні книги,m,Запис про шлюб,,,https://drive.google.com/file/d/1yKitXIFGuWP5RBoqe9MCRpOhJDudku7w/view?usp=drive_web,,https://www.familysearch.org/ark:/61903/3:1:33S7-9GFK-FWL?i=26&wc=Q866-NGT%3A375541101%2C380331001%2C381648501%2C382374601&cc=1921824&lang=uk,,,,,,,,,,
rec_374_m,,Метричні книги,m,Запис про шлюб,,,https://drive.google.com/file/d/1ikirv7qWPdbek8awRJzjKcr-cUsnSAFZ/view?usp=drive_web,,https://www.familysearch.org/ark:/61903/3:1:33S7-9GF7-645?i=127&cc=1921824&cat=766573&lang=uk,,,,,,,,,,
rec_376_m,,Метричні книги,m,Запис про шлюб,,,https://drive.google.com/file/d/1qAky5igHGiwTvnAR1mZyb44uwoa4Jfe2/view?usp=drive_web,,https://www.familysearch.org/ark:/61903/3:1:33SQ-GGJ9-WB9?i=22&wc=Q866-KZ3%3A375541101%2C380331001%2C381648501%2C382457201&cc=1921824&lang=uk,,,,,,,,,,
rec_378_m,,Метричні книги,m,Запис про шлюб,,,https://drive.google.com/file/d/1EtjxuHcETRF4rEbr3yOvLXHu-9_mDPTc/view?usp=drive_web,,https://www.familysearch.org/ark:/61903/3:1:33S7-9GN6-151?i=118&wc=Q866-VFG%3A375541101%2C378598501%2C379069801%2C379961001&cc=1921824&lang=uk,,,,,,,,,,
rec_380_m,,Метричні книги,m,Запис про шлюб,,,https://drive.google.com/file/d/1IuWjxYbMuxDmvmJdXkCzGnW-6va-jahI/view?usp=drive_web,,https://www.familysearch.org/ark:/61903/3:1:33S7-9GFW-LXK?i=142&wc=Q866-NNF%3A375541101%2C378598501%2C379069801%2C379587301&cc=1921824&lang=uk,,,,,,,,,,
rec_398_m,,Метричні книги,m,Запис про шлюб,,,https://drive.google.com/file/d/1CrH5WCkly6yEalwPvoRRFQd5IZlVZwOt/view?usp=drive_web,,https://yandex.ru/archive/catalog/8744f1a9-1c6b-443f-80d1-8c121f095305/273,,,,,,,,,,
rec_406_m,,Метричні книги,m,Запис про шлюб,,,https://drive.google.com/file/d/1-TFI9t68KqNhLx0jf1mmdDCuigwUUN9h/view?usp=drive_web,,https://yandex.ru/archive/catalog/3199310f-ee0a-4c9e-a9ed-aa7dba36b328/193,,,,,,,,,,
rec_408_m,,Метричні книги,m,Запис про шлюб,,,https://drive.google.com/file/d/1-TFI9t68KqNhLx0jf1mmdDCuigwUUN9h/view?usp=drive_web,,https://yandex.ru/archive/catalog/3199310f-ee0a-4c9e-a9ed-aa7dba36b328/193,,,,,,,,,,
rec_410_m,,Метричні книги,m,Запис про шлюб,,,https://drive.google.com/file/d/1rHbKrpt1z1KTD8B_mDxPnSCSRJh7-VfG/view?usp=drive_web,,https://yandex.ru/archive/catalog/8d4acd28-eca2-497d-8750-b8f8babcc07a/404,,,,,,,,,,
rec_418_m,,Метричні книги,m,Запис про шлюб,,,https://drive.google.com/file/d/11BwZqcSUeY0VPjPCsU39bTUWt-1GbBVQ/view?usp=drive_web,,https://yandex.ru/archive/catalog/cefb634a-84ff-4100-b4ec-85b965c429e2/219,,,,,,,,,,
rec_424_m,,Метричні книги,m,Запис про шлюб,,,https://drive.google.com/file/d/165Y9BBhMIhOCQF5tHkSwj_eEZs225q7q/view?usp=drive_web,,https://yandex.ru/archive/catalog/1e911206-995e-4c60-bfcd-d029426c8d6f/126,,,,,,,,,,
rec_426_m,,Метричні книги,m,Запис про шлюб,,,https://drive.google.com/file/d/1rHbKrpt1z1KTD8B_mDxPnSCSRJh7-VfG/view?usp=drive_web,,https://yandex.ru/archive/catalog/8d4acd28-eca2-497d-8750-b8f8babcc07a/404,,,,,,,,,,
rec_432_m,,Метричні книги,m,Запис про шлюб,,,https://drive.google.com/file/d/1rRTipdfgcTqEM8owqREU7PS7cPrr118u/view?usp=drive_web,,https://yandex.ru/archive/catalog/a6452de3-b577-4e71-906a-f8e0175e46cc/75,,,,,,,,,,
rec_434_m,,Метричні книги,m,Запис про шлюб,,,https://drive.google.com/file/d/1OlBrLSW-ylPpp2Ip_8aJ5HE1RAy6ADWK/view?usp=drive_web,,,,,,,,,,,,
rec_436_m,,Метричні книги,m,Запис про шлюб,,,https://drive.google.com/file/d/1L-h5ZJVGBUsss4nJjCGUWd06teyxFMAE/view?usp=drive_web,,https://yandex.ru/archive/catalog/61523ee3-98ac-4f94-a163-ad1ca0d617a0/104,,,,,,,,,,
rec_442_m,,Метричні книги,m,Запис про шлюб,,,https://drive.google.com/file/d/107ALS-qHBr1TkXG9YEM_1CHdxhZrB3cP/view?usp=drive_web,,https://yandex.ru/archive/catalog/02e283aa-ad3c-49e2-b27e-cd00b9d18d32/200,,,,,,,,,,
rec_444_m-1,,Метричні книги,m,Запис про шлюб,,,https://drive.google.com/file/d/1_5oAsP1-Ks7pOxlSPco-_g67tnZz_sLn/view?usp=drive_web,,https://yandex.ru/archive/catalog/73f648da-39db-4dcc-9241-4ffdb10ebdec/45,,,,,,,,,,
rec_444_m,,Метричні книги,m,Запис про шлюб,,,https://drive.google.com/file/d/1c6sV80Fb_k_BhSOO1KF5bj53AC8TVI_z/view?usp=drive_web,,https://yandex.ru/archive/catalog/a6452de3-b577-4e71-906a-f8e0175e46cc/82,,,,,,,,,,
rec_446_m,,Метричні книги,m,Запис про шлюб,,,https://drive.google.com/file/d/1oit9p3YagQ4tMUg_nJPHw3ialZhQjsW3/view?usp=drive_web,,https://yandex.ru/archive/catalog/a6452de3-b577-4e71-906a-f8e0175e46cc/76,,,,,,,,,,
rec_482_m,,Метричні книги,m,Запис про шлюб,,,https://drive.google.com/file/d/1cS5Bi2QqXIDGr-7dQj5nrcBw4IMUKqS6/view?usp=drive_web,,https://www.familysearch.org/ark:/61903/3:1:33S7-9RS8-SNR?wc=QV6D-42B%3A180600901%2C192872401%2C192903801%26cc%3D1910265&lang=uk&i=53&cc=1910265,,,,,,,,,,
rec_494_m,,Метричні книги,m,Запис про шлюб,,,https://drive.google.com/file/d/1PGsEZnI7iSBi0-h7EZ7nlHrFgJ6nejmJ/view?usp=drive_web,,https://www.familysearch.org/ark:/61903/3:1:33S7-9RSJ-F5Q?wc=QVG9-F4W%3A180600901%2C204054701%2C204055801%26cc%3D1910265&lang=uk&i=3&cc=1910265,,,,,,,,,,
rec_510_m,,Метричні книги,m,Запис про шлюб,,,https://drive.google.com/file/d/1rPlSI_NVUdGn6ewFVCVXqXAERwK-Znl1/view?usp=drive_web,,https://www.familysearch.org/ark:/61903/3:1:3Q9M-C9PT-Q9MR-Z?cat=2997966&i=14&lang=uk,,,,,,,,,,
rec_572_m,,Метричні книги,m,Запис про шлюб,,,https://drive.google.com/file/d/1wnDhyZRifqOwGPg2WWI1Hl5Lr6z2RJS2/view?usp=drive_web,,https://www.familysearch.org/ark:/61903/3:1:33S7-9GXC-9D3C?i=33&wc=Q866-XPG%3A375541101%2C378598501%2C379069801%2C379071301&cc=1921824&lang=uk,,,,,,,,,,
rec_584_m,,Метричні книги,m,Запис про шлюб,,,https://drive.google.com/file/d/1sIq8ajWmAlpcSXgadCNXNtRAtKPGMgA9/view?usp=drive_web,,https://www.familysearch.org/ark:/61903/3:1:33S7-9GN6-2W4?i=97&wc=Q866-VXX%3A375541101%2C378598501%2C379069801%2C379939701&cc=1921824&lang=uk,,,,,,,,,,
rec_588_m,,Метричні книги,m,Запис про шлюб,,,https://drive.google.com/file/d/1wansGa-7orB6SaHGbLffA3H4MSN-YJUm/view?usp=drive_web,,https://www.familysearch.org/ark:/61903/3:1:33S7-9GFQ-9VFS?i=113&wc=Q866-N3N%3A375541101%2C378598501%2C379069801%2C379572201&cc=1921824&lang=uk,,,,,,,,,,
rec_590_m,,Метричні книги,m,Запис про шлюб,,,https://drive.google.com/file/d/1H5orE0mEB6vfNkwwSoSHhI93JRKoQOpr/view?usp=drive_web,,https://www.familysearch.org/ark:/61903/3:1:33SQ-GGJ9-R9F?i=289&wc=Q866-FV5%3A375541101%2C378598501%2C379069801%2C379579501&cc=1921824&lang=uk,,,,,,,,,,
rec_642_m,,Метричні книги,m,Запис про шлюб,,,https://drive.google.com/file/d/1KNbpfWcMWA2fYFEQczidwo_qKHcBbZIW/view?usp=drive_web,,https://www.familysearch.org/ark:/61903/3:1:33SQ-GGN6-617?i=154&wc=Q866-VDL%3A375541101%2C378598501%2C379069801%2C379957001&cc=1921824&lang=uk,,,,,,,,,,
rec_650_m,,Метричні книги,m,Запис про шлюб,,,https://drive.google.com/file/d/1m4UaRVFwA5xLlogIar5nSCjYsSaR7n54/view?usp=drive_web,,https://www.familysearch.org/ark:/61903/3:1:33S7-9TW5-HWB?i=125&wc=Q866-P7P%3A375541101%2C378598501%2C378674901%2C378810901&cc=1921824&lang=uk,,,,,,,,,,
rec_654_m,,Метричні книги,m,Запис про шлюб,,,https://drive.google.com/file/d/1M-AOWCtm2U-ogPxGnUKNLuIZPgP1-3TW/view?usp=drive_web,,https://www.familysearch.org/ark:/61903/3:1:33S7-9GN6-ZVW?i=81&wc=Q866-VD1%3A375541101%2C375541102%2C376745401%2C378386901&cc=1921824&lang=uk,,,,,,,,,,
rec_700_m,,Метричні книги,m,Запис про шлюб,,,https://drive.google.com/file/d/1WGmFJUK4NhFNWmM-lENcn_9by9nBB4k4/view?usp=drive_web,,https://www.familysearch.org/ark:/61903/3:1:33SQ-GGJ9-54P?i=362&wc=Q866-FV5%3A375541101%2C378598501%2C379069801%2C379579501&cc=1921824&lang=uk,,,,,,,,,,
rec_702_m,,Метричні книги,m,Запис про шлюб,,,https://drive.google.com/file/d/1ozf2WsYUzbISH5vkfGzPjC8c0PJFostL/view?usp=drive_web,,https://www.familysearch.org/ark:/61903/3:1:33SQ-GGN6-6TK?i=166&wc=Q866-VDL%3A375541101%2C378598501%2C379069801%2C379957001&cc=1921824&lang=uk,,,,,,,,,,
rec_724_m,,Метричні книги,m,Запис про шлюб,,,https://drive.google.com/file/d/1vp_8jJ41mqChkDf35UfwyjFsloCaT3zQ/view?usp=drive_web,,https://www.familysearch.org/ark:/61903/3:1:33S7-9GFQ-9VHW?i=154&wc=Q866-N3N%3A375541101%2C378598501%2C379069801%2C379572201&cc=1921824&lang=uk,,,,,,,,,,
rec_726_m,,Метричні книги,m,Запис про шлюб,,,https://drive.google.com/file/d/1TFmSyQPJU-031D8yozN3BMyTVtHIzTWy/view?usp=drive_web,,https://www.familysearch.org/ark:/61903/3:1:33SQ-GGFM-9FJ4?i=163&wc=Q866-FKL%3A375541101%2C378598501%2C379069801%2C379576201&cc=1921824&lang=uk,,,,,,,,,,
rec_734_m,,Метричні книги,m,Запис про шлюб,,,https://drive.google.com/file/d/193HEGXUSI0VwE4fxXAZCiZIq8Lfv4Brb/view?usp=drive_web,,https://www.familysearch.org/ark:/61903/3:1:33SQ-GGXC-96PY?i=74&wc=Q866-XPG%3A375541101%2C378598501%2C379069801%2C379071301&cc=1921824&lang=uk,,,,,,,,,,
rec_738_m,,Метричні книги,m,Запис про шлюб,,,https://drive.google.com/file/d/1SzG27xot1YSKzXc_th1N1lRweeF3xxgg/view?usp=drive_web,,https://www.familysearch.org/ark:/61903/3:1:33S7-9GFQ-9V18?i=121&wc=Q866-NW3%3A375541101%2C378598501%2C379069801%2C379570901&cc=1921824&lang=uk,,,,,,,,,,
rec_740_m,,Метричні книги,m,Запис про шлюб,,,https://drive.google.com/file/d/18ZygpmtcGycuH_u3sMiN4CxCxx-XePs_/view?usp=drive_web,,https://www.familysearch.org/ark:/61903/3:1:33SQ-GGX7-S48F?i=168&wc=Q866-XCP%3A375541101%2C378598501%2C379069801%2C379077901&cc=1921824&lang=uk,,,,,,,,,,
rec_746_m,,Метричні книги,m,Запис про шлюб,,,https://drive.google.com/file/d/1uDjtqtxcf0DBcUogBiUQ6-8UEV2f-QvC/view?usp=drive_web,,https://www.familysearch.org/ark:/61903/3:1:33SQ-GGXC-96PF?i=51&wc=Q866-XPG%3A375541101%2C378598501%2C379069801%2C379071301&cc=1921824&lang=uk,,,,,,,,,,
rec_752_m,,Метричні книги,m,Запис про шлюб,,,https://drive.google.com/file/d/133UGsulPpqiJL1MD1D0cMEQ5qL7Gs0U1/view?usp=drive_web,,https://www.familysearch.org/ark:/61903/3:1:33SQ-GGFW-LQS?i=138&wc=Q866-NNL%3A375541101%2C378598501%2C379069801%2C379583601&cc=1921824&lang=uk,,,,,,,,,,
rec_758_m,,Метричні книги,m,Запис про шлюб,,,https://drive.google.com/file/d/13qSmVADFELt2t3kwTlW3cQxmF7Pxn9np/view?usp=drive_web,,https://www.familysearch.org/ark:/61903/3:1:33S7-9TW5-HJ1?i=38&wc=Q866-P7P%3A375541101%2C378598501%2C378674901%2C378810901&cc=1921824&lang=uk,,,,,,,,,,
rec_864_m,,Метричні книги,m,Запис про шлюб,,,https://drive.google.com/file/d/11BwZqcSUeY0VPjPCsU39bTUWt-1GbBVQ/view?usp=drive_web,,https://yandex.ru/archive/catalog/cefb634a-84ff-4100-b4ec-85b965c429e2/219,,,,,,,,,,
rec_866_m,,Метричні книги,m,Запис про шлюб,,,https://drive.google.com/file/d/1Y8OGsrpoqPb2H5VdjL3lOHcsHBoVooX5/view?usp=drive_web,,https://yandex.ru/archive/catalog/44d7fa4c-6d99-420e-bfee-bac828b5a344/389,,,,,,,,,,
rec_870_m,,Метричні книги,m,Запис про шлюб,,,https://drive.google.com/file/d/1HGp-IQ33M8EvkQh7zGXGnYa4I1CtPsJI/view?usp=drive_web,,https://yandex.ru/archive/catalog/2a75d390-1606-4236-81e8-ca2e74d001db/162,,,,,,,,,,
rec_882_m,,Метричні книги,m,Запис про шлюб,,,https://drive.google.com/file/d/1yCKodby8bwHnc1Xn88vz42mC-ffbVNkg/view?usp=drive_web,,https://yandex.ru/archive/catalog/323f7edb-9792-4c46-94b3-ca83160524da/105,,,,,,,,,,
rec_892_m,,Метричні книги,m,Запис про шлюб,,,https://drive.google.com/file/d/12MLfpY-2DM1JYgWvEegSfOHGN7BN-UVo/view?usp=drive_web,,https://yandex.ru/archive/catalog/e9d0109b-8c13-4809-ab02-a4d89760a908/85,,,,,,,,,,
rec_1732_m,,Метричні книги,m,Запис про шлюб,,,https://drive.google.com/file/d/1fUeKBpVbLbFp1fMgLXQEIAgv6Xp1EQMZ/view?usp=drive_web,,https://yandex.ru/archive/catalog/17c8b3fe-c6ea-4606-9df8-e1d07aa88cd4/94,,,,,,,,,,
rec_1734_m,,Метричні книги,m,Запис про шлюб,,,https://drive.google.com/file/d/1rHbKrpt1z1KTD8B_mDxPnSCSRJh7-VfG/view?usp=drive_web,,https://yandex.ru/archive/catalog/8d4acd28-eca2-497d-8750-b8f8babcc07a/404,,,,,,,,,,
rec_1784_m,,Метричні книги,m,Запис про шлюб,,,https://drive.google.com/file/d/1IUQovDp80wL-1l0NQkhQWUbumXOYa_uW/view?usp=drive_web,,https://yandex.ru/archive/catalog/21bc0faa-fdd1-4fcb-a726-f6480ab91354/51,,,,,,,,,,
rec_14_d,,Метричні книги,d,Запис про смерть,,,https://drive.google.com/file/d/14YUTX6711JwFE8FoDkWwl1NmRfxy1T_T/view?usp=drive_web,,https://www.familysearch.org/ark:/61903/3:1:3QHJ-27MT-S8LN?view=explore&groupId=TH-7749-135685-7658-59&lang=uk,,,,,,,,,,
rec_24_d-1,,Метричні книги,d,Запис про смерть,,,https://drive.google.com/file/d/1Pywms4I7z5rGs5Y8oa7Frilma2sF8ioG/view?usp=drive_web,,https://yandex.ru/archive/catalog/750fb927-70a4-4f44-8099-b7f8140dde60/286,,,,,,,,,,
rec_24_d,,Метричні книги,d,Запис про смерть,,,https://drive.google.com/file/d/1fgKPkaxpjysIRE6n0I75Rzx-MqamAvko/view?usp=drive_web,,https://yandex.ru/archive/catalog/9459e770-1d1c-4f94-ace2-13336e51bf7c/112,,,,,,,,,,
rec_26_d-1,,Метричні книги,d,Запис про смерть,,,https://drive.google.com/file/d/1WzroRR3pq0Iw4J_YhWIs0BuJ5ObZdTqP/view?usp=drive_web,,https://yandex.ru/archive/catalog/750fb927-70a4-4f44-8099-b7f8140dde60/281,,,,,,,,,,
rec_26_d,,Метричні книги,d,Запис про смерть,,,https://drive.google.com/file/d/11IT-GmKZD72kfBZUYldSocAVuRlKvAi7/view?usp=drive_web,,https://yandex.ru/archive/catalog/9459e770-1d1c-4f94-ace2-13336e51bf7c/106,,,,,,,,,,
rec_28_d-1,,Метричні книги,d,Запис про смерть,,,https://drive.google.com/file/d/10vvdcxKOkG54pIkBTN-4Zwnx6eqZA0At/view?usp=drive_web,,http://agadd2.home.net.pl/metrykalia/298/sygn.%2088/album/slides/1_298_0_0_88_0367.jpg,,,,,,,,,,
rec_28_d,,Метричні книги,d,Запис про смерть,,,https://drive.google.com/file/d/1Xc-HRuhVdxga2521D_iggI29kriTwH76/view?usp=drive_web,,https://www.familysearch.org/ark:/61903/3:1:3QHJ-FQPV-YFKF?view=explore&groupId=TH-7727-129267-14084-52&lang=uk,,,,,,,,,,
rec_29_d-1,,Метричні книги,d,Запис про смерть,,,https://drive.google.com/file/d/1VjIq9KsbDDyb5grCZrnzpGfd3kdLwxnZ/view?usp=drive_web,,http://agadd2.home.net.pl/metrykalia/298/sygn.%2088/album/index.html#img=1_298_0_0_88_0368.jpg,,,,,,,,,,
rec_29_d,,Метричні книги,d,Запис про смерть,,,https://drive.google.com/file/d/1w3vatC6UYi6DRTd0LGPgYjGTp01PCR3s/view?usp=drive_web,,https://www.familysearch.org/ark:/61903/3:1:3QHJ-JQPV-YFKR?view=explore&groupId=TH-7727-129267-14084-52&lang=uk,,,,,,,,,,
rec_30_d-1,,Метричні книги,d,Запис про смерть,,,https://drive.google.com/file/d/1enr1_ttg6kHQ4AGGTqHrg5Aab4gTI6ZE/view?usp=drive_web,,https://www.familysearch.org/ark:/61903/3:1:33S7-9RS7-5BH?i=479&wc=QVD7-WGT%3A180600901%2C183138501%2C183158301&cc=1910265&lang=uk,,,,,,,,,,
rec_30_d,,Метричні книги,d,Запис про смерть,,,https://drive.google.com/file/d/10FhTXDo0uVPPCvAFjix-nQIjib1e3_Tc/view?usp=drive_web,,https://www.familysearch.org/ark:/61903/3:1:3QHJ-FQPV-YFKS?view=explore&groupId=TH-7727-129267-14084-52&lang=uk,,,,,,,,,,
rec_31_d,,Метричні книги,d,Запис про смерть,,,https://drive.google.com/file/d/1cmswBfGKju9dm2sKy51qRo7grmBjXv-r/view?usp=drive_web,,https://www.familysearch.org/ark:/61903/3:1:3QHJ-G7MT-S8M3?view=explore&groupId=TH-7749-135685-7658-59&lang=uk,,,,,,,,,,
rec_32_d,,Метричні книги,d,Запис про смерть,,,https://drive.google.com/file/d/1iuzpikzzT6X29rov6eE7kwZLJ2epzHfA/view?usp=drive_web,,https://www.familysearch.org/ark:/61903/3:1:33SQ-GGJ9-9Q5K?i=1734&wc=Q866-N5J%3A375541101%2C375541102%2C376745401%2C378167801&cc=1921824&lang=uk,,,,,,,,,,
rec_33_d,,Метричні книги,d,Запис про смерть,,,https://drive.google.com/file/d/13hnkL6swvg4ZVEKN6NgB0XjrNAqSw9Ne/view?usp=drive_web,,,,,,,,,,,,
rec_40_d,,Метричні книги,d,Запис про смерть,,,https://drive.google.com/file/d/1pdpT7pcJ427YYxmAo1zc3nd7fdWu1nxJ/view?usp=drive_web,,,,,,,,,,,,
rec_41_d,,Метричні книги,d,Запис про смерть,,,https://drive.google.com/file/d/17Vz0eC-S9fVpz5M6RM_XqJ04oD-uVc84/view?usp=drive_web,,,,,,,,,,,,
rec_42_d,,Метричні книги,d,Запис про смерть,,,https://drive.google.com/file/d/1T0uPTx6AwMm_VfS2jqB1pTMNLWZTg9KY/view?usp=drive_web,,https://www.familysearch.org/ark:/61903/3:1:33S7-9GF9-TL6?i=630&wc=Q866-XY4%3A375541101%2C375541102%2C376745401%2C377172901&cc=1921824&lang=uk,,,,,,,,,,
rec_43_d,,Метричні книги,d,Запис про смерть,,,https://drive.google.com/file/d/10quZcT7YXZyfKXLVwk9nNiycVcx4mTQN/view?usp=drive_web,,,,,,,,,,,,
rec_44_d,,Метричні книги,d,Запис про смерть,,,https://drive.google.com/file/d/18cIJjS6Y2tJFGcfS6dZFBZ3Hhnejjb19/view?usp=drive_web,,,,,,,,,,,,
rec_45_d,,Метричні книги,d,Запис про смерть,,,https://drive.google.com/file/d/18adinIdB4suR8h27jDUlOS_pigD0tPks/view?usp=drive_web,,,,,,,,,,,,
rec_46_d,,Метричні книги,d,Запис про смерть,,,https://drive.google.com/file/d/1ceOcrowVtnntss87UqRFbNOernQofXTu/view?usp=drive_web,,,,,,,,,,,,
rec_48_d,,Метричні книги,d,Запис про смерть,,,https://drive.google.com/file/d/12hR5uPr_L7cDTvGWhuX4ZWvkJjfaeLSd/view?usp=drive_web,,https://yandex.ru/archive/catalog/60dd01c5-f34d-44ea-adda-422837910be7/96,,,,,,,,,,
rec_49_d,,Метричні книги,d,Запис про смерть,,,https://drive.google.com/file/d/1Z5ijjdVL02P4E2XYFfXYZ9LI7tV5RmOy/view?usp=drive_web,,https://yandex.ru/archive/catalog/c920e1b2-54ff-45e6-b99b-a82a934077ca/77,,,,,,,,,,
rec_51_d-1,,Метричні книги,d,Запис про смерть,,,https://drive.google.com/file/d/1znyXkt6Poksdx3urMO9FdiiTAt6CpPCa/view?usp=drive_web,,https://yandex.ru/archive/catalog/750fb927-70a4-4f44-8099-b7f8140dde60/38,,,,,,,,,,
rec_51_d,,Метричні книги,d,Запис про смерть,,,https://drive.google.com/file/d/1CT3iA0cDotBQY3tpfUu1HtQjfhfyh1d5/view?usp=drive_web,,https://yandex.ru/archive/catalog/c65e6cc7-8574-4f47-aa06-49c3524c3678/279,,,,,,,,,,
rec_52_d,,Метричні книги,d,Запис про смерть,,,https://drive.google.com/file/d/12hR5uPr_L7cDTvGWhuX4ZWvkJjfaeLSd/view?usp=drive_web,,https://yandex.ru/archive/catalog/60dd01c5-f34d-44ea-adda-422837910be7/96,,,,,,,,,,
rec_53_d-1,,Метричні книги,d,Запис про смерть,,,https://drive.google.com/file/d/12QTznYAMZz_TpvwX9JUnT3dcCF6dlsrs/view?usp=drive_web,,https://yandex.ru/archive/catalog/c920e1b2-54ff-45e6-b99b-a82a934077ca/326,,,,,,,,,,
rec_53_d,,Метричні книги,d,Запис про смерть,,,https://drive.google.com/file/d/1MU6osRauhqtZmGwAFOaYQeu5TW0xXaRQ/view?usp=drive_web,,https://yandex.ru/archive/catalog/c65e879a-9526-4c65-83e0-b5e22b7a4201/40,,,,,,,,,,
rec_54_d-1,,Метричні книги,d,Запис про смерть,,,https://drive.google.com/file/d/1cDAMqYfmZD3evS2tOfmTBKd_Jgi6tBX0/view?usp=drive_web,,https://yandex.ru/archive/catalog/c920e1b2-54ff-45e6-b99b-a82a934077ca/125,,,,,,,,,,
rec_54_d,,Метричні книги,d,Запис про смерть,,,https://drive.google.com/file/d/1oTUDJK217VSGnw1Iy3OKqDBrmzK_ckRv/view?usp=drive_web,,https://yandex.ru/archive/catalog/8ad7961f-d6c1-4459-a2f7-b5a781325f48/306,,,,,,,,,,
rec_55_d-1,,Метричні книги,d,Запис про смерть,,,https://drive.google.com/file/d/1XuuYY5KvngSbZENzTHbcWQTDXCa04m-i/view?usp=drive_web,,https://yandex.ru/archive/catalog/c920e1b2-54ff-45e6-b99b-a82a934077ca/286,,,,,,,,,,
rec_55_d,,Метричні книги,d,Запис про смерть,,,https://drive.google.com/file/d/1N-F0Zs8a-cjVudvifvVBQpMVU8AaSPUM/view?usp=drive_web,,https://yandex.ru/archive/catalog/f61cd5dc-316f-4146-896f-75ae3570f79b/305,,,,,,,,,,
rec_56_d,,Метричні книги,d,Запис про смерть,,,https://drive.google.com/file/d/1ZQYVZ7C9l1CsHTT--1NRkYDfKkDCebY4/view?usp=drive_web,,,,,,,,,,,,
rec_58_d-1,,Метричні книги,d,Запис про смерть,,,https://drive.google.com/file/d/10SALDt3EGg8dl7Y0CnnwGNTvGiGmtB8U/view?usp=drive_web,,http://agadd2.home.net.pl/metrykalia/298/sygn.%2088/album/slides/1_298_0_0_88_0175.jpg,,,,,,,,,,
rec_58_d,,Метричні книги,d,Запис про смерть,,,https://drive.google.com/file/d/1S2Ujq8D_q_YRXu86Mb33YWJqSF1vnEio/view?usp=drive_web,,https://www.familysearch.org/ark:/61903/3:1:3QHJ-JQPV-YFRT?view=explore&groupId=TH-7725-129267-14237-27&lang=uk,,,,,,,,,,
rec_59_d,,Метричні книги,d,Запис про смерть,,,https://drive.google.com/file/d/1IvMUF5n1WxgVoMEZMlfNmWk8pIVIe1To/view?usp=drive_web,,https://www.familysearch.org/ark:/61903/3:1:3QHJ-XQPV-YFR4?view=explore&groupId=TH-7725-129267-14237-27&lang=uk,,,,,,,,,,
rec_60_d-1,,Метричні книги,d,Запис про смерть,,,https://drive.google.com/file/d/1PD-4dxqsMZ2qceswY1KbZcB78kKFgrEX/view?usp=drive_web,,http://agadd2.home.net.pl/metrykalia/298/sygn.%2088/album/slides/1_298_0_0_88_0268.jpg,,,,,,,,,,
rec_60_d,,Метричні книги,d,Запис про смерть,,,https://drive.google.com/file/d/1k_v8UXd84PM4RgL_va4hn4aE9bmZjhhb/view?usp=drive_web,,https://www.familysearch.org/ark:/61903/3:1:3QHJ-JQPV-YFTQ?view=explore&groupId=TH-7725-129267-14237-27&lang=uk,,,,,,,,,,
rec_61_d-1,,Метричні книги,d,Запис про смерть,,,https://drive.google.com/file/d/1N6XClt1bR-yOKJmcfRuquKgUp5Nts_-z/view?usp=drive_web,,http://agadd2.home.net.pl/metrykalia/298/sygn.%2088/album/slides/1_298_0_0_88_0161.jpg,,,,,,,,,,
rec_61_d,,Метричні книги,d,Запис про смерть,,,https://drive.google.com/file/d/1bF1e8DXQGmIj6-3fPWn8O-lluRavwxCf/view?usp=drive_web,,https://www.familysearch.org/ark:/61903/3:1:3QHJ-XQPV-YFRR?view=explore&groupId=TH-7725-129267-14237-27&lang=uk,,,,,,,,,,
rec_62_d,,Метричні книги,d,Запис про смерть,,,https://drive.google.com/file/d/1b0c8k_iE6UuvCi-Vw4Mrl8PQtv7Q1vv3/view?usp=drive_web,,https://www.familysearch.org/ark:/61903/3:1:3QHJ-XQPV-YFVB?view=explore&groupId=TH-7727-129267-14084-52&lang=uk,,,,,,,,,,
rec_63_d-1,,Метричні книги,d,Запис про смерть,,,https://drive.google.com/file/d/1804Zs8BiXXp_8BmODip0UvuBeLYHlrM9/view?usp=drive_web,,http://agadd2.home.net.pl/metrykalia/298/sygn.%2088/album/slides/1_298_0_0_88_0206.jpg,,,,,,,,,,
rec_63_d,,Метричні книги,d,Запис про смерть,,,https://drive.google.com/file/d/1HZYY8gzjzGNl0QvczaIiHvQtaJ2ZSXg4/view?usp=drive_web,,https://www.familysearch.org/ark:/61903/3:1:3QHJ-JQPV-YFT9?view=explore&groupId=TH-7725-129267-14237-27&lang=uk,,,,,,,,,,
rec_64_d,,Метричні книги,d,Запис про смерть,,,https://drive.google.com/file/d/19J0tFeQNzIq0WPYVvlr5mywb00URjw4t/view?usp=drive_web,,https://www.familysearch.org/ark:/61903/3:1:33SQ-GGX8-PG4?i=1333&wc=Q866-XDW%3A375541101%2C375541102%2C376745401%2C377799301&cc=1921824&lang=uk,,,,,,,,,,
rec_67_d,,Метричні книги,d,Запис про смерть,,,https://drive.google.com/file/d/1jVvpwHYqTeQ0Yg3ux9k6x2NSfkQ-gqmi/view?usp=drive_web,,https://www.familysearch.org/ark:/61903/3:1:33SQ-GGX8-PB3?i=1332&wc=Q866-XDW%3A375541101%2C375541102%2C376745401%2C377799301&cc=1921824&lang=uk,,,,,,,,,,
rec_68_d-1,,Метричні книги,d,Запис про смерть,,,https://drive.google.com/file/d/14zOcI6HhW6ZCRd3uXB7zVZQ_a471GKiy/view?usp=drive_web,,https://www.familysearch.org/ark:/61903/3:1:33S7-9GF5-5Y8?i=1500&wc=Q866-J39%3A375541101%2C375541102%2C376745401%2C378261601&cc=1921824&lang=uk,,,,,,,,,,
rec_68_d,,Метричні книги,d,Запис про смерть,,,https://drive.google.com/file/d/13N3PcGya5Frsopjli-sgDAI00YtED3xe/view?usp=drive_web,,https://www.familysearch.org/ark:/61903/3:1:33S7-9GF5-R99?i=1499&wc=Q866-J39%3A375541101%2C375541102%2C376745401%2C378261601&cc=1921824&lang=uk,,,,,,,,,,
rec_69_d,,Метричні книги,d,Запис про смерть,,,https://drive.google.com/file/d/17lFFSvjnsYQb3jwtngfl0lMPdVVJtrbO/view?usp=drive_web,,https://www.familysearch.org/ark:/61903/3:1:33SQ-GGX8-PPT?i=1334&wc=Q866-XDW%3A375541101%2C375541102%2C376745401%2C377799301&cc=1921824&lang=uk,,,,,,,,,,
rec_70_d,,Метричні книги,d,Запис про смерть,,,https://drive.google.com/file/d/1LJ5u1AvSvhNn_TWTQ9C4kWRjL9YdlOkV/view?usp=drive_web,,https://www.familysearch.org/ark:/61903/3:1:33S7-9GXZ-91CD?i=239&wc=Q866-X5T%3A375541101%2C375541102%2C376745401%2C377284401&cc=1921824&lang=uk,,,,,,,,,,
rec_72_d,,Метричні книги,d,Запис про смерть,,,https://drive.google.com/file/d/166KYqBWMsdetD6sJXAuJ1Xtn3S0kUoRX/view?usp=drive_web,,https://www.familysearch.org/ark:/61903/3:1:33S7-9GXH-S3B1?i=87&cc=1921824&cat=766573&lang=uk,,,,,,,,,,
rec_74_d,,Метричні книги,d,Запис про смерть,,,https://drive.google.com/file/d/1sorpvoDwmivk1A-n8f7m0ba64xh3S7e8/view?usp=drive_web,,https://www.familysearch.org/ark:/61903/3:1:33S7-9GN5-4J2?i=754&wc=Q866-VPL%3A375541101%2C375541102%2C376745401%2C378489101&cc=1921824&lang=uk,,,,,,,,,,
rec_76_d,,Метричні книги,d,Запис про смерть,,,https://drive.google.com/file/d/1Lx1d7gEwgqe3DiMZvKltA1xs50aArdbZ/view?usp=drive_web,,https://www.familysearch.org/ark:/61903/3:1:33SQ-GGX8-ZT9?i=929&wc=Q866-FWS%3A375541101%2C375541102%2C376745401%2C377585401&cc=1921824&lang=uk,,,,,,,,,,
rec_78_d,,Метричні книги,d,Запис про смерть,,,https://drive.google.com/file/d/10RTtTKGk1zXnlcwpGY50Set4U_SKX80S/view?usp=drive_web,,https://www.familysearch.org/ark:/61903/3:1:33SQ-GGNR-3SQ?i=1214&wc=Q866-VPG%3A375541101%2C375541102%2C376745401%2C378480901&cc=1921824&lang=uk,,,,,,,,,,
rec_80_d,,Метричні книги,d,Запис про смерть,,,https://drive.google.com/file/d/1SB4ioPgGh9YPi5A-oX62r6ludoBRFv3b/view?usp=drive_web,,https://www.familysearch.org/ark:/61903/3:1:33S7-9GX6-9TBK?i=398&wc=Q866-XY9%3A375541101%2C375541102%2C376745401%2C377669801&cc=1921824&lang=uk,,,,,,,,,,
rec_82_d,,Метричні книги,d,Запис про смерть,,,https://drive.google.com/file/d/12l0_fwlpmhX2zf42sfFVU5wORdpsGsWh/view?usp=drive_web,,https://www.familysearch.org/ark:/61903/3:1:33S7-9GFY-PCC?i=895&wc=Q866-J86%3A375541101%2C375541102%2C376745401%2C378364701&cc=1921824&lang=uk,,,,,,,,,,
rec_83_d,,Метричні книги,d,Запис про смерть,,,https://drive.google.com/file/d/1zV9M0bickROoa4xJVs2uaaNmsBE7xUn6/view?usp=drive_web,,https://www.familysearch.org/ark:/61903/3:1:33S7-9GFP-FFR?i=1509&wc=Q866-NYF%3A375541101%2C375541102%2C376745401%2C378245401&cc=1921824&lang=uk,,,,,,,,,,
rec_84_d,,Метричні книги,d,Запис про смерть,,,https://drive.google.com/file/d/1231Lav_VHa2gZbJ7YoLHuT5YxgzohBe5/view?usp=drive_web,,https://www.familysearch.org/ark:/61903/3:1:33SQ-GGFB-944F?i=642&wc=Q866-J33%3A375541101%2C375541102%2C376745401%2C378292001&cc=1921824&lang=uk,,,,,,,,,,
rec_85_d,,Метричні книги,d,Запис про смерть,,,https://drive.google.com/file/d/1EzSsmikf6QmjTAHVaaj3CGbYjlCM3Bi7/view?usp=drive_web,,https://www.familysearch.org/ark:/61903/3:1:33SQ-GGFR-95CK?i=329&wc=Q866-J39%3A375541101%2C375541102%2C376745401%2C378261601&cc=1921824&lang=uk,,,,,,,,,,
rec_90_d,,Метричні книги,d,Запис про смерть,,,https://drive.google.com/file/d/1F59pSdI73tpScu3-fv64MiDzSzLuPJcd/view?usp=drive_web,,https://www.familysearch.org/ark:/61903/3:1:33SQ-GGF7-9S15?i=1175&wc=Q866-FZD%3A375541101%2C375541102%2C376745401%2C376954001&cc=1921824&lang=uk,,,,,,,,,,
rec_91_d,,Метричні книги,d,Запис про смерть,,,https://drive.google.com/file/d/1vAMSGuACAmTERnlIllPmw1b6qX_iCDT4/view?usp=drive_web,,https://www.familysearch.org/ark:/61903/3:1:33S7-9GFR-3LS?i=670&wc=Q866-NQ9%3A375541101%2C375541102%2C376745401%2C377936101&cc=1921824&lang=uk,,,,,,,,,,
rec_93_d,,Метричні книги,d,Запис про смерть,,,https://drive.google.com/file/d/190iKnWOoe-MHYNUcoa3LpE9OmvfqnsVI/view?usp=drive_web,,https://www.familysearch.org/ark:/61903/3:1:33S7-9GXZ-DF7?i=600&wc=Q866-XJN%3A375541101%2C375541102%2C376745401%2C377759101&cc=1921824&lang=uk,,,,,,,,,,
rec_94_d,,Метричні книги,d,Запис про смерть,,,https://drive.google.com/file/d/1nZPG8FmThqiPgo3R32TTF5yLhk_qJsCi/view?usp=drive_web,,https://www.familysearch.org/ark:/61903/3:1:33SQ-GGF9-9DST?i=105&wc=Q866-FLL%3A375541101%2C375541102%2C376745401%2C377963001&cc=1921824&lang=uk,,,,,,,,,,
rec_95_d,,Метричні книги,d,Запис про смерть,,,https://drive.google.com/file/d/1avSaUdvq6NaxQAmLcA9NkLXqlo4fL5Gc/view?usp=drive_web,,https://www.familysearch.org/ark:/61903/3:1:33SQ-GGX6-968T?i=416&wc=Q866-F6R%3A375541101%2C375541102%2C376745401%2C377558901&cc=1921824&lang=uk,,,,,,,,,,
rec_96_d,,Метричні книги,d,Запис про смерть,,,https://drive.google.com/file/d/1uUR1iX7UZFzGzEZT5_nARn5H9nzvop8e/view?usp=drive_web,,,,,,,,,,,,
rec_97_d,,Метричні книги,d,Запис про смерть,,,https://drive.google.com/file/d/14U9SrZH47dfjD0FvzdL8tSLFOKf8GrqX/view?usp=drive_web,,https://yandex.ru/archive/catalog/fb975873-2412-44ee-b79d-be717fbecf8b/59,,,,,,,,,,
rec_98_d,,Метричні книги,d,Запис про смерть,,,https://drive.google.com/file/d/1m8zlse3knmZRlrGPC_1bDh_cfdL33Oqr/view?usp=drive_web,,,,,,,,,,,,
rec_100_d,,Метричні книги,d,Запис про смерть,,,https://drive.google.com/file/d/1pj7d8AD0R-Rr6ai6o_jUIn-wuAjZATV1/view?usp=drive_web,,,,,,,,,,,,
rec_101_d,,Метричні книги,d,Запис про смерть,,,https://drive.google.com/file/d/1cDLtg6jQzEy0YnA5a0frw2s-6-mzSu2k/view?usp=drive_web,,https://yandex.ru/archive/catalog/60dd01c5-f34d-44ea-adda-422837910be7/238,,,,,,,,,,
rec_102_d,,Метричні книги,d,Запис про смерть,,,https://drive.google.com/file/d/1yafv5azJeznn9G0HGxqhbYCZ0k6bgM72/view?usp=drive_web,,,,,,,,,,,,
rec_103_d,,Метричні книги,d,Запис про смерть,,,https://drive.google.com/file/d/1e1GKPLPoH4-WL48pniKZWihOjiQbJIHt/view?usp=drive_web,,https://yandex.ru/archive/catalog/fb975873-2412-44ee-b79d-be717fbecf8b/33,,,,,,,,,,
rec_104_d,,Метричні книги,d,Запис про смерть,,,https://drive.google.com/file/d/1-OUtNJmOpx4A_3f-mfJaSLJ9d7YHne5h/view?usp=drive_web,,https://yandex.ru/archive/catalog/fb975873-2412-44ee-b79d-be717fbecf8b/32,,,,,,,,,,
rec_105_d,,Метричні книги,d,Запис про смерть,,,https://drive.google.com/file/d/1pj7d8AD0R-Rr6ai6o_jUIn-wuAjZATV1/view?usp=drive_web,,,,,,,,,,,,
rec_106_d,,Метричні книги,d,Запис про смерть,,,https://drive.google.com/file/d/1dGH1mg4vkyiiM9JekBm-DhDdft7eAkB9/view?usp=drive_web,,https://yandex.ru/archive/catalog/0e386c58-27d1-4196-987f-e3ee7e238b42/183,,,,,,,,,,
rec_107_d,,Метричні книги,d,Запис про смерть,,,https://drive.google.com/file/d/1R2Vkdtdmi1vUHgK6HI70YwZElRpQ7mfF/view?usp=drive_web,,,,,,,,,,,,
rec_108_d,,Метричні книги,d,Запис про смерть,,,https://drive.google.com/file/d/1ds-ouT2OMfrOEDZYSyPW8vNRlZ2zbJCw/view?usp=drive_web,,,,,,,,,,,,
rec_109_d,,Метричні книги,d,Запис про смерть,,,https://drive.google.com/file/d/1Tf6NqRuV9axzv73ElhOLZckTNMhD5wWg/view?usp=drive_web,,https://yandex.ru/archive/catalog/0e386c58-27d1-4196-987f-e3ee7e238b42/270,,,,,,,,,,
rec_110_d,,Метричні книги,d,Запис про смерть,,,https://drive.google.com/file/d/1P7FE95w2m62Rl5y0ZHx9MTwOQ1mkyat8/view?usp=drive_web,,https://yandex.ru/archive/catalog/60dd01c5-f34d-44ea-adda-422837910be7/95,,,,,,,,,,
rec_111_d-1,,Метричні книги,d,Запис про смерть,,,https://drive.google.com/file/d/1ZJBJy_0EptmC-CYuHFrIPj4G5IezA4CF/view?usp=drive_web,,https://yandex.ru/archive/catalog/c920e1b2-54ff-45e6-b99b-a82a934077ca/207,,,,,,,,,,
rec_111_d,,Метричні книги,d,Запис про смерть,,,https://drive.google.com/file/d/178lbsYqKimOWHIyTPECsKXEKiwZAA6LK/view?usp=drive_web,,https://yandex.ru/archive/catalog/6ab98464-6fdf-44ce-8250-68358b2c679d/319,,,,,,,,,,
rec_116_d,,Метричні книги,d,Запис про смерть,,,https://drive.google.com/file/d/1HWJyzyABJblu97wulgkMp3lDvqmhy3bA/view?usp=drive_web,,https://www.familysearch.org/ark:/61903/3:1:3Q9M-C9PT-Q994-6?cat=2997966&i=335&lang=uk,,,,,,,,,,
rec_117_d,,Метричні книги,d,Запис про смерть,,,https://drive.google.com/file/d/1G5zoqZ8bAzXmV7bqf7HsQzr8CAiouf61/view?usp=drive_web,,https://www.familysearch.org/ark:/61903/3:1:3Q9M-C9PT-Q99S-R?cat=2997966&i=349&lang=uk,,,,,,,,,,
rec_118_d,,Метричні книги,d,Запис про смерть,,,https://drive.google.com/file/d/1RTQXkB0xuJAmXI70tmtYkaoNbZSz30tv/view?usp=drive_web,,https://www.familysearch.org/ark:/61903/3:1:3Q9M-C9PT-Q99J-Z?cat=2997966&i=300&lang=uk,,,,,,,,,,
rec_119_d-1,,Метричні книги,d,Запис про смерть,,,https://drive.google.com/file/d/1MuVUZ0ToKEP3vQC9bPQ1TZI1-f_jFBEW/view?usp=drive_web,,https://www.familysearch.org/ark:/61903/3:1:3Q9M-C9PT-Q9S6-3?cat=2997966&i=248&lang=uk,,,,,,,,,,
rec_119_d,,Метричні книги,d,Запис про смерть,,,https://drive.google.com/file/d/1bVuJnN2wGmnhDvVRN9R9J4-oMrdt0-j4/view?usp=drive_web,,https://www.familysearch.org/ark:/61903/3:1:33SQ-GRSM-DC4?i=54&wc=QV6D-4GM%3A180600901%2C192872401%2C192909601&cc=1910265&lang=uk,,,,,,,,,,
rec_120_d-1,,Метричні книги,d,Запис про смерть,,,https://drive.google.com/file/d/1BfSIS2X-Fiaw50n6u7Uzu3oEuLxmU6-q/view?usp=drive_web,,http://agadd2.home.net.pl/metrykalia/298/sygn.%2088/album/slides/1_298_0_0_88_0127.jpg,,,,,,,,,,
rec_120_d,,Метричні книги,d,Запис про смерть,,,https://drive.google.com/file/d/1vqZjvCkC1CE3ogezuPfOrX8Ekabu6PyK/view?usp=drive_web,,https://www.familysearch.org/ark:/61903/3:1:3QHJ-FQPV-YFRC?view=explore&groupId=TH-7725-129267-14237-27&lang=uk,,,,,,,,,,
rec_122_d,,Метричні книги,d,Запис про смерть,,,https://drive.google.com/file/d/19p9qiH5yZoMyhgYhTkXvseEbPTmcs0EY/view?usp=drive_web,,https://www.familysearch.org/ark:/61903/3:1:3QHK-6Q5V-9DCM?view=explore&groupId=TH-7723-129901-1698-11&lang=uk,,,,,,,,,,
rec_123_d,,Метричні книги,d,Запис про смерть,,,https://drive.google.com/file/d/1bA_I6BTj5aiBusTl1uzfh2fN6P2AsvTA/view?usp=drive_web,,https://www.familysearch.org/ark:/61903/3:1:3QHK-WQ5V-9DQT?view=explore&groupId=TH-7723-129901-1698-11&lang=uk,,,,,,,,,,
rec_126_d,,Метричні книги,d,Запис про смерть,,,https://drive.google.com/file/d/1xYVbXi1e_kyerJ_x6eaCaQNODGoiT3WY/view?usp=drive_web,,https://www.familysearch.org/ark:/61903/3:1:3Q9M-C9PT-Q1M4?cat=2997966&i=474&lang=uk,,,,,,,,,,
rec_127_d-1,,Метричні книги,d,Запис про смерть,,,https://drive.google.com/file/d/138naKQ8uWGkgsX6iqHIrGm8y-bjQF_Mb/view?usp=drive_web,,http://agadd2.home.net.pl/metrykalia/298/sygn.%2088/album/slides/1_298_0_0_88_0222.jpg,,,,,,,,,,
rec_127_d,,Метричні книги,d,Запис про смерть,,,https://drive.google.com/file/d/1OhFk4a58qRXzIEb-MfGZfMTDMlrI_qWp/view?usp=drive_web,,https://www.familysearch.org/ark:/61903/3:1:3QHJ-JQPV-YFTS?view=explore&groupId=TH-7725-129267-14237-27&lang=uk,,,,,,,,,,
rec_128_d,,Метричні книги,d,Запис про смерть,,,https://drive.google.com/file/d/1Wo79IhmQPojx225av8kY2M_e1bQZ3bCB/view?usp=drive_web,,https://www.familysearch.org/ark:/61903/3:1:33SQ-GGX8-V8V?i=223&wc=Q866-XB6%3A375541101%2C375541102%2C376745401%2C376745402&cc=1921824&lang=uk,,,,,,,,,,
rec_131_d,,Метричні книги,d,Запис про смерть,,,https://drive.google.com/file/d/1QIQ1J8K4YsU_mcXrV5hclb-OvZpRvtyI/view?usp=drive_web,,https://www.familysearch.org/ark:/61903/3:1:33SQ-GGFR-9XMW?i=234&wc=Q866-JN9%3A375541101%2C375541102%2C376745401%2C378149701&cc=1921824&lang=uk,,,,,,,,,,
rec_138_d,,Метричні книги,d,Запис про смерть,,,https://drive.google.com/file/d/153g9KxfUcpl7gfb08ci7dGghTt0AQMAU/view?usp=drive_web,,https://www.familysearch.org/ark:/61903/3:1:33SQ-GGX6-BRZ?i=564&wc=Q866-FDD%3A375541101%2C375541102%2C376745401%2C377535102&cc=1921824&lang=uk,,,,,,,,,,
rec_141_d,,Метричні книги,d,Запис про смерть,,,https://drive.google.com/file/d/1QIQ1J8K4YsU_mcXrV5hclb-OvZpRvtyI/view?usp=drive_web,,https://www.familysearch.org/ark:/61903/3:1:33SQ-GGFR-9XMW?i=234&wc=Q866-JN9%3A375541101%2C375541102%2C376745401%2C378149701&cc=1921824&lang=uk,,,,,,,,,,
rec_142_d,,Метричні книги,d,Запис про смерть,,,https://drive.google.com/file/d/1BjmN3E4ahRKimgFuWLXWVZIB7UdQ7TQj/view?usp=drive_web,,https://www.familysearch.org/ark:/61903/3:1:33SQ-GGF2-1FP?i=134&wc=Q866-NRH%3A375541101%2C375541102%2C376745401%2C378140101&cc=1921824&lang=uk,,,,,,,,,,
rec_145_d,,Метричні книги,d,Запис про смерть,,,https://drive.google.com/file/d/1bv5lhQVWfKr1rMv6K1gqPe1mI-Zjk_OE/view?usp=drive_web,,https://www.familysearch.org/ark:/61903/3:1:33S7-9GJM-LRS?i=291&wc=Q866-NK4%3A375541101%2C375541102%2C376745401%2C377864601&cc=1921824&lang=uk,,,,,,,,,,
rec_146_d,,Метричні книги,d,Запис про смерть,,,https://drive.google.com/file/d/1XI9X4zpoloO3mHM9vk-Ny-J2vfGw4C-O/view?usp=drive_web,,https://www.familysearch.org/ark:/61903/3:1:33S7-9GNY-928S?i=86&wc=Q866-KMC%3A375541101%2C375541102%2C376745401%2C378455401&cc=1921824&lang=uk,,,,,,,,,,
rec_152_d,,Метричні книги,d,Запис про смерть,,,https://drive.google.com/file/d/1WiBVoNJrIhsNQ_1UK-e7Jn4XDs_noyKR/view?usp=drive_web,,https://www.familysearch.org/ark:/61903/3:1:33S7-9GFP-D4J?i=38&wc=Q866-NB4%3A375541101%2C375541102%2C376745401%2C378113101&cc=1921824&lang=uk,,,,,,,,,,
rec_154_d,,Метричні книги,d,Запис про смерть,,,https://drive.google.com/file/d/1RtOaVT8txdmOOQt21NQ3m2LfdBcqzLbO/view?usp=drive_web,,https://www.familysearch.org/ark:/61903/3:1:33SQ-GGX8-9NQ6?i=153&wc=Q866-FS5%3A375541101%2C375541102%2C376745401%2C376810001&cc=1921824&lang=uk,,,,,,,,,,
rec_158_d,,Метричні книги,d,Запис про смерть,,,https://drive.google.com/file/d/1UuUllKeaJc_3LYY-sRDWY3A-d9z7FOuT/view?usp=drive_web,,https://www.familysearch.org/ark:/61903/3:1:33SQ-GGXZ-91WC?i=476&wc=Q866-X5T%3A375541101%2C375541102%2C376745401%2C377284401&cc=1921824&lang=uk,,,,,,,,,,
rec_160_d,,Метричні книги,d,Запис про смерть,,,https://drive.google.com/file/d/1J9T81s8jclyZ__KiVukukzRVwAqMaGJy/view?usp=drive_web,,https://www.familysearch.org/ark:/61903/3:1:33SQ-GGXD-99RN?i=341&wc=Q866-XJD%3A375541101%2C375541102%2C376745401%2C377741501&cc=1921824&lang=uk,,,,,,,,,,
rec_161_d,,Метричні книги,d,Запис про смерть,,,https://drive.google.com/file/d/1EPgcvTQo5Rf3RbG6vEAnKgWyZT5wTJoZ/view?usp=drive_web,,https://www.familysearch.org/ark:/61903/3:1:33S7-9GX6-RY9?i=161&wc=Q866-FWS%3A375541101%2C375541102%2C376745401%2C377585401&cc=1921824&lang=uk,,,,,,,,,,
rec_162_d,,Метричні книги,d,Запис про смерть,,,https://drive.google.com/file/d/1nBLhwxk1NG-G6igK5UmGTM2Ky6FMrMV6/view?usp=drive_web,,https://www.familysearch.org/ark:/61903/3:1:33SQ-GGFP-9N4G?i=579&wc=Q866-NBJ%3A375541101%2C375541102%2C376745401%2C378305701&cc=1921824&lang=uk,,,,,,,,,,
rec_163_d,,Метричні книги,d,Запис про смерть,,,https://drive.google.com/file/d/1yhnELHRliEZJqa61SHcghGyNoxWGRUvg/view?usp=drive_web,,https://www.familysearch.org/ark:/61903/3:1:33SQ-GGFP-9F1Q?i=585&wc=Q866-NBJ%3A375541101%2C375541102%2C376745401%2C378305701&cc=1921824&lang=uk,,,,,,,,,,
rec_164_d,,Метричні книги,d,Запис про смерть,,,https://drive.google.com/file/d/1h2NoaSR6n6xDfDwCNd1kpcOkoIN0WurB/view?usp=drive_web,,https://www.familysearch.org/ark:/61903/3:1:33SQ-GGF5-9ZLH?i=350&wc=Q866-F3D%3A375541101%2C375541102%2C376745401%2C376824301&cc=1921824&lang=uk,,,,,,,,,,
rec_165_d,,Метричні книги,d,Запис про смерть,,,https://drive.google.com/file/d/1787eFdo70yw5RzEe4wQJtl4KAMWdAaVh/view?usp=drive_web,,https://www.familysearch.org/ark:/61903/3:1:33S7-9GXH-SQBK?i=693&cc=1921824&cat=766573&lang=uk,,,,,,,,,,
rec_166_d,,Метричні книги,d,Запис про смерть,,,https://drive.google.com/file/d/1OYZ85zsW2MLQtwlQ_zzrfacEc78k5jjW/view?usp=drive_web,,https://www.familysearch.org/ark:/61903/3:1:33S7-9GXD-9M1T?i=433&wc=Q866-FH5%3A375541101%2C375541102%2C376745401%2C377387001&cc=1921824&lang=uk,,,,,,,,,,
rec_168_d,,Метричні книги,d,Запис про смерть,,,https://drive.google.com/file/d/1Q-D6xrA1ovNdRD_1sZ0cFi-du9WDJ2AE/view?usp=drive_web,,https://www.familysearch.org/ark:/61903/3:1:33S7-9GX6-9GFQ?i=198&wc=Q866-FXJ%3A375541101%2C375541102%2C376745401%2C377256401&cc=1921824&lang=uk,,,,,,,,,,
rec_169_d,,Метричні книги,d,Запис про смерть,,,https://drive.google.com/file/d/16n6LJ9K1VZvCErjJJRaut0wDj37fayAs/view?usp=drive_web,,https://www.familysearch.org/ark:/61903/3:1:33S7-9GFR-CRM?i=433&wc=Q866-JZV%3A375541101%2C375541102%2C376745401%2C378155401&cc=1921824&lang=uk,,,,,,,,,,
rec_170_d,,Метричні книги,d,Запис про смерть,,,https://drive.google.com/file/d/1emdUwb9E5C34GQgP9DAaicONVOLeCMDR/view?usp=drive_web,,https://www.familysearch.org/ark:/61903/3:1:33SQ-GGFR-9FYP?i=78&wc=Q866-JZV%3A375541101%2C375541102%2C376745401%2C378155401&cc=1921824&lang=uk,,,,,,,,,,
rec_171_d,,Метричні книги,d,Запис про смерть,,,https://drive.google.com/file/d/1sZw5PMW8FJmIuTrICm5r9MBKxV9v9HG3/view?usp=drive_web,,https://www.familysearch.org/ark:/61903/3:1:33S7-9GFR-HC5?i=70&wc=Q866-NPL%3A375541101%2C375541102%2C376745401%2C378161901&cc=1921824&lang=uk,,,,,,,,,,
rec_172_d,,Метричні книги,d,Запис про смерть,,,https://drive.google.com/file/d/15zC2yzWvjuek3WV0WtcSQAYsduQBqpsY/view?usp=drive_web,,https://www.familysearch.org/ark:/61903/3:1:33S7-9GNY-S9W2?i=881&wc=Q866-F8S%3A375541101%2C375541102%2C376745401%2C377348001&cc=1921824&lang=uk,,,,,,,,,,
rec_174_d,,Метричні книги,d,Запис про смерть,,,https://drive.google.com/file/d/1xwMprJRJn7rJtGPu2DpUBptPRcRE1mMZ/view?usp=drive_web,,https://www.familysearch.org/ark:/61903/3:1:33SQ-GGF2-1SB?i=231&wc=Q866-NRH%3A375541101%2C375541102%2C376745401%2C378140101&cc=1921824&lang=uk,,,,,,,,,,
rec_175_d,,Метричні книги,d,Запис про смерть,,,https://drive.google.com/file/d/1Bk7cFH-QnjfiimHxGo39NLgBoh488Slw/view?usp=drive_web,,https://www.familysearch.org/ark:/61903/3:1:33SQ-GGX6-T98?i=203&wc=Q866-FDD%3A375541101%2C375541102%2C376745401%2C377535102&cc=1921824&lang=uk,,,,,,,,,,
rec_180_d,,Метричні книги,d,Запис про смерть,,,https://drive.google.com/file/d/1bPd-ykLPb99qfY-7VjjyLPbZTChPIzQi/view?usp=drive_web,,https://www.familysearch.org/ark:/61903/3:1:33S7-9GJM-5Q7?i=579&wc=Q866-NK4%3A375541101%2C375541102%2C376745401%2C377864601&cc=1921824&lang=uk,,,,,,,,,,
rec_181_d,,Метричні книги,d,Запис про смерть,,,https://drive.google.com/file/d/1tOktNYP7WouMHfreIBUfoW0zeiC-yTMw/view?usp=drive_web,,https://www.familysearch.org/ark:/61903/3:1:33S7-9GJ9-X3B?i=1397&wc=Q866-NQM%3A375541101%2C375541102%2C376745401%2C377908501&cc=1921824&lang=uk,,,,,,,,,,
rec_183_d,,Метричні книги,d,Запис про смерть,,,https://drive.google.com/file/d/1L9f1lM2En7wDn0oSDDt4-qc_f668zkB-/view?usp=drive_web,,https://www.familysearch.org/ark:/61903/3:1:33S7-9GNY-9VBM?i=395&wc=Q866-KMC%3A375541101%2C375541102%2C376745401%2C378455401&cc=1921824&lang=uk,,,,,,,,,,
rec_186_d,,Метричні книги,d,Запис про смерть,,,https://drive.google.com/file/d/1NB4WX957Q0apSs-DfbZe1OJqsNWZlY7y/view?usp=drive_web,,https://www.familysearch.org/ark:/61903/3:1:33S7-9GXZ-96N7?i=134&wc=Q866-XG2%3A375541101%2C375541102%2C376745401%2C377473801&cc=1921824&lang=uk,,,,,,,,,,
rec_187_d,,Метричні книги,d,Запис про смерть,,,https://drive.google.com/file/d/1f0gdgmlu4rmPxf-YlUYyWr97SVYe70kv/view?usp=drive_web,,https://www.familysearch.org/ark:/61903/3:1:33S7-9GJ9-XMV?i=1395&wc=Q866-NQM%3A375541101%2C375541102%2C376745401%2C377908501&cc=1921824&lang=uk,,,,,,,,,,
rec_188_d,,Метричні книги,d,Запис про смерть,,,https://drive.google.com/file/d/1B9280G1sI0PD3zuLjkqPsVXVlnI5_N6_/view?usp=drive_web,,https://www.familysearch.org/ark:/61903/3:1:33SQ-GGN5-HF7?i=292&wc=Q866-VP2%3A375541101%2C375541102%2C376745401%2C378467701&cc=1921824&lang=uk,,,,,,,,,,
rec_189_d,,Метричні книги,d,Запис про смерть,,,https://drive.google.com/file/d/1SZxbjrdaFN1JtxqdTN1PUIDQ9IGsy_K7/view?usp=drive_web,,https://www.familysearch.org/ark:/61903/3:1:33S7-9GF9-XYR?i=639&wc=Q866-FKW%3A375541101%2C375541102%2C376745401%2C377841701&cc=1921824&lang=uk,,,,,,,,,,
rec_190_d,,Метричні книги,d,Запис про смерть,,,https://drive.google.com/file/d/1_575GW5tEcQ7tDSGUzlOayKrJ9LbpLWE/view?usp=drive_web,,https://www.familysearch.org/ark:/61903/3:1:33S7-9GXZ-9BNZ?i=380&wc=Q866-XRN%3A375541101%2C375541102%2C376745401%2C377273101&cc=1921824&lang=uk,,,,,,,,,,
rec_191_d,,Метричні книги,d,Запис про смерть,,,https://drive.google.com/file/d/1iGIhAUnc3ZyK2aGwz-r8t88EfyrqN_eG/view?usp=drive_web,,https://www.familysearch.org/ark:/61903/3:1:33SQ-GGJM-NWG?i=381&wc=Q866-K76%3A375541101%2C375541102%2C376745401%2C378390101&cc=1921824&lang=uk,,,,,,,,,,
rec_192_d,,Метричні книги,d,Запис про смерть,,,https://drive.google.com/file/d/1aKgfsOwQ888DTH3PSpaHAQ9jzayd2tNq/view?usp=drive_web,,https://yandex.ru/archive/catalog/a6452de3-b577-4e71-906a-f8e0175e46cc/221,,,,,,,,,,
rec_193_d,,Метричні книги,d,Запис про смерть,,,https://drive.google.com/file/d/1KXk1YgdT3au0-S6LppVa86R_wWJ3p97J/view?usp=drive_web,,https://yandex.ru/archive/catalog/a6452de3-b577-4e71-906a-f8e0175e46cc/196,,,,,,,,,,
rec_194_d,,Метричні книги,d,Запис про смерть,,,https://drive.google.com/file/d/1uiUGstMLBtGaYGwmSpiEwLI4D__0n0l2/view?usp=drive_web,,,,,,,,,,,,
rec_195_d,,Метричні книги,d,Запис про смерть,,,https://drive.google.com/file/d/16i_ps5MIWrpPpS0OCKACwEVyzAbH0rVE/view?usp=drive_web,,https://yandex.ru/archive/catalog/a6452de3-b577-4e71-906a-f8e0175e46cc/214,,,,,,,,,,
rec_200_d,,Метричні книги,d,Запис про смерть,,,https://drive.google.com/file/d/1YO51rR12nLeSwZ7tvdr797TTNL7YGNjB/view?usp=drive_web,,,,,,,,,,,,
rec_201_d-1,,Метричні книги,d,Запис про смерть,,,https://drive.google.com/file/d/1_0uSQZgQRjnPwzs_rugubyfBdFuPV6jG/view?usp=drive_web,,,,,,,,,,,,
rec_201_d,,Метричні книги,d,Запис про смерть,,,https://drive.google.com/file/d/1FqeRXC3sxAz72T06w6hl49mqWMBCeOnR/view?usp=drive_web,,,,,,,,,,,,
rec_202_d,,Метричні книги,d,Запис про смерть,,,https://drive.google.com/file/d/1NeSZnbA7TPIksOCzYec3VJebx4mZPmWn/view?usp=drive_web,,,,,,,,,,,,
rec_203_d,,Метричні книги,d,Запис про смерть,,,https://drive.google.com/file/d/18hpuXps1te14H0iACPR5MMfDh9Q5OAvD/view?usp=drive_web,,,,,,,,,,,,
rec_204_d,,Метричні книги,d,Запис про смерть,,,https://drive.google.com/file/d/1Uuw36yutGS7oqEyksM89OB1K5JnLhKS0/view?usp=drive_web,,,,,,,,,,,,
rec_205_d,,Метричні книги,d,Запис про смерть,,,https://drive.google.com/file/d/18RnIUIcjFLmiiZavgiOw-LzpMo4LtNtV/view?usp=drive_web,,,,,,,,,,,,
rec_206_d,,Метричні книги,d,Запис про смерть,,,https://drive.google.com/file/d/1TWYfSzs-8J-JK8HKY7WGso829lfCYzwi/view?usp=drive_web,,,,,,,,,,,,
rec_207_d,,Метричні книги,d,Запис про смерть,,,https://drive.google.com/file/d/1gTQshbDyLh1-NA3a3jKPGcSF4DxM-hKp/view?usp=drive_web,,,,,,,,,,,,
rec_208_d,,Метричні книги,d,Запис про смерть,,,https://drive.google.com/file/d/1IAZSBw5WFeApB7zGwOaiBBoOQKDrEDO_/view?usp=drive_web,,,,,,,,,,,,
rec_210_d,,Метричні книги,d,Запис про смерть,,,https://drive.google.com/file/d/12SdIpLavbbJ210tLQ5hhyothhj089Qi-/view?usp=drive_web,,,,,,,,,,,,
rec_211_d,,Метричні книги,d,Запис про смерть,,,https://drive.google.com/file/d/1GbY6MakXVSI5FzX4rrQBId0M3NwjonHu/view?usp=drive_web,,,,,,,,,,,,
rec_212_d,,Метричні книги,d,Запис про смерть,,,https://drive.google.com/file/d/11rP-v8EU0wBs-X4ol_WoLI9hgM6V5Muc/view?usp=drive_web,,,,,,,,,,,,
rec_213_d,,Метричні книги,d,Запис про смерть,,,https://drive.google.com/file/d/1QF85aeW0Zw185BG8Xnn5c2w6bT_Qgply/view?usp=drive_web,,,,,,,,,,,,
rec_216_d,,Метричні книги,d,Запис про смерть,,,https://drive.google.com/file/d/1jfY9Bru7IcGqn5QSOBCISELA7JXVTddY/view?usp=drive_web,,,,,,,,,,,,
rec_217_d,,Метричні книги,d,Запис про смерть,,,https://drive.google.com/file/d/1ljEBPj85NTUMBGuxTygrh7dMcbloDv4Q/view?usp=drive_web,,,,,,,,,,,,
rec_218_d,,Метричні книги,d,Запис про смерть,,,https://drive.google.com/file/d/1E7ukQDFsivhIviBSlh1GbMK37TZp6777/view?usp=drive_web,,,,,,,,,,,,
rec_220_d,,Метричні книги,d,Запис про смерть,,,https://drive.google.com/file/d/1X0CXm_oBHgkqgTKhj8qlcJNf3ZElT6kD/view?usp=drive_web,,,,,,,,,,,,
rec_221_d,,Метричні книги,d,Запис про смерть,,,https://drive.google.com/file/d/1QzyAI4ZqUw5NA_zUJrrm3hyqyflnWE2-/view?usp=drive_web,,,,,,,,,,,,
rec_222_d,,Метричні книги,d,Запис про смерть,,,https://drive.google.com/file/d/10FrReQyIQjzAGVXC1jgNsvj30gSX_d_b/view?usp=drive_web,,,,,,,,,,,,
rec_223_d,,Метричні книги,d,Запис про смерть,,,https://drive.google.com/file/d/1PVcrX8Txry6upa4hI8KKV9UXqgC3E2M9/view?usp=drive_web,,https://yandex.ru/archive/catalog/fb975873-2412-44ee-b79d-be717fbecf8b/280,,,,,,,,,,
rec_224_d,,Метричні книги,d,Запис про смерть,,,https://drive.google.com/file/d/18o7he-eKyuK7E5P1Yhyk2E4BpVHeUfon/view?usp=drive_web,,https://www.familysearch.org/ark:/61903/3:1:3Q9M-C95P-H93N-Y?lang=uk&i=205,,,,,,,,,,
rec_225_d,,Метричні книги,d,Запис про смерть,,,https://drive.google.com/file/d/1h47zPpfm2d0kgKHot_L0Nv_IhrGf035y/view?usp=drive_web,,https://www.familysearch.org/ark:/61903/3:1:3Q9M-C95P-H935-8?lang=uk&i=203,,,,,,,,,,
rec_226_d,,Метричні книги,d,Запис про смерть,,,https://drive.google.com/file/d/1u2-3bQh9NMUmorlY5XGgj08f3Sa71T07/view?usp=drive_web,,https://www.familysearch.org/ark:/61903/3:1:3Q9M-C95P-H93V-C?lang=uk&i=196,,,,,,,,,,
rec_232_d-1,,Метричні книги,d,Запис про смерть,,,https://drive.google.com/file/d/1cOiNTDGzEC8JM5b-_40v0vX-wNK_5Kdu/view?usp=drive_web,,https://www.familysearch.org/ark:/61903/3:1:3Q9M-C9PT-Q9M7-3?cat=2997966&i=60&lang=uk,,,,,,,,,,
rec_232_d,,Метричні книги,d,Запис про смерть,,,https://drive.google.com/file/d/1bQn6YwccqrfVDsFwCpGrU4X4REwGdGBv/view?usp=drive_web,,https://www.familysearch.org/ark:/61903/3:1:33S7-9RSM-6SV?wc=QV6D-4GM%3A180600901%2C192872401%2C192909601%26cc%3D1910265&lang=uk&i=19&cc=1910265,,,,,,,,,,
rec_234_d-1,,Метричні книги,d,Запис про смерть,,,https://drive.google.com/file/d/1yLxfEoaDv2rxCA1F-7aGma_aydaUzIWM/view?usp=drive_web,,https://www.familysearch.org/ark:/61903/3:1:3Q9M-C9PT-Q9M6-1?cat=2997966&i=20&lang=uk,,,,,,,,,,
rec_234_d,,Метричні книги,d,Запис про смерть,,,https://drive.google.com/file/d/16fsk8qI8230gV-gYGBflWXhG8E7DELZW/view?usp=drive_web,,https://www.familysearch.org/ark:/61903/3:1:33S7-9RSM-694?wc=QV6D-4GM%3A180600901%2C192872401%2C192909601%26cc%3D1910265&lang=uk&i=9,,,,,,,,,,
rec_235_d-1,,Метричні книги,d,Запис про смерть,,,https://drive.google.com/file/d/1z_F7GABn9q9POGq45pnynpVseAPbzjBQ/view?usp=drive_web,,https://www.familysearch.org/ark:/61903/3:1:3Q9M-C9PT-Q939-1?cat=2997966&i=184&lang=uk,,,,,,,,,,
rec_235_d,,Метричні книги,d,Запис про смерть,,,https://drive.google.com/file/d/1QQZQwYhEoE8akc2ajKoPvfcMoz2ICayw/view?usp=drive_web,,https://www.familysearch.org/ark:/61903/3:1:33S7-9RSM-DBD?wc=QV6D-4GM%3A180600901%2C192872401%2C192909601%26cc%3D1910265&lang=uk&i=42&cc=1910265,,,,,,,,,,
rec_236_d-1,,Метричні книги,d,Запис про смерть,,,https://drive.google.com/file/d/1udOz3zsX951nE-GOBEudFxBUi6lXd6Ba/view?usp=drive_web,,https://www.familysearch.org/ark:/61903/3:1:3Q9M-C9PT-Q9M7-H?cat=2997966&i=61&lang=uk,,,,,,,,,,
rec_236_d,,Метричні книги,d,Запис про смерть,,,https://drive.google.com/file/d/1bwxnS9JnWrShg4MJU8Bqd-aodDc8-EaI/view?usp=drive_web,,https://www.familysearch.org/ark:/61903/3:1:33SQ-GRSM-DVK?wc=QV6D-4GM%3A180600901%2C192872401%2C192909601%26cc%3D1910265&lang=uk&i=21&cc=1910265,,,,,,,,,,
rec_237_d-1,,Метричні книги,d,Запис про смерть,,,https://drive.google.com/file/d/1udOz3zsX951nE-GOBEudFxBUi6lXd6Ba/view?usp=drive_web,,https://www.familysearch.org/ark:/61903/3:1:3Q9M-C9PT-Q9M7-H?cat=2997966&i=61&lang=uk,,,,,,,,,,
rec_237_d,,Метричні книги,d,Запис про смерть,,,https://drive.google.com/file/d/1bwxnS9JnWrShg4MJU8Bqd-aodDc8-EaI/view?usp=drive_web,,https://www.familysearch.org/ark:/61903/3:1:33SQ-GRSM-DVK?wc=QV6D-4GM%3A180600901%2C192872401%2C192909601%26cc%3D1910265&lang=uk&i=21&cc=1910265,,,,,,,,,,
rec_238_d,,Метричні книги,d,Запис про смерть,,,https://drive.google.com/file/d/1ZFnDDuet-4HRBzNQeZ6rrgNr72iIH1Ye/view?usp=drive_web,,https://www.familysearch.org/ark:/61903/3:1:33SQ-GRS6-D8D?wc=QVFT-CR1%3A180600901%2C199473901%2C199473902%26cc%3D1910265&lang=uk&i=5,,,,,,,,,,
rec_240_d,,Метричні книги,d,Запис про смерть,,,https://drive.google.com/file/d/1vTX_1NyiEvX-30tPm0bWcHfwUnWi1eTF/view?usp=drive_web,,https://www.familysearch.org/ark:/61903/3:1:3Q9M-C9PT-Q99V-Q?cat=2997966&i=299&lang=uk,,,,,,,,,,
rec_241_d,,Метричні книги,d,Запис про смерть,,,https://drive.google.com/file/d/1xYVbXi1e_kyerJ_x6eaCaQNODGoiT3WY/view?usp=drive_web,,https://www.familysearch.org/ark:/61903/3:1:3Q9M-C9PT-Q1M4?cat=2997966&i=474&lang=uk,,,,,,,,,,
rec_242_d,,Метричні книги,d,Запис про смерть,,,https://drive.google.com/file/d/1USMd2c3sojhgApdEGx1zNcnuy2lmBUDK/view?usp=drive_web,,https://www.familysearch.org/ark:/61903/3:1:33SQ-GRS7-9QB5?wc=QVG9-FWJ%3A180600901%2C204054701%2C204055601%26cc%3D1910265&lang=uk&i=36,,,,,,,,,,
rec_243_d,,Метричні книги,d,Запис про смерть,,,https://drive.google.com/file/d/1iqWsTrDkQ4E1UvlIhiiAZUBCO1-JwyWK/view?usp=drive_web,,https://www.familysearch.org/ark:/61903/3:1:33SQ-GRS7-97QZ?wc=QVG9-FWJ%3A180600901%2C204054701%2C204055601%26cc%3D1910265&lang=uk&i=22&cc=1910265,,,,,,,,,,
rec_244_d,,Метричні книги,d,Запис про смерть,,,https://drive.google.com/file/d/1kK0x6GrIQJFeI4liGFmil03onb6qixlg/view?usp=drive_web,,https://www.familysearch.org/ark:/61903/3:1:33S7-9RSJ-F6Q?wc=QVG9-F4W%3A180600901%2C204054701%2C204055801%26cc%3D1910265&lang=uk&i=51&cc=1910265,,,,,,,,,,
rec_245_d,,Метричні книги,d,Запис про смерть,,,https://drive.google.com/file/d/12ZWaeNe3YJyuE5Udo8e4YKbveZidHIBM/view?usp=drive_web,,https://www.familysearch.org/ark:/61903/3:1:33SQ-GRS7-97QQ?wc=QVG9-FWJ%3A180600901%2C204054701%2C204055601%26cc%3D1910265&lang=uk&i=24&cc=1910265,,,,,,,,,,
rec_246_d,,Метричні книги,d,Запис про смерть,,,https://drive.google.com/file/d/1mqA-Gc_1Jem-n2v4bfyRsoImPuGwBJtY/view?usp=drive_web,,https://www.familysearch.org/ark:/61903/3:1:33SQ-GRS7-977F?wc=QVG9-FWJ%3A180600901%2C204054701%2C204055601%26cc%3D1910265&lang=uk&i=16,,,,,,,,,,
rec_247_d,,Метричні книги,d,Запис про смерть,,,https://drive.google.com/file/d/10TtMaOQbI15Z32LBYdHQi0RzNUL8T4kK/view?usp=drive_web,,https://www.familysearch.org/ark:/61903/3:1:33S7-9RS7-9452?wc=QVG9-FWJ%3A180600901%2C204054701%2C204055601%26cc%3D1910265&lang=uk&i=23&cc=1910265,,,,,,,,,,
rec_248_d-1,,Метричні книги,d,Запис про смерть,,,https://drive.google.com/file/d/14NNRY_L0bW4qaQ8Lkq_2BqGAnklCTE54/view?usp=drive_web,,https://www.familysearch.org/ark:/61903/3:1:3Q9M-C9PT-Q9S7-H?cat=2997966&i=191&lang=uk,,,,,,,,,,
rec_248_d,,Метричні книги,d,Запис про смерть,,,https://drive.google.com/file/d/1bmbVzosxudH_aWwLqq0ezII55_yuGsUT/view?usp=drive_web,,https://www.familysearch.org/ark:/61903/3:1:33SQ-GRSM-D8F?wc=QV6D-4GM%3A180600901%2C192872401%2C192909601%26cc%3D1910265&lang=uk&i=50,,,,,,,,,,
rec_249_d-1,,Метричні книги,d,Запис про смерть,,,https://drive.google.com/file/d/1MQieJYFAqfxRYSoWhn6mCjkDwMvCDZI1/view?usp=drive_web,,https://www.familysearch.org/ark:/61903/3:1:3Q9M-C9PT-Q9M3-C?cat=2997966&i=63&lang=uk,,,,,,,,,,
rec_249_d,,Метричні книги,d,Запис про смерть,,,https://drive.google.com/file/d/1wOTMjPvBqi9nYFp1u77f-ujKz_h_sPRh/view?usp=drive_web,,https://www.familysearch.org/ark:/61903/3:1:33S7-9RSM-DY9?wc=QV6D-4GM%3A180600901%2C192872401%2C192909601%26cc%3D1910265&lang=uk&i=24,,,,,,,,,,
rec_250_d,,Метричні книги,d,Запис про смерть,,,https://drive.google.com/file/d/1yCH4wU6hyKJUk8YFo7DeaC7K_Sa-_zRe/view?usp=drive_web,,https://www.familysearch.org/ark:/61903/3:1:33SQ-GRSD-V3?wc=QV6D-41L%3A180600901%2C192508401%2C192695901%26cc%3D1910265&lang=uk&i=29,,,,,,,,,,
rec_252_d,,Метричні книги,d,Запис про смерть,,,https://drive.google.com/file/d/1HWJyzyABJblu97wulgkMp3lDvqmhy3bA/view?usp=drive_web,,https://www.familysearch.org/ark:/61903/3:1:3Q9M-C9PT-Q994-6?cat=2997966&i=335&lang=uk,,,,,,,,,,
rec_253_d-1,,Метричні книги,d,Запис про смерть,,,https://drive.google.com/file/d/1Sf5qkSZlG8vZ9JpnZWoRAbdmFFsGRhZY/view?usp=drive_web,,https://www.familysearch.org/ark:/61903/3:1:3Q9M-C9PT-Q9SS-P?cat=2997966&i=250&lang=uk,,,,,,,,,,
rec_253_d,,Метричні книги,d,Запис про смерть,,,https://drive.google.com/file/d/1eUxZwk-5xsOpUI1RdDA8mJqRsB9L4e_G/view?usp=drive_web,,https://www.familysearch.org/ark:/61903/3:1:33S7-9RSM-DTW?wc=QV6D-4GM%3A180600901%2C192872401%2C192909601%26cc%3D1910265&lang=uk&i=57,,,,,,,,,,
rec_261_d,,Метричні книги,d,Запис про смерть,,,https://drive.google.com/file/d/1o0fS-MoFVPtZkCguAXSDEtI-rBRLECVZ/view?usp=drive_web,,https://www.familysearch.org/ark:/61903/3:1:33SQ-GGNF-S61?i=104&wc=Q866-VG6%3A375541101%2C380331001%2C381648501%2C382437001&cc=1921824&lang=uk,,,,,,,,,,
rec_269_d,,Метричні книги,d,Запис про смерть,,,https://drive.google.com/file/d/1NQGs8BQXmddwvwabRB-DsTDxCSYJl8Cs/view?usp=drive_web,,https://www.familysearch.org/ark:/61903/3:1:33S7-9GFK-XPB?i=55&wc=Q866-NGX%3A375541101%2C378598501%2C379069801%2C379918901&cc=1921824&lang=uk,,,,,,,,,,
rec_280_d,,Метричні книги,d,Запис про смерть,,,https://drive.google.com/file/d/1Y5Ba4hc_4KoUIylyzpFL4mey4Fr3Pz3X/view?usp=drive_web,,https://www.familysearch.org/ark:/61903/3:1:33S7-9GX4-LM7?i=111&wc=Q866-XH1%3A375541101%2C378598501%2C379069801%2C379099101&cc=1921824&lang=uk,,,,,,,,,,
rec_286_d,,Метричні книги,d,Запис про смерть,,,https://drive.google.com/file/d/11Gba5BkI2QoZ_F_TdXkKBIhvnfXZDTq0/view?usp=drive_web,,https://www.familysearch.org/ark:/61903/3:1:33SQ-GGF9-GCC?i=345&wc=Q866-F2Y%3A375541101%2C378598501%2C379069801%2C379600301&cc=1921824&lang=uk,,,,,,,,,,
rec_288_d,,Метричні книги,d,Запис про смерть,,,https://drive.google.com/file/d/100TYHoGMXEKEyPvKO297x4HKo3CmifkE/view?usp=drive_web,,https://www.familysearch.org/ark:/61903/3:1:33SQ-GTWL-9ZF1?i=56&wc=Q866-GNJ%3A375541101%2C378598501%2C378674901%2C378821501&cc=1921824&lang=uk,,,,,,,,,,
rec_289_d,,Метричні книги,d,Запис про смерть,,,https://drive.google.com/file/d/1h4bQJoM13bVqi1OQdXhuif-VrOQEH67G/view?usp=drive_web,,https://www.familysearch.org/ark:/61903/3:1:33SQ-GGJS-R7M?i=11&wc=Q866-KZP%3A375541101%2C378598501%2C379069801%2C380195201&cc=1921824&lang=uk,,,,,,,,,,
rec_294_d,,Метричні книги,d,Запис про смерть,,,https://drive.google.com/file/d/1U9Du-aphySlQmLwlIwpFJqRyhIhDAlaP/view?usp=drive_web,,https://www.familysearch.org/ark:/61903/3:1:33S7-9GX6-9PNJ?i=276&wc=Q866-XRN%3A375541101%2C375541102%2C376745401%2C377273101&cc=1921824&lang=uk,,,,,,,,,,
rec_295_d,,Метричні книги,d,Запис про смерть,,,https://drive.google.com/file/d/1sMmWgocutuVXTNq9NAe0x6sn6eQXVdvu/view?usp=drive_web,,https://www.familysearch.org/ark:/61903/3:1:33SQ-GGFR-WTF?i=284&wc=Q866-NPL%3A375541101%2C375541102%2C376745401%2C378161901&cc=1921824&lang=uk,,,,,,,,,,
rec_296_d,,Метричні книги,d,Запис про смерть,,,https://drive.google.com/file/d/1puX5WgXSWv7hze85oqV6y69f9tZlPb5i/view?usp=drive_web,,https://www.familysearch.org/ark:/61903/3:1:33S7-9GF5-9DF2?i=137&wc=Q866-J4M%3A375541101%2C375541102%2C376745401%2C378136601&cc=1921824&lang=uk,,,,,,,,,,
rec_298_d,,Метричні книги,d,Запис про смерть,,,https://drive.google.com/file/d/1nWrip16bmgf9KRp-1BY9h8-c5w1GPqxS/view?usp=drive_web,,https://www.familysearch.org/ark:/61903/3:1:33SQ-GGF5-96QX?i=140&wc=Q866-J4M%3A375541101%2C375541102%2C376745401%2C378136601&cc=1921824&lang=uk,,,,,,,,,,
rec_301_d,,Метричні книги,d,Запис про смерть,,,https://drive.google.com/file/d/1s6QWkJgikXPy3GBlFhfRQERKyOZiX365/view?usp=drive_web,,https://www.familysearch.org/ark:/61903/3:1:33SQ-GGF5-9KC?i=184&wc=Q866-J9C%3A375541101%2C375541102%2C376745401%2C378126201&cc=1921824&lang=uk,,,,,,,,,,
rec_306_d,,Метричні книги,d,Запис про смерть,,,https://drive.google.com/file/d/1nyBzqNdrlsARysRuWAZIXLfEueso3YQ1/view?usp=drive_web,,https://www.familysearch.org/ark:/61903/3:1:33SQ-GGNX-5C?view=index&action=view&lang=uk&groupId=M9SZ-5V5,,,,,,,,,,
rec_308_d,,Метричні книги,d,Запис про смерть,,,https://drive.google.com/file/d/1je5Q7U15kFeC5QmOLVLPUNSteYh_XOiH/view?usp=drive_web,,https://www.familysearch.org/ark:/61903/3:1:33S7-9GN6-61W?i=118&wc=Q866-V6V%3A375541101%2C378598501%2C379069801%2C379954801&cc=1921824&lang=uk,,,,,,,,,,
rec_312_d,,Метричні книги,d,Запис про смерть,,,https://drive.google.com/file/d/100TYHoGMXEKEyPvKO297x4HKo3CmifkE/view?usp=drive_web,,https://www.familysearch.org/ark:/61903/3:1:33SQ-GTWL-9ZF1?i=56&wc=Q866-GNJ%3A375541101%2C378598501%2C378674901%2C378821501&cc=1921824&lang=uk,,,,,,,,,,
rec_313_d,,Метричні книги,d,Запис про смерть,,,https://drive.google.com/file/d/1ssMxp31zxP2jwCxwAZCkNyuwXXPyyCGJ/view?usp=drive_web,,https://www.familysearch.org/ark:/61903/3:1:33SQ-GTW5-ZQC?i=63&wc=Q866-P7T%3A375541101%2C378598501%2C378674901%2C378817901&cc=1921824&lang=uk,,,,,,,,,,
rec_320_d,,Метричні книги,d,Запис про смерть,,,https://drive.google.com/file/d/1ovEQOC7izV6fs5IdZlR9reg6ElqgtOCm/view?usp=drive_web,,https://www.familysearch.org/ark:/61903/3:1:33SQ-GGXD-9QCT?i=17&wc=Q866-FH5%3A375541101%2C375541102%2C376745401%2C377387001&cc=1921824&lang=uk,,,,,,,,,,
rec_321_d,,Метричні книги,d,Запис про смерть,,,https://drive.google.com/file/d/1bNKj0D6panA9ln5OLNJ16Ny4e8VGHs3U/view?usp=drive_web,,https://www.familysearch.org/ark:/61903/3:1:33SQ-GGF5-9ZMB?i=42&wc=Q866-J43%3A375541101%2C375541102%2C376745401%2C378134501&cc=1921824&lang=uk,,,,,,,,,,
rec_322_d,,Метричні книги,d,Запис про смерть,,,https://drive.google.com/file/d/19C_9_JKfC7qvchTJWii6W0DKlclEgFTv/view?usp=drive_web,,https://www.familysearch.org/ark:/61903/3:1:33SQ-GGFR-9J6L?view=index&action=view&lang=uk&groupId=M9SZ-R6D,,,,,,,,,,
rec_324_d,,Метричні книги,d,Запис про смерть,,,https://drive.google.com/file/d/18Td7Vo_eCSFyw1MTO-JwS-sdj3cJYaax/view?usp=drive_web,,https://www.familysearch.org/ark:/61903/3:1:33S7-9GNY-S3Y9?i=480&wc=Q866-F8S%3A375541101%2C375541102%2C376745401%2C377348001&cc=1921824&lang=uk,,,,,,,,,,
rec_325_d,,Метричні книги,d,Запис про смерть,,,https://drive.google.com/file/d/14-7ZSbhctcDj7kqCm3UwdkeLRrAmNCHg/view?usp=drive_web,,https://www.familysearch.org/ark:/61903/3:1:33SQ-GGF2-B3S?i=57&wc=Q866-NR7%3A375541101%2C375541102%2C376745401%2C378143901&cc=1921824&lang=uk,,,,,,,,,,
rec_326_d,,Метричні книги,d,Запис про смерть,,,https://drive.google.com/file/d/1aNJb_0Od16Jk5F731gmheXLRnNdxHFdJ/view?usp=drive_web,,https://www.familysearch.org/ark:/61903/3:1:33S7-9GFP-YPC?i=206&wc=Q866-N1V%3A375541101%2C375541102%2C376745401%2C378130701&cc=1921824&lang=uk,,,,,,,,,,
rec_327_d,,Метричні книги,d,Запис про смерть,,,https://drive.google.com/file/d/1MnqYUGJpevSHl1aEWso0fzSymMjngupX/view?usp=drive_web,,https://www.familysearch.org/ark:/61903/3:1:33SQ-GGJ9-99ZH?i=205&wc=Q866-VBV%3A375541101%2C375541102%2C376745401%2C378429901&cc=1921824&lang=uk,,,,,,,,,,
rec_329_d,,Метричні книги,d,Запис про смерть,,,https://drive.google.com/file/d/1PM4nCcwUnZavfmPJPwHcBQ0KCZhkytlq/view?usp=drive_web,,https://www.familysearch.org/ark:/61903/3:1:33SQ-GGF5-S88?i=47&wc=Q866-J9C%3A375541101%2C375541102%2C376745401%2C378126201&cc=1921824&lang=uk,,,,,,,,,,
rec_336_d,,Метричні книги,d,Запис про смерть,,,https://drive.google.com/file/d/1ov3NAA1OrMNPGrrIq0z8Peo11HCO6xjE/view?usp=drive_web,,https://www.familysearch.org/ark:/61903/3:1:33S7-9GFP-8ZV?i=246&wc=Q866-NB4%3A375541101%2C375541102%2C376745401%2C378113101&cc=1921824&lang=uk,,,,,,,,,,
rec_337_d,,Метричні книги,d,Запис про смерть,,,https://drive.google.com/file/d/1y-V2J8foqSmpu2ooHX1gSZYv5z2dldd_/view?usp=drive_web,,https://www.familysearch.org/ark:/61903/3:1:33S7-9GF5-985?i=176&wc=Q866-J9F%3A375541101%2C375541102%2C376745401%2C378121301&cc=1921824&lang=uk,,,,,,,,,,
rec_338_d,,Метричні книги,d,Запис про смерть,,,https://drive.google.com/file/d/1AzcGS2jseitTJY-amFxonnH38xWuJkjG/view?usp=drive_web,,https://www.familysearch.org/ark:/61903/3:1:33S7-9GF5-98K1?i=225&wc=Q866-F3D%3A375541101%2C375541102%2C376745401%2C376824301&cc=1921824&lang=uk,,,,,,,,,,
rec_341_d,,Метричні книги,d,Запис про смерть,,,https://drive.google.com/file/d/1jiZH-c542nu96u1VInmEUbZfFFOv5FKl/view?usp=drive_web,,https://www.familysearch.org/ark:/61903/3:1:33S7-9GX8-VGB?i=207&wc=Q866-X1W%3A375541101%2C375541102%2C376745401%2C376775301&cc=1921824&lang=uk,,,,,,,,,,
rec_344_d,,Метричні книги,d,Запис про смерть,,,https://drive.google.com/file/d/1CuuU-yoFmINbvZpTIDbEfoZi_Z8hH-26/view?usp=drive_web,,https://www.familysearch.org/ark:/61903/3:1:939N-SYHZ-W?i=454&wc=Q866-8MR%3A375541101%2C375541102%2C375541103%2C375636401&cc=1921824&lang=uk,,,,,,,,,,
rec_350_d,,Метричні книги,d,Запис про смерть,,,https://drive.google.com/file/d/1UFYVbRM8TUr8LXceSrMOPT2BrBqnvgNs/view?usp=drive_web,,https://www.familysearch.org/ark:/61903/3:1:33S7-9GXZ-4C2?i=213&wc=Q866-X57%3A375541101%2C375541102%2C376745401%2C377407601&cc=1921824&lang=uk,,,,,,,,,,
rec_351_d,,Метричні книги,d,Запис про смерть,,,https://drive.google.com/file/d/1BiGv6IPlEg_9c71VKobQjAZ7fxXSnAds/view?usp=drive_web,,https://www.familysearch.org/ark:/61903/3:1:33SQ-GGJ9-99JY?i=65&wc=Q866-KHZ%3A375541101%2C375541102%2C376745401%2C378417201&cc=1921824&lang=uk,,,,,,,,,,
rec_382_d,,Метричні книги,d,Запис про смерть,,,https://drive.google.com/file/d/1Q0RKRS5enbJp_l7fY7XeixX6mmHfMRV0/view?usp=drive_web,,https://www.familysearch.org/ark:/61903/3:1:33S7-9GX8-VYM?view=index&personArk=%2Fark%3A%2F61903%2F1%3A1%3A62FH-6PB4&action=view&lang=uk&groupId=M9SZ-P2R,,,,,,,,,,
rec_386_d,,Метричні книги,d,Запис про смерть,,,https://drive.google.com/file/d/1ND7D8J4XKnECa3s9EGmU-mUceKsHKohf/view?usp=drive_web,,https://yandex.ru/archive/catalog/a6452de3-b577-4e71-906a-f8e0175e46cc/155,,,,,,,,,,
rec_387_d,,Метричні книги,d,Запис про смерть,,,https://drive.google.com/file/d/1Gag9bwUDAOxCjZ1IhB6ml4g814tuiOTY/view?usp=drive_web,,,,,,,,,,,,
rec_388_d,,Метричні книги,d,Запис про смерть,,,https://drive.google.com/file/d/1fUeKBpVbLbFp1fMgLXQEIAgv6Xp1EQMZ/view?usp=drive_web,,https://yandex.ru/archive/catalog/17c8b3fe-c6ea-4606-9df8-e1d07aa88cd4/94,,,,,,,,,,
rec_389_d-1,,Метричні книги,d,Запис про смерть,,,https://drive.google.com/file/d/1FT8LE7_FIjaysGQdeyr7_dUTWIsDOuXt/view?usp=drive_web,,https://yandex.ru/archive/catalog/3334cf83-d33d-45f4-9478-e0798978393e/42,,,,,,,,,,
rec_389_d,,Метричні книги,d,Запис про смерть,,,https://drive.google.com/file/d/1toRv_T7e165oWU_S8h7SqPYxDy48AOqy/view?usp=drive_web,,https://yandex.ru/archive/catalog/a6452de3-b577-4e71-906a-f8e0175e46cc/105,,,,,,,,,,
rec_391_d,,Метричні книги,d,Запис про смерть,,,https://drive.google.com/file/d/16tu3e5scF64-tjyQ6hHcJaf0MAjOJ8y4/view?usp=drive_web,,https://yandex.ru/archive/catalog/a6452de3-b577-4e71-906a-f8e0175e46cc/100,,,,,,,,,,
rec_393_d,,Метричні книги,d,Запис про смерть,,,https://drive.google.com/file/d/1l201EcjTXbDQYDFEUCTy67Z-KcoitAcp/view?usp=drive_web,,https://yandex.ru/archive/catalog/02e283aa-ad3c-49e2-b27e-cd00b9d18d32/291,,,,,,,,,,
rec_394_d,,Метричні книги,d,Запис про смерть,,,https://drive.google.com/file/d/1mcY0q01BDwCvgLwd4UcUEgmsZQCBN_8a/view?usp=drive_web,,https://yandex.ru/archive/catalog/cab47418-926d-49eb-9c2d-6dedb815492c/166,,,,,,,,,,
rec_395_d,,Метричні книги,d,Запис про смерть,,,https://drive.google.com/file/d/1l201EcjTXbDQYDFEUCTy67Z-KcoitAcp/view?usp=drive_web,,https://yandex.ru/archive/catalog/02e283aa-ad3c-49e2-b27e-cd00b9d18d32/291,,,,,,,,,,
rec_399_d,,Метричні книги,d,Запис про смерть,,,https://drive.google.com/file/d/1tDQJIvYBk1K8DXWE-g_amYZ10l7KJwe5/view?usp=drive_web,,https://yandex.ru/archive/catalog/fd14551a-e02c-40fb-9633-7084eea6846f/111,,,,,,,,,,
rec_400_d,,Метричні книги,d,Запис про смерть,,,https://drive.google.com/file/d/1ex4jmf-VpbJ8U-kAYqLvw_tn7qR8XJCm/view?usp=drive_web,,https://yandex.ru/archive/catalog/a6452de3-b577-4e71-906a-f8e0175e46cc/163,,,,,,,,,,
rec_404_d,,Метричні книги,d,Запис про смерть,,,https://drive.google.com/file/d/1uiUGstMLBtGaYGwmSpiEwLI4D__0n0l2/view?usp=drive_web,,,,,,,,,,,,
rec_405_d,,Метричні книги,d,Запис про смерть,,,https://drive.google.com/file/d/1uiUGstMLBtGaYGwmSpiEwLI4D__0n0l2/view?usp=drive_web,,,,,,,,,,,,
rec_406_d,,Метричні книги,d,Запис про смерть,,,https://drive.google.com/file/d/1iAbCzrWBcFsVnMaASoKIcbensiSCVB6N/view?usp=drive_web,,https://yandex.ru/archive/catalog/a6452de3-b577-4e71-906a-f8e0175e46cc/71,,,,,,,,,,
rec_408_d,,Метричні книги,d,Запис про смерть,,,https://drive.google.com/file/d/1m68ZtHDdiTg82mXkHXvpemBJ7zpWBzOq/view?usp=drive_web,,https://yandex.ru/archive/catalog/61523ee3-98ac-4f94-a163-ad1ca0d617a0/105,,,,,,,,,,
rec_410_d,,Метричні книги,d,Запис про смерть,,,https://drive.google.com/file/d/1QXHNjNMVGUwejD8Rp-TD-E5j6nInjWkB/view?usp=drive_web,,https://yandex.ru/archive/catalog/a6452de3-b577-4e71-906a-f8e0175e46cc/96,,,,,,,,,,
rec_411_d,,Метричні книги,d,Запис про смерть,,,https://drive.google.com/file/d/1uiUGstMLBtGaYGwmSpiEwLI4D__0n0l2/view?usp=drive_web,,,,,,,,,,,,
rec_412_d-1,,Метричні книги,d,Запис про смерть,,,https://drive.google.com/file/d/12zQe_fQ4MxVgsrPuRvvBvPPB-aXrGMQC/view?usp=drive_web,,https://yandex.ru/archive/catalog/f63fa92c-ca88-4ee4-a829-dce23b2ab746/33,,,,,,,,,,
rec_412_d,,Метричні книги,d,Запис про смерть,,,https://drive.google.com/file/d/1UdoJ-9VOanUiVkkBP6PTQHKkxN7v_ZqA/view?usp=drive_web,,https://yandex.ru/archive/catalog/a6452de3-b577-4e71-906a-f8e0175e46cc/89,,,,,,,,,,
rec_414_d,,Метричні книги,d,Запис про смерть,,,https://drive.google.com/file/d/1vzIh6RpBqNDBoUjbdPsPDAMdCnLRuOmm/view?usp=drive_web,,,,,,,,,,,,
rec_415_d,,Метричні книги,d,Запис про смерть,,,https://drive.google.com/file/d/15CvEO0Os9k0Vga2qADymRmLNF9kaQBwS/view?usp=drive_web,,https://yandex.ru/archive/catalog/a6452de3-b577-4e71-906a-f8e0175e46cc/184,,,,,,,,,,
rec_424_d,,Метричні книги,d,Запис про смерть,,,https://drive.google.com/file/d/107ALS-qHBr1TkXG9YEM_1CHdxhZrB3cP/view?usp=drive_web,,https://yandex.ru/archive/catalog/02e283aa-ad3c-49e2-b27e-cd00b9d18d32/200,,,,,,,,,,
rec_425_d,,Метричні книги,d,Запис про смерть,,,https://drive.google.com/file/d/1gOVcmaBx9Pfg7dHGm_WRyatG0Er56njR/view?usp=drive_web,,https://yandex.ru/archive/catalog/6acfbdec-8239-448f-8f55-d3fd60152958/88,,,,,,,,,,
rec_427_d,,Метричні книги,d,Запис про смерть,,,https://drive.google.com/file/d/1GFxgYkIEsMv1ueZ6UTqx3Z_ui1Pthxr3/view?usp=drive_web,,https://yandex.ru/archive/catalog/a6452de3-b577-4e71-906a-f8e0175e46cc/53,,,,,,,,,,
rec_432_d,,Метричні книги,d,Запис про смерть,,,https://drive.google.com/file/d/1po3j_aj7AdDNAij6FNeCO7kip1zwfXCZ/view?usp=drive_web,,,,,,,,,,,,
rec_433_d,,Метричні книги,d,Запис про смерть,,,https://drive.google.com/file/d/1lxsT7bOwKR4gLmduGg-1UCgIf1v5yrsE/view?usp=drive_web,,,,,,,,,,,,
rec_434_d,,Метричні книги,d,Запис про смерть,,,https://drive.google.com/file/d/13n4oZf_tBmfvJkbZnl4hoX0Z2eL1tsQX/view?usp=drive_web,,,,,,,,,,,,
rec_435_d,,Метричні книги,d,Запис про смерть,,,https://drive.google.com/file/d/1m0_zj6Vrnb49MQs29zRMCTwFNEOpf7XH/view?usp=drive_web,,,,,,,,,,,,
rec_436_d,,Метричні книги,d,Запис про смерть,,,https://drive.google.com/file/d/1XHvSG6J3NWCYxRzfII63dSF2VEia0pE2/view?usp=drive_web,,,,,,,,,,,,
rec_437_d,,Метричні книги,d,Запис про смерть,,,https://drive.google.com/file/d/18RnIUIcjFLmiiZavgiOw-LzpMo4LtNtV/view?usp=drive_web,,,,,,,,,,,,
rec_438_d,,Метричні книги,d,Запис про смерть,,,https://drive.google.com/file/d/1nDAuZnGqOCATBlaBO9uflp-pT273qEc2/view?usp=drive_web,,,,,,,,,,,,
rec_439_d,,Метричні книги,d,Запис про смерть,,,https://drive.google.com/file/d/1Fl9krh0Rp7Nvd0_j2VxA7LWNDmZQqwED/view?usp=drive_web,,https://yandex.ru/archive/catalog/a6452de3-b577-4e71-906a-f8e0175e46cc/143,,,,,,,,,,
rec_440_d,,Метричні книги,d,Запис про смерть,,,https://drive.google.com/file/d/1QF85aeW0Zw185BG8Xnn5c2w6bT_Qgply/view?usp=drive_web,,,,,,,,,,,,
rec_441_d,,Метричні книги,d,Запис про смерть,,,https://drive.google.com/file/d/1RKgR00ITHwYD52DM4j38iDlwmN28kOaP/view?usp=drive_web,,https://yandex.ru/archive/catalog/a6452de3-b577-4e71-906a-f8e0175e46cc/172,,,,,,,,,,
rec_442_d,,Метричні книги,d,Запис про смерть,,,https://drive.google.com/file/d/1RKgR00ITHwYD52DM4j38iDlwmN28kOaP/view?usp=drive_web,,https://yandex.ru/archive/catalog/a6452de3-b577-4e71-906a-f8e0175e46cc/172,,,,,,,,,,
rec_443_d,,Метричні книги,d,Запис про смерть,,,https://drive.google.com/file/d/1oit9p3YagQ4tMUg_nJPHw3ialZhQjsW3/view?usp=drive_web,,https://yandex.ru/archive/catalog/a6452de3-b577-4e71-906a-f8e0175e46cc/76,,,,,,,,,,
rec_444_d,,Метричні книги,d,Запис про смерть,,,https://drive.google.com/file/d/1KXk1YgdT3au0-S6LppVa86R_wWJ3p97J/view?usp=drive_web,,https://yandex.ru/archive/catalog/a6452de3-b577-4e71-906a-f8e0175e46cc/196,,,,,,,,,,
rec_445_d,,Метричні книги,d,Запис про смерть,,,https://drive.google.com/file/d/1sByltN4W9zxFsasnzqsgQ8erGw3tWRiB/view?usp=drive_web,,,,,,,,,,,,
rec_446_d,,Метричні книги,d,Запис про смерть,,,https://drive.google.com/file/d/1Fl9krh0Rp7Nvd0_j2VxA7LWNDmZQqwED/view?usp=drive_web,,https://yandex.ru/archive/catalog/a6452de3-b577-4e71-906a-f8e0175e46cc/143,,,,,,,,,,
rec_454_d,,Метричні книги,d,Запис про смерть,,,https://drive.google.com/file/d/15aWtgVkRXmIFNJtEbOp-TPxEjwqO7OXK/view?usp=drive_web,,https://www.familysearch.org/ark:/61903/3:1:3Q9M-C95P-H93G-P?cat=2997982&view=explore&lang=uk&groupId=M9XL-VXZ,,,,,,,,,,
rec_456_d,,Метричні книги,d,Запис про смерть,,,https://drive.google.com/file/d/1Uvtq33jl2aRh9_apw2R1jojLObZpfACv/view?usp=drive_web,,http://agadd.home.net.pl/metrykalia/298/sygn.%20394/pages/1_298_0_0_394_0014.htm,,,,,,,,,,
rec_457_d,,Метричні книги,d,Запис про смерть,,,https://drive.google.com/file/d/1m57kg48SunF9rOZlgHt34Ecp-stMR4Ne/view?usp=drive_web,,http://agadd.home.net.pl/metrykalia/298/sygn.%20394/pages/1_298_0_0_394_0007.htm,,,,,,,,,,
rec_471_d,,Метричні книги,d,Запис про смерть,,,https://drive.google.com/file/d/1tXcpOU-SvsotjikPMimB9P7lHtGHsGnz/view?usp=drive_web,,https://www.familysearch.org/ark:/61903/3:1:33S7-9RSH-9C8V?wc=QV6D-4P4%3A180600901%2C192872401%2C192915701%26cc%3D1910265&lang=uk&i=4&cc=1910265,,,,,,,,,,
rec_480_d-1,,Метричні книги,d,Запис про смерть,,,https://drive.google.com/file/d/17UtWCO2w-F5D7u3Zo491dqnit712usMa/view?usp=drive_web,,https://www.familysearch.org/ark:/61903/3:1:3Q9M-C9PT-Q9MF-X?cat=2997966&i=21&lang=uk,,,,,,,,,,
rec_480_d,,Метричні книги,d,Запис про смерть,,,https://drive.google.com/file/d/1j8mifhrw71k8pcG4ppO3FtcjkpifLDiB/view?usp=drive_web,,https://www.familysearch.org/ark:/61903/3:1:33SQ-GRSM-D69?wc=QV6D-4GM%3A180600901%2C192872401%2C192909601%26cc%3D1910265&lang=uk&i=11&cc=1910265,,,,,,,,,,
rec_481_d-1,,Метричні книги,d,Запис про смерть,,,https://drive.google.com/file/d/1gplNk7cDo-coY3cl_7ht85cRWkR-z57h/view?usp=drive_web,,https://www.familysearch.org/ark:/61903/3:1:3Q9M-C9PT-Q933-R?cat=2997966&i=116&lang=uk,,,,,,,,,,
rec_481_d,,Метричні книги,d,Запис про смерть,,,https://drive.google.com/file/d/1e3oRisvn8YZ63vIDY94bd0_Q6RaHEH78/view?usp=drive_web,,https://www.familysearch.org/ark:/61903/3:1:33S7-9RSM-DB5?wc=QV6D-4GM%3A180600901%2C192872401%2C192909601%26cc%3D1910265&lang=uk&i=28&cc=1910265,,,,,,,,,,
rec_483_d,,Метричні книги,d,Запис про смерть,,,https://drive.google.com/file/d/1QGyn514Omwo3TH51O1xYlCxPk41HGP8s/view?usp=drive_web,,https://www.familysearch.org/ark:/61903/3:1:3Q9M-C9PT-Q9SH-H?cat=2997966&i=255&lang=uk,,,,,,,,,,
rec_486_d,,Метричні книги,d,Запис про смерть,,,https://drive.google.com/file/d/1wUAXAZQczKMIQK_LnoNumCvegGgdN0q2/view?usp=drive_web,,https://www.familysearch.org/ark:/61903/3:1:33SQ-GRSJ-XTW?wc=QVG9-F4W%3A180600901%2C204054701%2C204055801%26cc%3D1910265&lang=uk&i=39&cc=1910265,,,,,,,,,,
rec_487_d,,Метричні книги,d,Запис про смерть,,,https://drive.google.com/file/d/1PmMRi6CBT-zSIVv2Mb4VWVJvcy7XjB6b/view?usp=drive_web,,https://www.familysearch.org/ark:/61903/3:1:33S7-9RSJ-FJK?wc=QVG9-F4W%3A180600901%2C204054701%2C204055801%26cc%3D1910265&lang=uk&i=38&cc=1910265,,,,,,,,,,
rec_488_d,,Метричні книги,d,Запис про смерть,,,https://drive.google.com/file/d/1LHt2i-S4cc_gJyawF5cDYiBNIuU_D9OH/view?usp=drive_web,,https://www.familysearch.org/ark:/61903/3:1:33SQ-GRSJ-F4W?wc=QVG9-F4W%3A180600901%2C204054701%2C204055801%26cc%3D1910265&lang=uk&i=37&cc=1910265,,,,,,,,,,
rec_489_d,,Метричні книги,d,Запис про смерть,,,https://drive.google.com/file/d/1rkPY3j_HOFeKipBcPaUtzka5j4PgAciu/view?usp=drive_web,,https://www.familysearch.org/ark:/61903/3:1:33S7-9RSJ-FKK?wc=QVG9-F4W%3A180600901%2C204054701%2C204055801%26cc%3D1910265&lang=uk&i=40&cc=1910265,,,,,,,,,,
rec_490_d,,Метричні книги,d,Запис про смерть,,,https://drive.google.com/file/d/1wUAXAZQczKMIQK_LnoNumCvegGgdN0q2/view?usp=drive_web,,https://www.familysearch.org/ark:/61903/3:1:33SQ-GRSJ-XTW?i=39&wc=QVG9-F4W%3A180600901%2C204054701%2C204055801&cc=1910265&lang=uk,,,,,,,,,,
rec_491_d,,Метричні книги,d,Запис про смерть,,,https://drive.google.com/file/d/1wUAXAZQczKMIQK_LnoNumCvegGgdN0q2/view?usp=drive_web,,https://www.familysearch.org/ark:/61903/3:1:33SQ-GRSJ-XTW?i=39&wc=QVG9-F4W%3A180600901%2C204054701%2C204055801&cc=1910265&lang=uk,,,,,,,,,,
rec_492_d,,Метричні книги,d,Запис про смерть,,,https://drive.google.com/file/d/1F7prpqEwOoFnZ-vCIn_4o-FzMb6Ys_Kl/view?usp=drive_web,,https://www.familysearch.org/ark:/61903/3:1:33SQ-GRSJ-FML?i=48&wc=QVG9-F4W%3A180600901%2C204054701%2C204055801&cc=1910265&lang=uk,,,,,,,,,,
rec_493_d,,Метричні книги,d,Запис про смерть,,,https://drive.google.com/file/d/1_SV-O9IKZyujMOEq6nbQiHYbNbwbXeGO/view?usp=drive_web,,https://www.familysearch.org/ark:/61903/3:1:33S7-9RSJ-FGG?i=56&wc=QVG9-F4W%3A180600901%2C204054701%2C204055801&cc=1910265&lang=uk,,,,,,,,,,
rec_494_d,,Метричні книги,d,Запис про смерть,,,https://drive.google.com/file/d/1fUwUXOide2Nle6Z_b5xw4aVeN1qsBG-Z/view?usp=drive_web,,https://www.familysearch.org/ark:/61903/3:1:33S7-9RSJ-F6D?wc=QVG9-F4W%3A180600901%2C204054701%2C204055801%26cc%3D1910265&lang=uk&i=53&cc=1910265,,,,,,,,,,
rec_495_d,,Метричні книги,d,Запис про смерть,,,https://drive.google.com/file/d/1pI4VF8bq4HO2-ex8wFAY9NgOL9HVMQm7/view?usp=drive_web,,https://www.familysearch.org/ark:/61903/3:1:33S7-9RSJ-F4J?%3Fwc=QVG9-F4W%3A180600901%2C204054701%2C204055801%26cc%3D1910265&lang=uk&i=77&cc=1910265,,,,,,,,,,
rec_496_d-1,,Метричні книги,d,Запис про смерть,,,https://drive.google.com/file/d/1udOz3zsX951nE-GOBEudFxBUi6lXd6Ba/view?usp=drive_web,,https://www.familysearch.org/ark:/61903/3:1:3Q9M-C9PT-Q9M7-H?cat=2997966&i=61&lang=uk,,,,,,,,,,
rec_496_d,,Метричні книги,d,Запис про смерть,,,https://drive.google.com/file/d/1bwxnS9JnWrShg4MJU8Bqd-aodDc8-EaI/view?usp=drive_web,,https://www.familysearch.org/ark:/61903/3:1:33SQ-GRSM-DVK?wc=QV6D-4GM%3A180600901%2C192872401%2C192909601%26cc%3D1910265&lang=uk&i=21&cc=1910265,,,,,,,,,,
rec_500_d,,Метричні книги,d,Запис про смерть,,,https://drive.google.com/file/d/126NXqW0Mln1vCjhJdvYNzMNKhgFq_yRh/view?usp=drive_web,,https://archium.tsdial.archives.gov.ua/static/files/165/1659868.jpg,,,,,,,,,,
rec_502_d,,Метричні книги,d,Запис про смерть,,,https://drive.google.com/file/d/144ETNY_GNcQknGEmeSTe43hHAwyRqXYK/view?usp=drive_web,,https://www.familysearch.org/ark:/61903/3:1:33SQ-GRM8-9777?wc=QV6D-4YS%3A180600901%2C192508401%2C192584601%26cc%3D1910265&lang=uk&i=19&cc=1910265,,,,,,,,,,
rec_503_d,,Метричні книги,d,Запис про смерть,,,https://drive.google.com/file/d/1Raq-QAN5Kv4408E6wINv0RwTwZ6E5I8l/view?usp=drive_web,,https://www.familysearch.org/ark:/61903/3:1:33S7-9RMZ-9WTB?wc=QV6D-4TS%3A180600901%2C192508401%2C192574801%26cc%3D1910265&lang=uk&i=33&cc=1910265,,,,,,,,,,
rec_504_d-1,,Метричні книги,d,Запис про смерть,,,https://drive.google.com/file/d/1yLxfEoaDv2rxCA1F-7aGma_aydaUzIWM/view?usp=drive_web,,https://www.familysearch.org/ark:/61903/3:1:3Q9M-C9PT-Q9M6-1?cat=2997966&i=20&lang=uk,,,,,,,,,,
rec_504_d,,Метричні книги,d,Запис про смерть,,,https://drive.google.com/file/d/16fsk8qI8230gV-gYGBflWXhG8E7DELZW/view?usp=drive_web,,https://www.familysearch.org/ark:/61903/3:1:33S7-9RSM-694?wc=QV6D-4GM%3A180600901%2C192872401%2C192909601%26cc%3D1910265&lang=uk&i=9,,,,,,,,,,
rec_505_d-1,,Метричні книги,d,Запис про смерть,,,https://drive.google.com/file/d/1Te_8BXkdFIDUEzEQuWOrgQWprdg7VFGw/view?usp=drive_web,,https://www.familysearch.org/ark:/61903/3:1:3Q9M-C9PT-Q9S1-Y?cat=2997966&i=121&lang=uk,,,,,,,,,,
rec_505_d,,Метричні книги,d,Запис про смерть,,,https://drive.google.com/file/d/1XSJNpix5-rCWlw1rUiQifFGEoqATvw6C/view?usp=drive_web,,https://www.familysearch.org/ark:/61903/3:1:33SQ-GRSM-DXW?wc=QV6D-4GM%3A180600901%2C192872401%2C192909601%26cc%3D1910265&lang=uk&i=37&cc=1910265,,,,,,,,,,
rec_506_d-1,,Метричні книги,d,Запис про смерть,,,https://drive.google.com/file/d/1WP1n9kM4QgurRKCqT57kxcS9iIv36bON/view?usp=drive_web,,https://www.familysearch.org/ark:/61903/3:1:3Q9M-C9PT-Q1BL?cat=2997966&i=55&lang=uk,,,,,,,,,,
rec_506_d,,Метричні книги,d,Запис про смерть,,,https://drive.google.com/file/d/1L97NtgaLGpIXYntZ0gClpRnIvVQP3mP-/view?usp=drive_web,,https://www.familysearch.org/ark:/61903/3:1:33SQ-GRSM-DJJ?wc=QV6D-4GM%3A180600901%2C192872401%2C192909601%26cc%3D1910265&lang=uk&i=13&cc=1910265,,,,,,,,,,
rec_508_d-1,,Метричні книги,d,Запис про смерть,,,https://drive.google.com/file/d/1jURa93KxTXXBcUmf-hgslRCa0gUAur-m/view?usp=drive_web,,https://www.familysearch.org/ark:/61903/3:1:3Q9M-C9PT-Q937-J?cat=2997966&i=182&lang=uk,,,,,,,,,,
rec_508_d,,Метричні книги,d,Запис про смерть,,,https://drive.google.com/file/d/1JSQxFoTCT3t8dKmfs7BLVaQqg8-SC5KI/view?usp=drive_web,,https://www.familysearch.org/ark:/61903/3:1:33SQ-GRSM-DD9?wc=QV6D-4GM%3A180600901%2C192872401%2C192909601%26cc%3D1910265&lang=uk&i=40&cc=1910265,,,,,,,,,,
rec_509_d-1,,Метричні книги,d,Запис про смерть,,,https://drive.google.com/file/d/1N33OevAF5xglBdNbPYHADBIUG4xrHGDn/view?usp=drive_web,,https://www.familysearch.org/ark:/61903/3:1:3Q9M-C9PT-Q1Y3?cat=2997966&i=56&lang=uk,,,,,,,,,,
rec_509_d,,Метричні книги,d,Запис про смерть,,,https://drive.google.com/file/d/1O3ASnSSNH0xHdTSzfWDY-xCfqd3ukyu-/view?usp=drive_web,,https://www.familysearch.org/ark:/61903/3:1:33SQ-GRSM-DJJ?wc=QV6D-4GM%3A180600901%2C192872401%2C192909601%26cc%3D1910265&lang=uk&i=13&cc=1910265,,,,,,,,,,
rec_510_d,,Метричні книги,d,Запис про смерть,,,https://drive.google.com/file/d/1GeiRrmf4SgnmZioazNzCBwawuMPfodS3/view?usp=drive_web,,https://www.familysearch.org/ark:/61903/3:1:33SQ-GRSX-ZQ?i=58&wc=QVPH-NQ7%3A180600901%2C204815901%2C204817101&cc=1910265&lang=uk,,,,,,,,,,
rec_518_d,,Метричні книги,d,Запис про смерть,,,https://drive.google.com/file/d/1kY2l1_Ch24-8f89nWUxq58HRkA9ifR_t/view?usp=drive_web,,https://www.familysearch.org/ark:/61903/3:1:33S7-9GN6-2XW?i=76&wc=Q866-VXX%3A375541101%2C378598501%2C379069801%2C379939701&cc=1921824&lang=uk,,,,,,,,,,
rec_520_d,,Метричні книги,d,Запис про смерть,,,https://drive.google.com/file/d/1_FOZqUDhHQ70szRTpN-H2TIvO_JkEjMD/view?usp=drive_web,,https://www.familysearch.org/ark:/61903/3:1:33S7-9GF7-DPR?i=92&wc=Q866-N7Y%3A375541101%2C375541102%2C376745401%2C378053201&cc=1921824&lang=uk,,,,,,,,,,
rec_521_d,,Метричні книги,d,Запис про смерть,,,https://drive.google.com/file/d/1o0fS-MoFVPtZkCguAXSDEtI-rBRLECVZ/view?usp=drive_web,,https://www.familysearch.org/ark:/61903/3:1:33SQ-GGNF-S61?i=104&wc=Q866-VG6%3A375541101%2C380331001%2C381648501%2C382437001&cc=1921824&lang=uk,,,,,,,,,,
rec_532_d,,Метричні книги,d,Запис про смерть,,,https://drive.google.com/file/d/1MQ-XM1-MGD_VR4RzzQChK8kLsuIfnkp1/view?usp=drive_web,,https://www.familysearch.org/ark:/61903/3:1:33SQ-GGFW-PW6?i=95&wc=Q866-NNF%3A375541101%2C378598501%2C379069801%2C379587301&cc=1921824&lang=uk,,,,,,,,,,
rec_540_d,,Метричні книги,d,Запис про смерть,,,https://drive.google.com/file/d/1Ksm7ByyjsiPwylHZ3lnPLFTKvL4N8vCS/view?usp=drive_link,,https://www.familysearch.org/ark:/61903/3:1:33SQ-GTW5-HR2?lang=en&i=92&cc=1921824&groupId=1921824,,,,,,,,,,
rec_560_d,,Метричні книги,d,Запис про смерть,,,https://drive.google.com/file/d/1oI7v9HOZhie7s2Av1iIHgZc-00AgxGg_/view?usp=drive_web,,https://www.familysearch.org/ark:/61903/3:1:33SQ-GGFQ-9K19?i=21&wc=Q866-NW3%3A375541101%2C378598501%2C379069801%2C379570901&cc=1921824&lang=uk,,,,,,,,,,
rec_562_d,,Метричні книги,d,Запис про смерть,,,https://drive.google.com/file/d/1OmZZjd0-AZVzONfHEknbpNNJzoIbfDi3/view?usp=drive_web,,https://www.familysearch.org/ark:/61903/3:1:33SQ-GGFQ-9K54?i=35&wc=Q866-NW3%3A375541101%2C378598501%2C379069801%2C379570901&cc=1921824&lang=uk,,,,,,,,,,
rec_566_d,,Метричні книги,d,Запис про смерть,,,https://drive.google.com/file/d/1EmdK75pxjFy3Srhco9c9ZPYrFokNXXBN/view?usp=drive_link,,https://www.familysearch.org/ark:/61903/3:1:33SQ-GGNF-9LT?lang=en&i=82&cc=1921824&groupId=1921824,,,,,,,,,,
rec_572_d,,Метричні книги,d,Запис про смерть,,,https://drive.google.com/file/d/1MQ-XM1-MGD_VR4RzzQChK8kLsuIfnkp1/view?usp=drive_web,,https://www.familysearch.org/ark:/61903/3:1:33SQ-GGFW-PW6?i=95&wc=Q866-NNF%3A375541101%2C378598501%2C379069801%2C379587301&cc=1921824&lang=uk,,,,,,,,,,
rec_575_d,,Метричні книги,d,Запис про смерть,,,https://drive.google.com/file/d/1zJOWWd8V0_X5qZaSLLOPrrDN9LsEr1nd/view?usp=drive_web,,https://www.familysearch.org/ark:/61903/3:1:33SQ-GGFK-XM4?i=127&wc=Q866-NGG%3A375541101%2C378598501%2C379069801%2C379920601&cc=1921824&lang=uk,,,,,,,,,,
rec_584_d,,Метричні книги,d,Запис про смерть,,,https://drive.google.com/file/d/1S6HO1lg5n0YAcSPJTthY2xke2ggEM6iw/view?usp=drive_web,,https://www.familysearch.org/ark:/61903/3:1:33SQ-GGXZ-9SK7?i=116&wc=Q866-X2Z%3A375541101%2C380331001%2C381648501%2C381859601&cc=1921824&lang=uk,,,,,,,,,,
rec_587_d,,Метричні книги,d,Запис про смерть,,,https://drive.google.com/file/d/1uTnmCnW3rFVzwP3v5aH-xDbulddWqUu9/view?usp=drive_web,,https://www.familysearch.org/ark:/61903/3:1:33S7-9GNX-1HS?i=146&wc=Q866-VKH%3A375541101%2C380331001%2C381648501%2C382439101&cc=1921824&lang=uk,,,,,,,,,,
rec_588_d,,Метричні книги,d,Запис про смерть,,,https://drive.google.com/file/d/1CQYZhyxInAxxOfOSabnlSJAQyR7oayaA/view?usp=drive_web,,https://www.familysearch.org/ark:/61903/3:1:33S7-9GFS-JTX?i=116&wc=Q866-FP9%3A375541101%2C375541102%2C376745401%2C378060001&cc=1921824&lang=uk,,,,,,,,,,
rec_590_d,,Метричні книги,d,Запис про смерть,,,https://drive.google.com/file/d/1Y5Ba4hc_4KoUIylyzpFL4mey4Fr3Pz3X/view?usp=drive_web,,https://www.familysearch.org/ark:/61903/3:1:33S7-9GX4-LM7?i=111&wc=Q866-XH1%3A375541101%2C378598501%2C379069801%2C379099101&cc=1921824&lang=uk,,,,,,,,,,
rec_592_d,,Метричні книги,d,Запис про смерть,,,https://drive.google.com/file/d/11rGTsniOBvr-JTfiTR8PAUyRvlSWZ3bD/view?usp=drive_web,,https://www.familysearch.org/ark:/61903/3:1:33SQ-GGNF-SLW?i=108&wc=Q866-VG6%3A375541101%2C380331001%2C381648501%2C382437001&cc=1921824&lang=uk,,,,,,,,,,
rec_594_d,,Метричні книги,d,Запис про смерть,,,https://drive.google.com/file/d/1rRCCgV9nLJ1sBE6WErzL9ahtkrtJf9or/view?usp=drive_web,,https://www.familysearch.org/ark:/61903/3:1:33SQ-GGX7-SH9H?i=61&wc=Q866-XCP%3A375541101%2C378598501%2C379069801%2C379077901&cc=1921824&lang=uk,,,,,,,,,,
rec_602_d,,Метричні книги,d,Запис про смерть,,,https://drive.google.com/file/d/1dR1CiKs27VzL62m7sGslRRMJzn1A6HUG/view?usp=drive_web,,https://www.familysearch.org/ark:/61903/3:1:33S7-9GNX-4P3?i=109&wc=Q866-VL9%3A375541101%2C378598501%2C379069801%2C379942501&cc=1921824&lang=uk,,,,,,,,,,
rec_603_d,,Метричні книги,d,Запис про смерть,,,https://drive.google.com/file/d/1dR1CiKs27VzL62m7sGslRRMJzn1A6HUG/view?usp=drive_web,,https://www.familysearch.org/ark:/61903/3:1:33S7-9GNX-4P3?i=109&wc=Q866-VL9%3A375541101%2C378598501%2C379069801%2C379942501&cc=1921824&lang=uk,,,,,,,,,,
rec_604_d,,Метричні книги,d,Запис про смерть,,,https://drive.google.com/file/d/1O0l_1QDizUl61vHFUpDsqb_NAKdlS9Hk/view?usp=drive_web,,https://www.familysearch.org/ark:/61903/3:1:33S7-9GFP-Z5C?view=index&personArk=%2Fark%3A%2F61903%2F1%3A1%3A62FW-1L4D&action=view&lang=uk&groupId=M9SZ-56W,,,,,,,,,,
rec_607_d,,Метричні книги,d,Запис про смерть,,,https://drive.google.com/file/d/1El5nHI2bsgtxAvtCOGKBSNDDmd4cOb1k/view?usp=drive_web,,https://www.familysearch.org/ark:/61903/3:1:33S7-9GK9-RTL?i=93&wc=Q866-KJ2%3A375541101%2C386924701%2C387029201%2C387100701&cc=1921824&lang=uk,,,,,,,,,,
rec_610_d,,Метричні книги,d,Запис про смерть,,,https://drive.google.com/file/d/1OmZZjd0-AZVzONfHEknbpNNJzoIbfDi3/view?usp=drive_web,,https://www.familysearch.org/ark:/61903/3:1:33SQ-GGFQ-9K54?i=35&wc=Q866-NW3%3A375541101%2C378598501%2C379069801%2C379570901&cc=1921824&lang=uk,,,,,,,,,,
rec_612_d,,Метричні книги,d,Запис про смерть,,,https://drive.google.com/file/d/1nyBzqNdrlsARysRuWAZIXLfEueso3YQ1/view?usp=drive_web,,https://www.familysearch.org/ark:/61903/3:1:33SQ-GGNX-5C?view=index&action=view&lang=uk&groupId=M9SZ-5V5,,,,,,,,,,
rec_624_d,,Метричні книги,d,Запис про смерть,,,https://drive.google.com/file/d/123NLqf1PAjdrpqvNJHOoLbrMihqAv-SB/view?usp=drive_web,,https://www.familysearch.org/ark:/61903/3:1:33SQ-GGFK-8D7?i=39&wc=Q866-NGB%3A375541101%2C378598501%2C379069801%2C379914701&cc=1921824&lang=uk,,,,,,,,,,
rec_640_d,,Метричні книги,d,Запис про смерть,,,https://drive.google.com/file/d/1DE6CTIGGdf8LAqhxP9TZXRtedq4VQwmy/view?usp=drive_web,,https://www.familysearch.org/ark:/61903/3:1:33SQ-GGFS-NL9?i=147&wc=Q866-FPM%3A375541101%2C375541102%2C376745401%2C378053801&cc=1921824&lang=uk,,,,,,,,,,
rec_641_d,,Метричні книги,d,Запис про смерть,,,https://drive.google.com/file/d/1d4an7vE3502iMR8yLWNmtYeL8o5SHtJW/view?usp=drive_web,,https://www.familysearch.org/ark:/61903/3:1:33S7-9GX4-GG3?i=105&wc=Q866-XCN%3A375541101%2C378598501%2C379069801%2C379102401&cc=1921824&lang=uk,,,,,,,,,,
rec_642_d,,Метричні книги,d,Запис про смерть,,,https://drive.google.com/file/d/1jZSPXDzKeIaxR0mUEdadeM_EJxhHBw0u/view?usp=drive_web,,https://www.familysearch.org/ark:/61903/3:1:33SQ-GGF5-QSH?i=194&wc=Q866-J77%3A375541101%2C375541102%2C376745401%2C378117801&cc=1921824&lang=uk,,,,,,,,,,
rec_643_d,,Метричні книги,d,Запис про смерть,,,https://drive.google.com/file/d/1d4an7vE3502iMR8yLWNmtYeL8o5SHtJW/view?usp=drive_web,,https://www.familysearch.org/ark:/61903/3:1:33S7-9GX4-GG3?i=105&wc=Q866-XCN%3A375541101%2C378598501%2C379069801%2C379102401&cc=1921824&lang=uk,,,,,,,,,,
rec_648_d,,Метричні книги,d,Запис про смерть,,,https://drive.google.com/file/d/1u3jF6rVaHbifGfzskPm-e_iArzTjkAIM/view?usp=drive_web,,https://www.familysearch.org/ark:/61903/3:1:33SQ-GGFS-N4T?i=130&wc=Q866-FP5%3A375541101%2C375541102%2C376745401%2C378054801&cc=1921824&lang=uk,,,,,,,,,,
rec_649_d,,Метричні книги,d,Запис про смерть,,,https://drive.google.com/file/d/1QCEQn4cwDsTdSm5gAW4_ycT3z2WsklvF/view?usp=drive_web,,https://www.familysearch.org/ark:/61903/3:1:33SQ-GGFP-DP9?i=27&wc=Q866-NB4%3A375541101%2C375541102%2C376745401%2C378113101&cc=1921824&lang=uk,,,,,,,,,,
rec_651_d,,Метричні книги,d,Запис про смерть,,,https://drive.google.com/file/d/1pHu0PD02zQoL3yxEcw3U6aySVCqEke0t/view?usp=drive_web,,https://www.familysearch.org/ark:/61903/3:1:33S7-9GFS-JMH?i=27&wc=Q866-FTW%3A375541101%2C375541102%2C376745401%2C378061401&cc=1921824&lang=uk,,,,,,,,,,
rec_653_d,,Метричні книги,d,Запис про смерть,,,https://drive.google.com/file/d/1QCEQn4cwDsTdSm5gAW4_ycT3z2WsklvF/view?usp=drive_web,,https://www.familysearch.org/ark:/61903/3:1:33SQ-GGFP-DP9?i=27&wc=Q866-NB4%3A375541101%2C375541102%2C376745401%2C378113101&cc=1921824&lang=uk,,,,,,,,,,
rec_670_d,,Метричні книги,d,Запис про смерть,,,https://drive.google.com/file/d/1QpPw4xmNivDG_4mSIleNiPdEiPFSCH30/view?usp=drive_web,,https://www.familysearch.org/ark:/61903/3:1:33S7-9GFS-JHP?i=29&wc=Q866-FTW%3A375541101%2C375541102%2C376745401%2C378061401&cc=1921824&lang=uk,,,,,,,,,,
rec_671_d,,Метричні книги,d,Запис про смерть,,,https://drive.google.com/file/d/1XCtCjJFcwp_L75HeiqGDi7jqIBidkHNW/view?usp=drive_web,,familysearch.org/ark:/61903/3:1:33S7-9GJ9-R9F?i=191&wc=Q866-KCF%3A375541101%2C378598501%2C379069801%2C379950801&cc=1921824,,,,,,,,,,
rec_677_d,,Метричні книги,d,Запис про смерть,,,https://drive.google.com/file/d/14Lr8xDbzkqq0hy_6gpIXTrjy0lhUer-j/view?usp=drive_web,,https://www.familysearch.org/ark:/61903/3:1:33S7-9GXZ-99B1?i=86&wc=Q866-X2Z%3A375541101%2C380331001%2C381648501%2C381859601&cc=1921824&lang=uk,,,,,,,,,,
rec_684_d,,Метричні книги,d,Запис про смерть,,,https://drive.google.com/file/d/13yJlsyOW2hKbKog9XtE0eNlt1ILn_220/view?usp=drive_web,,https://www.familysearch.org/ark:/61903/3:1:33SQ-GGN6-ZF7?i=82&wc=Q866-VD1%3A375541101%2C375541102%2C376745401%2C378386901&cc=1921824&lang=uk,,,,,,,,,,
rec_687_d,,Метричні книги,d,Запис про смерть,,,https://drive.google.com/file/d/1sYsoi-cVCE970TdKXdInXKCg0oSEm0Lt/view?usp=drive_web,,https://www.familysearch.org/ark:/61903/3:1:33SQ-GGNF-SJV?i=110&wc=Q866-VG6%3A375541101%2C380331001%2C381648501%2C382437001&cc=1921824&lang=uk,,,,,,,,,,
rec_689_d,,Метричні книги,d,Запис про смерть,,,https://drive.google.com/file/d/123fx4E9_Li0gF0pwfh76bIfv2mvWIpNO/view?usp=drive_web,,https://www.familysearch.org/ark:/61903/3:1:33SQ-GGFW-L35?i=141&wc=Q866-NNL%3A375541101%2C378598501%2C379069801%2C379583601&cc=1921824&lang=uk,,,,,,,,,,
rec_732_d,,Метричні книги,d,Запис про смерть,,,https://drive.google.com/file/d/1U6HwaXNlfjaBaQsk8TOqanX0stFjv15P/view?usp=drive_web,,https://www.familysearch.org/ark:/61903/3:1:33SQ-GGFK-82Z?i=60&wc=Q866-NPJ%3A375541101%2C378598501%2C379069801%2C379915701&cc=1921824&lang=uk,,,,,,,,,,
rec_739_d,,Метричні книги,d,Запис про смерть,,,https://drive.google.com/file/d/1QisFwdupnvpKqNcrhxjcXOjdFU8H0_4s/view?usp=drive_web,,https://www.familysearch.org/ark:/61903/3:1:33S7-9GF5-STY?i=284&wc=Q866-J9L%3A375541101%2C375541102%2C376745401%2C378124101&cc=1921824&lang=uk,,,,,,,,,,
rec_744_d,,Метричні книги,d,Запис про смерть,,,https://drive.google.com/file/d/1Cymc_URtvgulRWNWPJUZixMLIOsp5BxL/view?usp=drive_web,,https://www.familysearch.org/ark:/61903/3:1:33S7-9GF5-31D?i=145&wc=Q866-J77%3A375541101%2C375541102%2C376745401%2C378117801&cc=1921824&lang=uk,,,,,,,,,,
rec_745_d,,Метричні книги,d,Запис про смерть,,,https://drive.google.com/file/d/18aNR9_3Qv3QvxMyjNPf6ruchWbvLRuWy/view?usp=drive_web,,https://www.familysearch.org/ark:/61903/3:1:33SQ-GGF5-9D4N?i=217&wc=Q866-J4M%3A375541101%2C375541102%2C376745401%2C378136601&cc=1921824&lang=uk,,,,,,,,,,
rec_750_d,,Метричні книги,d,Запис про смерть,,,https://drive.google.com/file/d/188rAX1YHaAFm9cNw0JW8zTiTJ0fa7DD7/view?usp=drive_web,,https://www.familysearch.org/ark:/61903/3:1:33SQ-GGN6-1VC?lang=en&i=62&cc=1921824&groupId=1921824,,,,,,,,,,
rec_760_d,,Метричні книги,d,Запис про смерть,,,https://drive.google.com/file/d/1Q2jbSJM9VsLkGCrlLSRksRaVGWp7ukTX/view?usp=drive_link,,https://www.familysearch.org/ark:/61903/3:1:33SQ-GGF5-9FC?lang=uk&i=228&cc=1921824&groupId=1921824,,,,,,,,,,
rec_772_d,,Метричні книги,d,Запис про смерть,,,https://drive.google.com/file/d/1yCKodby8bwHnc1Xn88vz42mC-ffbVNkg/view?usp=drive_web,,https://yandex.ru/archive/catalog/323f7edb-9792-4c46-94b3-ca83160524da/105,,,,,,,,,,
rec_774_d,,Метричні книги,d,Запис про смерть,,,https://drive.google.com/file/d/1SufnRsJR-H0DoVEsxA0BhcymgQl7EUSx/view?usp=drive_web,,https://yandex.ru/archive/catalog/0222b265-e7f7-4fa4-a324-b18c242a8dad/225,,,,,,,,,,
rec_780_d,,Метричні книги,d,Запис про смерть,,,https://drive.google.com/file/d/1M60e433X6Mq4DHw5hTlTmGFLMrO50Naj/view?usp=drive_web,,https://yandex.ru/archive/catalog/8744f1a9-1c6b-443f-80d1-8c121f095305/364,,,,,,,,,,
rec_781_d,,Метричні книги,d,Запис про смерть,,,https://drive.google.com/file/d/1UJJlMEt2fYbwHvCLFMgf0-lwrBjpRn0K/view?usp=drive_web,,https://yandex.ru/archive/catalog/43529b06-ecdd-4711-9835-f6c33f7a8fc7/80,,,,,,,,,,
rec_808_d-1,,Метричні книги,d,Запис про смерть,,,https://drive.google.com/file/d/1DG13_IuThabG32_Ju55mfDeDqQeciFs3/view?usp=drive_web,,https://yandex.ru/archive/catalog/6f0c55f8-9be5-457a-b4dd-5ddffe8546b2/54,,,,,,,,,,
rec_808_d,,Метричні книги,d,Запис про смерть,,,https://drive.google.com/file/d/1JYTz-RFuYvtJ3i_I10KOsibsgF2vbe4j/view?usp=drive_web,,https://yandex.ru/archive/catalog/a6452de3-b577-4e71-906a-f8e0175e46cc/46,,,,,,,,,,
rec_812_d,,Метричні книги,d,Запис про смерть,,,https://drive.google.com/file/d/1SufnRsJR-H0DoVEsxA0BhcymgQl7EUSx/view?usp=drive_web,,https://yandex.ru/archive/catalog/0222b265-e7f7-4fa4-a324-b18c242a8dad/225,,,,,,,,,,
rec_816_d-1,,Метричні книги,d,Запис про смерть,,,https://drive.google.com/file/d/1P2p_KPktwUn1BKx9hxAipVeLO6wsEkum/view?usp=drive_web,,https://yandex.ru/archive/catalog/550d69d4-204c-4d88-9c08-c825cd5e354a/329,,,,,,,,,,
rec_816_d,,Метричні книги,d,Запис про смерть,,,https://drive.google.com/file/d/1F_ufhpIUALI0m6zr-to61LBlLPaDhrBD/view?usp=drive_web,,https://yandex.ru/archive/catalog/a6452de3-b577-4e71-906a-f8e0175e46cc/15,,,,,,,,,,
rec_817_d-1,,Метричні книги,d,Запис про смерть,,,https://drive.google.com/file/d/1FAm54RnGhnwSWtuouR7QVbhU83qQyXUP/view?usp=drive_web,,https://yandex.ru/archive/catalog/177de026-f5a7-49a7-9a72-cf34f6a4c886/80,,,,,,,,,,
rec_817_d,,Метричні книги,d,Запис про смерть,,,https://drive.google.com/file/d/106NR_OTJBtkksyHRtxFg_wrq2bClXQ0-/view?usp=drive_web,,https://yandex.ru/archive/catalog/a6452de3-b577-4e71-906a-f8e0175e46cc/41,,,,,,,,,,
rec_820_d-1,,Метричні книги,d,Запис про смерть,,,https://drive.google.com/file/d/1uMhkStyrqaS6CjhZi3pprEaZP2sEMYB8/view?usp=drive_web,,https://yandex.ru/archive/catalog/177de026-f5a7-49a7-9a72-cf34f6a4c886/81,,,,,,,,,,
rec_820_d,,Метричні книги,d,Запис про смерть,,,https://drive.google.com/file/d/14TehMCVvMdNY2skO8Die0CP1jCUEtUOn/view?usp=drive_web,,https://yandex.ru/archive/catalog/a6452de3-b577-4e71-906a-f8e0175e46cc/42,,,,,,,,,,
rec_821_d-1,,Метричні книги,d,Запис про смерть,,,https://drive.google.com/file/d/1FAm54RnGhnwSWtuouR7QVbhU83qQyXUP/view?usp=drive_web,,https://yandex.ru/archive/catalog/177de026-f5a7-49a7-9a72-cf34f6a4c886/80,,,,,,,,,,
rec_821_d,,Метричні книги,d,Запис про смерть,,,https://drive.google.com/file/d/106NR_OTJBtkksyHRtxFg_wrq2bClXQ0-/view?usp=drive_web,,https://yandex.ru/archive/catalog/a6452de3-b577-4e71-906a-f8e0175e46cc/41,,,,,,,,,,
rec_824_d,,Метричні книги,d,Запис про смерть,,,https://drive.google.com/file/d/1HGp-IQ33M8EvkQh7zGXGnYa4I1CtPsJI/view?usp=drive_web,,https://yandex.ru/archive/catalog/2a75d390-1606-4236-81e8-ca2e74d001db/162,,,,,,,,,,
rec_830_d-1,,Метричні книги,d,Запис про смерть,,,https://drive.google.com/file/d/1FT8LE7_FIjaysGQdeyr7_dUTWIsDOuXt/view?usp=drive_web,,https://yandex.ru/archive/catalog/3334cf83-d33d-45f4-9478-e0798978393e/42,,,,,,,,,,
rec_830_d,,Метричні книги,d,Запис про смерть,,,https://drive.google.com/file/d/1toRv_T7e165oWU_S8h7SqPYxDy48AOqy/view?usp=drive_web,,https://yandex.ru/archive/catalog/a6452de3-b577-4e71-906a-f8e0175e46cc/105,,,,,,,,,,
rec_831_d-1,,Метричні книги,d,Запис про смерть,,,https://drive.google.com/file/d/1UtABHk18REsIN61RUHtnk8dJ3Q0il4ZH/view?usp=drive_web,,https://yandex.ru/archive/catalog/3334cf83-d33d-45f4-9478-e0798978393e/309,,,,,,,,,,
rec_831_d,,Метричні книги,d,Запис про смерть,,,https://drive.google.com/file/d/1aWtux5Idr488Vj0qjanif25wEMYOkoEX/view?usp=drive_web,,https://yandex.ru/archive/catalog/a6452de3-b577-4e71-906a-f8e0175e46cc/111,,,,,,,,,,
rec_833_d,,Метричні книги,d,Запис про смерть,,,https://drive.google.com/file/d/1thayHYmGoJwefU33GnrrBDDJxipUlxYl/view?usp=drive_web,,https://yandex.ru/archive/catalog/cefb634a-84ff-4100-b4ec-85b965c429e2/220,,,,,,,,,,
rec_837_d,,Метричні книги,d,Запис про смерть,,,https://drive.google.com/file/d/1iAbCzrWBcFsVnMaASoKIcbensiSCVB6N/view?usp=drive_web,,https://yandex.ru/archive/catalog/a6452de3-b577-4e71-906a-f8e0175e46cc/71,,,,,,,,,,
rec_848_d,,Метричні книги,d,Запис про смерть,,,https://drive.google.com/file/d/1yMNjVe-fnnJT-cZZZ4jb1hnaw6Lqzvtc/view?usp=drive_web,,https://yandex.ru/archive/catalog/16cce40c-3447-4f25-a35d-23b11c6b624b/113,,,,,,,,,,
rec_854_d,,Метричні книги,d,Запис про смерть,,,https://drive.google.com/file/d/18bLLq-ZvQoewM_NeQ3CqWGhF_2Q2aCRs/view?usp=drive_web,,,,,,,,,,,,
rec_855_d,,Метричні книги,d,Запис про смерть,,,https://drive.google.com/file/d/1ND7D8J4XKnECa3s9EGmU-mUceKsHKohf/view?usp=drive_web,,https://yandex.ru/archive/catalog/a6452de3-b577-4e71-906a-f8e0175e46cc/155,,,,,,,,,,
rec_866_d,,Метричні книги,d,Запис про смерть,,,https://drive.google.com/file/d/16iDQxr8JpvRavzg3g4hjkW4Thhrlj4dE/view?usp=drive_web,,https://yandex.ru/archive/catalog/a6452de3-b577-4e71-906a-f8e0175e46cc/206,,,,,,,,,,
rec_867_d,,Метричні книги,d,Запис про смерть,,,https://drive.google.com/file/d/1ND7D8J4XKnECa3s9EGmU-mUceKsHKohf/view?usp=drive_web,,https://yandex.ru/archive/catalog/a6452de3-b577-4e71-906a-f8e0175e46cc/155,,,,,,,,,,
rec_868_d,,Метричні книги,d,Запис про смерть,,,https://drive.google.com/file/d/1Efj8h3oLLM2PV1cyavcEbWvai8rlCgS3/view?usp=drive_web,,https://yandex.ru/archive/catalog/a6452de3-b577-4e71-906a-f8e0175e46cc/178,,,,,,,,,,
rec_869_d,,Метричні книги,d,Запис про смерть,,,https://drive.google.com/file/d/13B7_Y02hEngLF9qLEKKJgiqAV5ziS61e/view?usp=drive_web,,https://yandex.ru/archive/catalog/a6452de3-b577-4e71-906a-f8e0175e46cc/201,,,,,,,,,,
rec_870_d,,Метричні книги,d,Запис про смерть,,,https://drive.google.com/file/d/12uBwQ_LswINsXFbXGheN8G_JH7yj44Ac/view?usp=drive_web,,https://yandex.ru/archive/catalog/a6452de3-b577-4e71-906a-f8e0175e46cc/125,,,,,,,,,,
rec_873_d,,Метричні книги,d,Запис про смерть,,,https://drive.google.com/file/d/1thayHYmGoJwefU33GnrrBDDJxipUlxYl/view?usp=drive_web,,https://yandex.ru/archive/catalog/cefb634a-84ff-4100-b4ec-85b965c429e2/220,,,,,,,,,,
rec_874_d,,Метричні книги,d,Запис про смерть,,,https://drive.google.com/file/d/1RKgR00ITHwYD52DM4j38iDlwmN28kOaP/view?usp=drive_web,,https://yandex.ru/archive/catalog/a6452de3-b577-4e71-906a-f8e0175e46cc/172,,,,,,,,,,
rec_875_d-1,,Метричні книги,d,Запис про смерть,,,https://drive.google.com/file/d/173WBfL4ZMYCFevvxRIEwYbegbXHR3L1A/view?usp=drive_web,,https://yandex.ru/archive/catalog/f63fa92c-ca88-4ee4-a829-dce23b2ab746/32,,,,,,,,,,
rec_875_d,,Метричні книги,d,Запис про смерть,,,https://drive.google.com/file/d/1UdoJ-9VOanUiVkkBP6PTQHKkxN7v_ZqA/view?usp=drive_web,,https://yandex.ru/archive/catalog/a6452de3-b577-4e71-906a-f8e0175e46cc/89,,,,,,,,,,
rec_879_d,,Метричні книги,d,Запис про смерть,,,https://drive.google.com/file/d/12C5K5qMafzJWLMaFN1q_Q71Jje8mBYgr/view?usp=drive_web,,https://yandex.ru/archive/catalog/a6452de3-b577-4e71-906a-f8e0175e46cc/35,,,,,,,,,,
rec_881_d-1,,Метричні книги,d,Запис про смерть,,,https://drive.google.com/file/d/1Q6Gyb-K6HSiX4Bn7uQpnj48BfXIRCDur/view?usp=drive_web,,https://yandex.ru/archive/catalog/73f648da-39db-4dcc-9241-4ffdb10ebdec/46,,,,,,,,,,
rec_881_d,,Метричні книги,d,Запис про смерть,,,https://drive.google.com/file/d/1qBEB0lxz0wnu8FBSbZo0zK8e18X-1YPc/view?usp=drive_web,,https://yandex.ru/archive/catalog/a6452de3-b577-4e71-906a-f8e0175e46cc/83,,,,,,,,,,
rec_883_d-1,,Метричні книги,d,Запис про смерть,,,https://drive.google.com/file/d/1FT8LE7_FIjaysGQdeyr7_dUTWIsDOuXt/view?usp=drive_web,,https://yandex.ru/archive/catalog/3334cf83-d33d-45f4-9478-e0798978393e/42,,,,,,,,,,
rec_883_d,,Метричні книги,d,Запис про смерть,,,https://drive.google.com/file/d/1toRv_T7e165oWU_S8h7SqPYxDy48AOqy/view?usp=drive_web,,https://yandex.ru/archive/catalog/a6452de3-b577-4e71-906a-f8e0175e46cc/105,,,,,,,,,,
rec_885_d-1,,Метричні книги,d,Запис про смерть,,,https://drive.google.com/file/d/12movkQDVrRULbCsjMpvBgVHZoRxIZuoR/view?usp=drive_web,,https://yandex.ru/archive/catalog/73f648da-39db-4dcc-9241-4ffdb10ebdec/47,,,,,,,,,,
rec_885_d,,Метричні книги,d,Запис про смерть,,,https://drive.google.com/file/d/1Yd4tF3Ntt7GzgWFKvJIXjcHYGakYS6Gw/view?usp=drive_web,,https://yandex.ru/archive/catalog/a6452de3-b577-4e71-906a-f8e0175e46cc/84,,,,,,,,,,
rec_887_d,,Метричні книги,d,Запис про смерть,,,https://drive.google.com/file/d/1pSXBdVlKQKhan18M-JniJBMHC-Ph4S99/view?usp=drive_web,,https://yandex.ru/archive/catalog/a6452de3-b577-4e71-906a-f8e0175e46cc/58,,,,,,,,,,
rec_887_d-1,,Метричні книги,d,Запис про смерть,,,https://drive.google.com/file/d/1cdwr4VaM5Y206HTxtNtTji8e0pHKvLJB/view?usp=drive_web,,https://yandex.ru/archive/catalog/fd14551a-e02c-40fb-9633-7084eea6846f/75,,,,,,,,,,
rec_888_d,,Метричні книги,d,Запис про смерть,,,https://drive.google.com/file/d/19ALeN-tX05eaZP1-Vevf_mAgYUDReVYQ/view?usp=drive_web,,,,,,,,,,,,
rec_889_d-1,,Метричні книги,d,Запис про смерть,,,https://drive.google.com/file/d/1UtABHk18REsIN61RUHtnk8dJ3Q0il4ZH/view?usp=drive_web,,https://yandex.ru/archive/catalog/3334cf83-d33d-45f4-9478-e0798978393e/309,,,,,,,,,,
rec_889_d,,Метричні книги,d,Запис про смерть,,,https://drive.google.com/file/d/1aWtux5Idr488Vj0qjanif25wEMYOkoEX/view?usp=drive_web,,https://yandex.ru/archive/catalog/a6452de3-b577-4e71-906a-f8e0175e46cc/111,,,,,,,,,,
rec_890_d,,Метричні книги,d,Запис про смерть,,,https://drive.google.com/file/d/16iDQxr8JpvRavzg3g4hjkW4Thhrlj4dE/view?usp=drive_web,,https://yandex.ru/archive/catalog/a6452de3-b577-4e71-906a-f8e0175e46cc/206,,,,,,,,,,
rec_891_d-1,,Метричні книги,d,Запис про смерть,,,https://drive.google.com/file/d/173WBfL4ZMYCFevvxRIEwYbegbXHR3L1A/view?usp=drive_web,,https://yandex.ru/archive/catalog/f63fa92c-ca88-4ee4-a829-dce23b2ab746/32,,,,,,,,,,
rec_891_d,,Метричні книги,d,Запис про смерть,,,https://drive.google.com/file/d/1UdoJ-9VOanUiVkkBP6PTQHKkxN7v_ZqA/view?usp=drive_web,,https://yandex.ru/archive/catalog/a6452de3-b577-4e71-906a-f8e0175e46cc/89,,,,,,,,,,
rec_892_d,,Метричні книги,d,Запис про смерть,,,https://drive.google.com/file/d/1krGMXoGdwxkx9rreX2-AUm51gYXHaH-5/view?usp=drive_web,,,,,,,,,,,,
rec_894_d,,Метричні книги,d,Запис про смерть,,,https://drive.google.com/file/d/18RnIUIcjFLmiiZavgiOw-LzpMo4LtNtV/view?usp=drive_web,,,,,,,,,,,,
rec_895_d,,Метричні книги,d,Запис про смерть,,,https://drive.google.com/file/d/13B7_Y02hEngLF9qLEKKJgiqAV5ziS61e/view?usp=drive_web,,https://yandex.ru/archive/catalog/a6452de3-b577-4e71-906a-f8e0175e46cc/201,,,,,,,,,,
rec_964_d-1,,Метричні книги,d,Запис про смерть,,,https://drive.google.com/file/d/1hF61vfLlE6EWz8zwyIf5EkduHqFPFxh7/view?usp=drive_web,,https://www.familysearch.org/ark:/61903/3:1:3Q9M-C9PT-Q9MP-X?cat=2997966&i=16&lang=uk,,,,,,,,,,
rec_964_d,,Метричні книги,d,Запис про смерть,,,https://drive.google.com/file/d/11vNSfVBAi5g8-uuM4d9EnjYFCPhF12Wp/view?usp=drive_web,,https://www.familysearch.org/ark:/61903/3:1:33SQ-GRSH-9H6N?wc=QV6D-4P4%3A180600901%2C192872401%2C192915701%26cc%3D1910265&lang=uk&i=9&cc=1910265,,,,,,,,,,
rec_970_d,,Метричні книги,d,Запис про смерть,,,https://drive.google.com/file/d/1_SV-O9IKZyujMOEq6nbQiHYbNbwbXeGO/view?usp=drive_web,,https://www.familysearch.org/ark:/61903/3:1:33S7-9RSJ-FGG?i=56&wc=QVG9-F4W%3A180600901%2C204054701%2C204055801&cc=1910265&lang=uk,,,,,,,,,,
rec_971_d,,Метричні книги,d,Запис про смерть,,,https://drive.google.com/file/d/1yMLv7iudoFITURJIdEHBtK8nGkuQwjLh/view?usp=drive_web,,https://www.familysearch.org/ark:/61903/3:1:33SQ-GRSJ-XP9?wc=QVG9-F4W%3A180600901%2C204054701%2C204055801%26cc%3D1910265&lang=uk&i=42&cc=1910265,,,,,,,,,,
rec_991_d,,Метричні книги,d,Запис про смерть,,,https://drive.google.com/file/d/1wUAXAZQczKMIQK_LnoNumCvegGgdN0q2/view?usp=drive_web,,https://www.familysearch.org/ark:/61903/3:1:33SQ-GRSJ-XTW?wc=QVG9-F4W%3A180600901%2C204054701%2C204055801%26cc%3D1910265&lang=uk&i=39&cc=1910265,,,,,,,,,,
rec_1014_d,,Метричні книги,d,Запис про смерть,,,https://drive.google.com/file/d/1tXcpOU-SvsotjikPMimB9P7lHtGHsGnz/view?usp=drive_web,,https://www.familysearch.org/ark:/61903/3:1:33S7-9RSH-9C8V?wc=QV6D-4P4%3A180600901%2C192872401%2C192915701%26cc%3D1910265&lang=uk&i=4&cc=1910265,,,,,,,,,,
rec_1018_d-1,,Метричні книги,d,Запис про смерть,,,https://drive.google.com/file/d/1N33OevAF5xglBdNbPYHADBIUG4xrHGDn/view?usp=drive_web,,https://www.familysearch.org/ark:/61903/3:1:3Q9M-C9PT-Q1Y3?cat=2997966&i=56&lang=uk,,,,,,,,,,
rec_1018_d,,Метричні книги,d,Запис про смерть,,,https://drive.google.com/file/d/1O3ASnSSNH0xHdTSzfWDY-xCfqd3ukyu-/view?usp=drive_web,,https://www.familysearch.org/ark:/61903/3:1:33SQ-GRSM-DJJ?wc=QV6D-4GM%3A180600901%2C192872401%2C192909601%26cc%3D1910265&lang=uk&i=13&cc=1910265&groupId=1910265,,,,,,,,,,
rec_1044_d,,Метричні книги,d,Запис про смерть,,,https://drive.google.com/file/d/1_XyAkNWLrQePUQBty8ESQ05yzaX18gNU/view?usp=drive_web,,https://www.familysearch.org/ark:/61903/3:1:33S7-9GFQ-9VDM?i=95&wc=Q866-N3N%3A375541101%2C378598501%2C379069801%2C379572201&cc=1921824&lang=uk,,,,,,,,,,
rec_1176_d,,Метричні книги,d,Запис про смерть,,,https://drive.google.com/file/d/1dR1CiKs27VzL62m7sGslRRMJzn1A6HUG/view?usp=drive_web,,https://www.familysearch.org/ark:/61903/3:1:33S7-9GNX-4P3?i=109&wc=Q866-VL9%3A375541101%2C378598501%2C379069801%2C379942501&cc=1921824&lang=uk,,,,,,,,,,
rec_1280_d,,Метричні книги,d,Запис про смерть,,,https://drive.google.com/file/d/196Laz-YdRijHQS8amHNG18gw6meyz_gY/view?usp=drive_web,,https://www.familysearch.org/ark:/61903/3:1:33SQ-GTWL-9ZKJ?i=45&wc=Q866-GNJ%3A375541101%2C378598501%2C378674901%2C378821501&cc=1921824&lang=uk,,,,,,,,,,
rec_1281_d,,Метричні книги,d,Запис про смерть,,,https://drive.google.com/file/d/1PLfeFcdlQu_NMgeHoKMbBblFnfXkFWZP/view?usp=drive_web,,https://www.familysearch.org/ark:/61903/3:1:33S7-9GF7-D27?i=124&wc=Q866-N7Y%3A375541101%2C375541102%2C376745401%2C378053201&cc=1921824&lang=uk,,,,,,,,,,
rec_1282_d,,Метричні книги,d,Запис про смерть,,,https://drive.google.com/file/d/1bPZ00rGaZZPPrIO6_4mqY-FrTAtGbIqU/view?usp=drive_web,,https://www.familysearch.org/ark:/61903/3:1:33SQ-GGNX-H9F?i=150&wc=Q866-VL9%3A375541101%2C378598501%2C379069801%2C379942501&cc=1921824&lang=uk,,,,,,,,,,
rec_1283_d,,Метричні книги,d,Запис про смерть,,,https://drive.google.com/file/d/1R2d2uPxdbi-oMcwLzcjOsCf474ey7HPM/view?usp=drive_web,,https://www.familysearch.org/ark:/61903/3:1:33S7-9GX4-517?i=137&wc=Q866-XH1%3A375541101%2C378598501%2C379069801%2C379099101&cc=1921824&lang=uk,,,,,,,,,,
rec_1284_d,,Метричні книги,d,Запис про смерть,,,https://drive.google.com/file/d/1VPkF7VseMM7a5ElNpB9Q81h5xY_Wjub2/view?usp=drive_web,,https://www.familysearch.org/ark:/61903/3:1:33SQ-GGXW-SWR?i=130&wc=Q866-XWD%3A375541101%2C378598501%2C379069801%2C379111101&cc=1921824&lang=uk,,,,,,,,,,
rec_1286_d,,Метричні книги,d,Запис про смерть,,,https://drive.google.com/file/d/1E7PTtGLW38lkPulSd6rCgRL7Mx6668bJ/view?usp=drive_web,,https://www.familysearch.org/ark:/61903/3:1:33SQ-GGNX-VYN?i=98&wc=Q866-VJ6%3A375541101%2C380331001%2C381648501%2C382438401&cc=1921824&lang=uk,,,,,,,,,,
rec_1296_d,,Метричні книги,d,Запис про смерть,,,https://drive.google.com/file/d/1IVTt5jyUkJBfUJ24uuPPriZFqebU2wNb/view?usp=drive_web,,https://www.familysearch.org/ark:/61903/3:1:33S7-9GFW-25R?i=61&wc=Q866-NN5%3A375541101%2C378598501%2C379069801%2C379582401&cc=1921824&lang=uk,,,,,,,,,,
rec_1302_d,,Метричні книги,d,Запис про смерть,,,https://drive.google.com/file/d/1VPkF7VseMM7a5ElNpB9Q81h5xY_Wjub2/view?usp=drive_web,,familysearch.org/ark:/61903/3:1:33SQ-GGXW-SWR?i=130&wc=Q866-XWD%3A375541101%2C378598501%2C379069801%2C379111101&cc=1921824,,,,,,,,,,
rec_1304_d,,Метричні книги,d,Запис про смерть,,,https://drive.google.com/file/d/1Iw8Svz00VCcMHub-KWV-wuUVZISNZxJv/view?usp=drive_web,,https://www.familysearch.org/ark:/61903/3:1:33SQ-GGFQ-9V1H?i=170&wc=Q866-N3N%3A375541101%2C378598501%2C379069801%2C379572201&cc=1921824&lang=uk,,,,,,,,,,
rec_1308_d,,Метричні книги,d,Запис про смерть,,,https://drive.google.com/file/d/1m4UaRVFwA5xLlogIar5nSCjYsSaR7n54/view?usp=drive_web,,https://www.familysearch.org/ark:/61903/3:1:33S7-9TW5-HWB?i=125&wc=Q866-P7P%3A375541101%2C378598501%2C378674901%2C378810901&cc=1921824&lang=uk,,,,,,,,,,
rec_1324_d,,Метричні книги,d,Запис про смерть,,,https://drive.google.com/file/d/1tDM7oJiMmsUcnlfnVjj2vLfzkb84pMkY/view?usp=drive_web,,https://www.familysearch.org/ark:/61903/3:1:33SQ-GGFK-8R2?i=111&wc=Q866-NPJ%3A375541101%2C378598501%2C379069801%2C379915701&cc=1921824&lang=uk,,,,,,,,,,
rec_1336_d-1,,Метричні книги,d,Запис про смерть,,,https://drive.google.com/file/d/1zDF0JAFjmbifbh_zeciYBy0gt4bEcmFZ/view?usp=drive_web,,https://www.familysearch.org/ark:/61903/3:1:33S7-9GFQ-9VBY?i=122&wc=Q866-NW3%3A375541101%2C378598501%2C379069801%2C379570901&cc=1921824&lang=uk,,,,,,,,,,
rec_1336_d,,Метричні книги,d,Запис про смерть,,,https://drive.google.com/file/d/1LcUYcYuqJMiDeTqWkkgyOHZoWfBJ7Tm0/view?usp=drive_web,,https://www.familysearch.org/ark:/61903/3:1:33S7-9GFK-82W?i=56&wc=Q866-NPJ%3A375541101%2C378598501%2C379069801%2C379915701&cc=1921824&lang=uk,,,,,,,,,,
rec_1338_d,,Метричні книги,d,Запис про смерть,,,https://drive.google.com/file/d/1fl36_-3RaqoL2SuVKzjeAznuIWrtz323/view?usp=drive_web,,https://www.familysearch.org/ark:/61903/3:1:33S7-9GJ9-RDW?i=158&wc=Q866-KCF%3A375541101%2C378598501%2C379069801%2C379950801&cc=1921824&lang=uk,,,,,,,,,,
rec_1348_d,,Метричні книги,d,Запис про смерть,,,https://drive.google.com/file/d/14Lr8xDbzkqq0hy_6gpIXTrjy0lhUer-j/view?usp=drive_web,,https://www.familysearch.org/ark:/61903/3:1:33S7-9GXZ-99B1?i=86&wc=Q866-X2Z%3A375541101%2C380331001%2C381648501%2C381859601&cc=1921824&lang=uk,,,,,,,,,,
rec_1396_d,,Метричні книги,d,Запис про смерть,,,https://drive.google.com/file/d/1kIVl8GA8BSM7wCLERdQvnJV0lYXSrHpb/view?usp=drive_web,,https://www.familysearch.org/ark:/61903/3:1:33SQ-GGFK-FCG?i=27&wc=Q866-NGT%3A375541101%2C380331001%2C381648501%2C382374601&cc=1921824&lang=uk,,,,,,,,,,
rec_1406_d,,Метричні книги,d,Запис про смерть,,,https://drive.google.com/file/d/15DAr6AOHX51KmoQusfZNs-a3-B0pnBfI/view?usp=drive_web,,https://www.familysearch.org/ark:/61903/3:1:33SQ-GGJS-5YT?i=103&wc=Q866-KZP%3A375541101%2C378598501%2C379069801%2C380195201&cc=1921824&lang=uk,,,,,,,,,,
rec_1494_d,,Метричні книги,d,Запис про смерть,,,https://drive.google.com/file/d/1OmZZjd0-AZVzONfHEknbpNNJzoIbfDi3/view?usp=drive_web,,familysearch.org/ark:/61903/3:1:33SQ-GGFQ-9K54?i=35&wc=Q866-NW3%3A375541101%2C378598501%2C379069801%2C379570901&cc=1921824,,,,,,,,,,
rec_1564_d,,Метричні книги,d,Запис про смерть,,,https://drive.google.com/file/d/1SufnRsJR-H0DoVEsxA0BhcymgQl7EUSx/view?usp=drive_web,,https://yandex.ru/archive/catalog/0222b265-e7f7-4fa4-a324-b18c242a8dad/225,,,,,,,,,,
rec_1592_d,,Метричні книги,d,Запис про смерть,,,https://drive.google.com/file/d/1aah57DI6WEwocR-9UZT6vGzFA61xu0tv/view?usp=drive_web,,https://yandex.ru/archive/catalog/8744f1a9-1c6b-443f-80d1-8c121f095305/274,,,,,,,,,,
rec_1733_d,,Метричні книги,d,Запис про смерть,,,https://drive.google.com/file/d/1iAbCzrWBcFsVnMaASoKIcbensiSCVB6N/view?usp=drive_web,,https://yandex.ru/archive/catalog/a6452de3-b577-4e71-906a-f8e0175e46cc/71,,,,,,,,,,
rec_1734_d,,Метричні книги,d,Запис про смерть,,,https://drive.google.com/file/d/1yCpXnxw5Y5oYk2hChE1Zea7oppwY4Kj4/view?usp=drive_web,,https://yandex.ru/archive/catalog/ad030d2e-11e5-4cbd-92bc-26ff47bd58a6/105,,,,,,,,,,
rec_1738_d-1,,Метричні книги,d,Запис про смерть,,,https://drive.google.com/file/d/1FT8LE7_FIjaysGQdeyr7_dUTWIsDOuXt/view?usp=drive_web,,https://yandex.ru/archive/catalog/3334cf83-d33d-45f4-9478-e0798978393e/42,,,,,,,,,,
rec_1738_d,,Метричні книги,d,Запис про смерть,,,https://drive.google.com/file/d/1toRv_T7e165oWU_S8h7SqPYxDy48AOqy/view?usp=drive_web,,https://yandex.ru/archive/catalog/a6452de3-b577-4e71-906a-f8e0175e46cc/105,,,,,,,,,,
rec_1739_d,,Метричні книги,d,Запис про смерть,,,https://drive.google.com/file/d/1sbYjqoOSAGrRaJ8hjaj1BOGe820ORIrd/view?usp=drive_web,,https://yandex.ru/archive/catalog/a6452de3-b577-4e71-906a-f8e0175e46cc/136,,,,,,,,,,
rec_1742_d,,Метричні книги,d,Запис про смерть,,,https://drive.google.com/file/d/1UJJlMEt2fYbwHvCLFMgf0-lwrBjpRn0K/view?usp=drive_web,,https://yandex.ru/archive/catalog/43529b06-ecdd-4711-9835-f6c33f7a8fc7/80,,,,,,,,,,
rec_1745_d,,Метричні книги,d,Запис про смерть,,,https://drive.google.com/file/d/1thayHYmGoJwefU33GnrrBDDJxipUlxYl/view?usp=drive_web,,https://yandex.ru/archive/catalog/cefb634a-84ff-4100-b4ec-85b965c429e2/220,,,,,,,,,,
rec_1750_d,,Метричні книги,d,Запис про смерть,,,https://drive.google.com/file/d/158QDFzJPiyu6BkjnsixpFskq3qO2GoMM/view?usp=drive_web,,https://yandex.ru/archive/catalog/323f7edb-9792-4c46-94b3-ca83160524da/53,,,,,,,,,,
rec_1777_d,,Метричні книги,d,Запис про смерть,,,https://drive.google.com/file/d/195TGASVG4q3pVQyoF6Vjm54gu2wtFGYM/view?usp=drive_web,,https://yandex.ru/archive/catalog/a6452de3-b577-4e71-906a-f8e0175e46cc/57,,,,,,,,,,
rec_1778_d-1,,Метричні книги,d,Запис про смерть,,,https://drive.google.com/file/d/1v2sqceSCBJQzTVL0hB9WRzke7u88Tvil/view?usp=drive_web,,https://yandex.ru/archive/catalog/550d69d4-204c-4d88-9c08-c825cd5e354a/54,,,,,,,,,,
rec_1778_d,,Метричні книги,d,Запис про смерть,,,https://drive.google.com/file/d/1cG_yw5JbvzhU8i2Mp1QYLUWfNofAnsnw/view?usp=drive_web,,https://yandex.ru/archive/catalog/a6452de3-b577-4e71-906a-f8e0175e46cc/22,,,,,,,,,,
rec_1779_d,,Метричні книги,d,Запис про смерть,,,https://drive.google.com/file/d/12C5K5qMafzJWLMaFN1q_Q71Jje8mBYgr/view?usp=drive_web,,https://yandex.ru/archive/catalog/a6452de3-b577-4e71-906a-f8e0175e46cc/35,,,,,,,,,,
rec_1780_d,,Метричні книги,d,Запис про смерть,,,https://drive.google.com/file/d/12C5K5qMafzJWLMaFN1q_Q71Jje8mBYgr/view?usp=drive_web,,https://yandex.ru/archive/catalog/a6452de3-b577-4e71-906a-f8e0175e46cc/35,,,,,,,,,,
rec_1781_d-1,,Метричні книги,d,Запис про смерть,,,https://drive.google.com/file/d/1P2p_KPktwUn1BKx9hxAipVeLO6wsEkum/view?usp=drive_web,,https://yandex.ru/archive/catalog/550d69d4-204c-4d88-9c08-c825cd5e354a/329,,,,,,,,,,
rec_1781_d,,Метричні книги,d,Запис про смерть,,,https://drive.google.com/file/d/1F_ufhpIUALI0m6zr-to61LBlLPaDhrBD/view?usp=drive_web,,https://yandex.ru/archive/catalog/a6452de3-b577-4e71-906a-f8e0175e46cc/15,,,,,,,,,,
rec_1785_d,,Метричні книги,d,Запис про смерть,,,https://drive.google.com/file/d/1w69kR7QB4ogT404t4mf40gin6TBplaWB/view?usp=drive_web,,https://yandex.ru/archive/catalog/5de18575-5b0c-45e7-8653-27e4636e329d/173,,,,,,,,,,
rec_1790_d,,Метричні книги,d,Запис про смерть,,,https://drive.google.com/file/d/1oit9p3YagQ4tMUg_nJPHw3ialZhQjsW3/view?usp=drive_web,,https://yandex.ru/archive/catalog/a6452de3-b577-4e71-906a-f8e0175e46cc/76,,,,,,,,,,
rec_1791_d-1,,Метричні книги,d,Запис про смерть,,,https://drive.google.com/file/d/1UtABHk18REsIN61RUHtnk8dJ3Q0il4ZH/view?usp=drive_web,,https://yandex.ru/archive/catalog/3334cf83-d33d-45f4-9478-e0798978393e/309,,,,,,,,,,
rec_1791_d,,Метричні книги,d,Запис про смерть,,,https://drive.google.com/file/d/1aWtux5Idr488Vj0qjanif25wEMYOkoEX/view?usp=drive_web,,https://yandex.ru/archive/catalog/a6452de3-b577-4e71-906a-f8e0175e46cc/111,,,,,,,,,,
rec_2337_d,,Метричні книги,d,Запис про смерть,,,https://drive.google.com/file/d/1wzuNuUwiC7nwZunn1W0x0IbAoFeFbdAg/view?usp=drive_web,,https://www.familysearch.org/ark:/61903/3:1:33SQ-GGFW-LQF?i=110&wc=Q866-NNL%3A375541101%2C378598501%2C379069801%2C379583601&cc=1921824&lang=uk,,,,,,,,,,
rec_2572_d,,Метричні книги,d,Запис про смерть,,,https://drive.google.com/file/d/1Iw8Svz00VCcMHub-KWV-wuUVZISNZxJv/view?usp=drive_web,,https://www.familysearch.org/ark:/61903/3:1:33SQ-GGFQ-9V1H?i=170&wc=Q866-N3N%3A375541101%2C378598501%2C379069801%2C379572201&cc=1921824&lang=uk,,,,,,,,,,
rec_2592_d,,Метричні книги,d,Запис про смерть,,,https://drive.google.com/file/d/1VZKCUcMUE-1is1KbWFPAevQ6DShCxb0Q/view?usp=drive_web,,https://www.familysearch.org/ark:/61903/3:1:33S7-9GN6-62X?i=155&wc=Q866-VDL%3A375541101%2C378598501%2C379069801%2C379957001&cc=1921824&lang=uk,,,,,,,,,,
rec_2812_d,,Метричні книги,d,Запис про смерть,,,https://drive.google.com/file/d/1t95v5araKFHy7jUYV4VY4Xb10siCWZck/view?usp=drive_web,,https://www.familysearch.org/ark:/61903/3:1:33SQ-GGFW-VRT?i=38&wc=Q866-NNF%3A375541101%2C378598501%2C379069801%2C379587301&cc=1921824&lang=uk,,,,,,,,,,
rec_3012_d,,Метричні книги,d,Запис про смерть,,,https://drive.google.com/file/d/18cjbGkSY75UkNCuFFZHhH90gXbVc6dNd/view?usp=drive_web,,https://www.familysearch.org/ark:/61903/3:1:33S7-9GXZ-991K?i=87&wc=Q866-X2Z%3A375541101%2C380331001%2C381648501%2C381859601&cc=1921824&lang=uk,,,,,,,,,,
rec_3013_d,,Метричні книги,d,Запис про смерть,,,https://drive.google.com/file/d/1gsxlcd7wgn_TL7HUHt1-lkKccPcp3a9U/view?usp=drive_web,,https://www.familysearch.org/ark:/61903/3:1:33S7-9GN6-6GW?i=148&wc=Q866-VDL%3A375541101%2C378598501%2C379069801%2C379957001&cc=1921824&lang=uk,,,,,,,,,,
rec_3468_d,,Метричні книги,d,Запис про смерть,,,https://drive.google.com/file/d/1YVTZJGuqLCx-YWalB5XsS1be5N1r7zyU/view?usp=drive_web,,https://yandex.ru/archive/catalog/44d7fa4c-6d99-420e-bfee-bac828b5a344/390,,,,,,,,,,
rec_3476_d,,Метричні книги,d,Запис про смерть,,,https://drive.google.com/file/d/1UJJlMEt2fYbwHvCLFMgf0-lwrBjpRn0K/view?usp=drive_web,,https://yandex.ru/archive/catalog/43529b06-ecdd-4711-9835-f6c33f7a8fc7/80,,,,,,,,,,
rec_3536_d,,Метричні книги,d,Запис про смерть,,,https://drive.google.com/file/d/1bvebSAD8aughonJknl89p9hpQjirvDvZ/view?usp=drive_web,,https://yandex.ru/archive/catalog/1e911206-995e-4c60-bfcd-d029426c8d6f/127,,,,,,,,,,
rec_3537_d,,Метричні книги,d,Запис про смерть,,,https://drive.google.com/file/d/1SufnRsJR-H0DoVEsxA0BhcymgQl7EUSx/view?usp=drive_web,,https://yandex.ru/archive/catalog/0222b265-e7f7-4fa4-a324-b18c242a8dad/225,,,,,,,,,,
rec_3564_d,,Метричні книги,d,Запис про смерть,,,https://drive.google.com/file/d/1fUeKBpVbLbFp1fMgLXQEIAgv6Xp1EQMZ/view?usp=drive_web,,https://yandex.ru/archive/catalog/17c8b3fe-c6ea-4606-9df8-e1d07aa88cd4/94,,,,,,,,,,
rec_3580_d,,Метричні книги,d,Запис про смерть,,,https://drive.google.com/file/d/1fRhZkzRUkH755z7k6hgsFjK4QMNs1lL4/view?usp=drive_web,,https://yandex.ru/archive/catalog/45daab97-4773-47b7-84a1-4bb948bf08e8/50,,,,,,,,,,
rec_24_r_10,,Ревізькі казки,r,10-а ревізія,,,https://drive.google.com/file/d/1IWfDPbn3XBa1hfREnL2PGgSwy4kTqFF9/view?usp=drivesdk,,,,02.05.1858,RU_YURINSKAYA,Єгор'євський повіт / Рязанська губернія,Катерина Петрівна Єрмолова,,,,,
rec_48_r_10,,Ревізькі казки,r,10-а ревізія,,,https://drive.google.com/file/d/1IWfDPbn3XBa1hfREnL2PGgSwy4kTqFF9/view?usp=drivesdk,,,,02.05.1858,RU_YURINSKAYA,Єгор'євський повіт / Рязанська губернія,Катерина Петрівна Єрмолова,,,,,
rec_48_r_9,,Ревізькі казки,r,9-а ревізія,,,https://drive.google.com/file/d/1zOuwGpVXF8Ke4fF3tkR8Qb5iBK2NdySx/view?usp=drivesdk,,,,27.08.1850,RU_YURINSKAYA,Єгор'євський повіт / Рязанська губернія,Анна Григорівна Єрмолова,,,,,
rec_48_r_8,,Ревізькі казки,r,8-а ревізія,,,https://drive.google.com/file/d/1cOw_PUxajit7DnEXdQhVYhglvT_weMWA/view?usp=drivesdk,,,,09.04.1834,RU_YURINSKAYA,Єгор'євський повіт / Рязанська губернія,Анна Григорівна Єрмолова,,,,,
rec_48_r_7,,Ревізькі казки,r,7-а ревізія,,,https://drive.google.com/file/d/1gWOoR5vT4iNDxjiOdx0NiHzd9wERtyhO/view?usp=drivesdk,,,,03.1816,RU_YURINSKAYA,Єгор'євський повіт / Рязанська губернія,Василь Іванович Семевський,,,,,
rec_49_r_10,,Ревізькі казки,r,10-а ревізія,,,https://drive.google.com/file/d/1IWfDPbn3XBa1hfREnL2PGgSwy4kTqFF9/view?usp=drivesdk,,,,02.05.1858,RU_YURINSKAYA,Єгор'євський повіт / Рязанська губернія,Катерина Петрівна Єрмолова,,,,,
rec_49_r_9,,Ревізькі казки,r,9-а ревізія,,,https://drive.google.com/file/d/1zOuwGpVXF8Ke4fF3tkR8Qb5iBK2NdySx/view?usp=drivesdk,,,,27.08.1850,RU_YURINSKAYA,Єгор'євський повіт / Рязанська губернія,Анна Григорівна Єрмолова,,,,,
rec_49_r_8,,Ревізькі казки,r,8-а ревізія,,,https://drive.google.com/file/d/1VmtubQ9_vtJU21HrrzzXyDe_y0FD8PZB/view?usp=drive_link,,,,09.04.1834,RU_KUMOVO,Єгор'євський повіт / Рязанська губернія,Анна Григорівна Єрмолова,,,,,
rec_50_r_10,,Ревізькі казки,r,10-а ревізія,,,https://drive.google.com/file/d/1ILzp8fgF-gFSfggkdNW_kQjgZQBSxJgD/view?usp=drivesdk,,,,02.05.1858,RU_YANINO,Єгор'євський повіт / Рязанська губернія,Катерина Петрівна Єрмолова,,,,,
rec_50_r_9,,Ревізькі казки,r,9-а ревізія,,,https://drive.google.com/file/d/1LsZRi_H_P4jvEz7NLgE17B7nChNCIdCJ/view?usp=drivesdk,,,,27.08.1850,RU_YANINO,Єгор'євський повіт / Рязанська губернія,Анна Григорівна Єрмолова,,,,,
rec_50_r_8,,Ревізькі казки,r,8-а ревізія,,,https://drive.google.com/file/d/18vi2Tp__6Q5EfpBsJjMSHJomHasR4nEW/view?usp=drivesdk,,,,09.04.1834,RU_YANINO,Єгор'євський повіт / Рязанська губернія,Анна Григорівна Єрмолова,,,,,
rec_51_r_9,,Ревізькі казки,r,9-а ревізія,,,https://drive.google.com/file/d/1LsZRi_H_P4jvEz7NLgE17B7nChNCIdCJ/view?usp=drivesdk,,,,27.08.1850,RU_YANINO,Єгор'євський повіт / Рязанська губернія,Анна Григорівна Єрмолова,,,,,
rec_51_r_8,,Ревізькі казки,r,8-а ревізія,,,https://drive.google.com/file/d/1TaUcfAy4aFu63-JPlLT4dGnxhRdqhurD/view?usp=drivesdk,,,,09.04.1834,RU_KHARINSKAYA,Єгор'євський повіт / Рязанська губернія,Анна Григорівна Єрмолова,,,,,
rec_52_r_10,,Ревізькі казки,r,10-а ревізія,,,https://drive.google.com/file/d/14XCY8DQ3uhzt3KUwmS6vJXHav_0IBGCB/view?usp=drivesdk,,,,02.05.1858,RU_YURINSKAYA,Єгор'євський повіт / Рязанська губернія,Катерина Петрівна Єрмолова,,,,,
rec_52_r_9,,Ревізькі казки,r,9-а ревізія,,,https://drive.google.com/file/d/14uXmHeuS1UI9htKCePb1IVvAwTE6bgkR/view?usp=drivesdk,,,,27.08.1850,RU_YURINSKAYA,Єгор'євський повіт / Рязанська губернія,Анна Григорівна Єрмолова,,,,,
rec_52_r_8,,Ревізькі казки,r,8-а ревізія,,,https://drive.google.com/file/d/1GU-Ck_qBqYqMZqnOo8uS_xtto75Y78Ox/view?usp=drivesdk,,,,09.04.1834,RU_YURINSKAYA,Єгор'євський повіт / Рязанська губернія,Анна Григорівна Єрмолова,,,,,
rec_53_r_10,,Ревізькі казки,r,10-а ревізія,,,https://drive.google.com/file/d/14XCY8DQ3uhzt3KUwmS6vJXHav_0IBGCB/view?usp=drivesdk,,,,02.05.1858,RU_YURINSKAYA,Єгор'євський повіт / Рязанська губернія,Катерина Петрівна Єрмолова,,,,,
rec_53_r_9,,Ревізькі казки,r,9-а ревізія,,,https://drive.google.com/file/d/14uXmHeuS1UI9htKCePb1IVvAwTE6bgkR/view?usp=drivesdk,,,,27.08.1850,RU_YURINSKAYA,Єгор'євський повіт / Рязанська губернія,Анна Григорівна Єрмолова,,,,,
rec_53_r_8,,Ревізькі казки,r,8-а ревізія,,,https://drive.google.com/file/d/1ZVG6loVlo0KDtFSDJ50rl_Ck_nscEMO4/view?usp=drivesdk,,,,09.04.1834,RU_KHARINSKAYA,Єгор'євський повіт / Рязанська губернія,Анна Григорівна Єрмолова,,,,,
rec_54_r_10,,Ревізькі казки,r,10-а ревізія,,,https://drive.google.com/file/d/1K2VvkPD8YBXgYTA4xs1DqWbX0pm6RNhe/view?usp=drivesdk,,,,02.05.1858,RU_YURINSKAYA,Єгор'євський повіт / Рязанська губернія,Катерина Петрівна Єрмолова,,,,,
rec_54_r_9,,Ревізькі казки,r,9-а ревізія,,,https://drive.google.com/file/d/14uXmHeuS1UI9htKCePb1IVvAwTE6bgkR/view?usp=drivesdk,,,,27.08.1850,RU_YURINSKAYA,Єгор'євський повіт / Рязанська губернія,Анна Григорівна Єрмолова,,,,,
rec_55_r_10,,Ревізькі казки,r,10-а ревізія,,,https://drive.google.com/file/d/1K2VvkPD8YBXgYTA4xs1DqWbX0pm6RNhe/view?usp=drivesdk,,,,02.05.1858,RU_YURINSKAYA,Єгор'євський повіт / Рязанська губернія,Катерина Петрівна Єрмолова,,,,,
rec_55_r_9,,Ревізькі казки,r,9-а ревізія,,,https://drive.google.com/file/d/1JMugFrU70yMUn6x67eTPUlJ6_GqlQ9EU/view?usp=drivesdk,,,,27.08.1850,RU_LELECHI,Єгор'євський повіт / Рязанська губернія,Анна Григорівна Єрмолова,,,,,
rec_96_r_10,,Ревізькі казки,r,10-а ревізія,,,https://drive.google.com/file/d/1IWfDPbn3XBa1hfREnL2PGgSwy4kTqFF9/view?usp=drivesdk,,,,02.05.1858,RU_YURINSKAYA,Єгор'євський повіт / Рязанська губернія,Катерина Петрівна Єрмолова,,,,,
rec_96_r_9,,Ревізькі казки,r,9-а ревізія,,,https://drive.google.com/file/d/1zOuwGpVXF8Ke4fF3tkR8Qb5iBK2NdySx/view?usp=drivesdk,,,,27.08.1850,RU_YURINSKAYA,Єгор'євський повіт / Рязанська губернія,Анна Григорівна Єрмолова,,,,,
rec_96_r_8,,Ревізькі казки,r,8-а ревізія,,,https://drive.google.com/file/d/1cOw_PUxajit7DnEXdQhVYhglvT_weMWA/view?usp=drivesdk,,,,09.04.1834,RU_YURINSKAYA,Єгор'євський повіт / Рязанська губернія,Анна Григорівна Єрмолова,,,,,
rec_96_r_7,,Ревізькі казки,r,7-а ревізія,,,https://drive.google.com/file/d/1gWOoR5vT4iNDxjiOdx0NiHzd9wERtyhO/view?usp=drivesdk,,,,03.1816,RU_YURINSKAYA,Єгор'євський повіт / Рязанська губернія,Василь Іванович Семевський,,,,,
rec_96_r_6,,Ревізькі казки,r,6-а ревізія,,,https://drive.google.com/file/d/1aO2li-A1nTqAkM448FEgVPiEWehS6YJ9/view?usp=drivesdk,,,,09.1811,RU_YURINSKAYA,Єгор'євський повіт / Рязанська губернія,Василь Іванович Семевський,,,,,
rec_96_r_5,,Ревізькі казки,r,5-а ревізія,,,https://drive.google.com/file/d/1wbQm6bqRkpyO5-PVBjPJ-eV-vok45-9r/view?usp=drivesdk,,,,24.06.1795,RU_YURINSKAYA,Єгор'євський повіт / Рязанське намісництво,Микола Тимофійович Колтовський,,,,,
rec_97_r_10,,Ревізькі казки,r,10-а ревізія,,,https://drive.google.com/file/d/1IWfDPbn3XBa1hfREnL2PGgSwy4kTqFF9/view?usp=drivesdk,,,,02.05.1858,RU_YURINSKAYA,Єгор'євський повіт / Рязанська губернія,Катерина Петрівна Єрмолова,,,,,
rec_97_r_9,,Ревізькі казки,r,9-а ревізія,,,https://drive.google.com/file/d/1zOuwGpVXF8Ke4fF3tkR8Qb5iBK2NdySx/view?usp=drivesdk,,,,27.08.1850,RU_YURINSKAYA,Єгор'євський повіт / Рязанська губернія,Анна Григорівна Єрмолова,,,,,
rec_97_r_8,,Ревізькі казки,r,8-а ревізія,,,https://drive.google.com/file/d/1cOw_PUxajit7DnEXdQhVYhglvT_weMWA/view?usp=drivesdk,,,,09.04.1834,RU_YURINSKAYA,Єгор'євський повіт / Рязанська губернія,Анна Григорівна Єрмолова,,,,,
rec_97_r_7,,Ревізькі казки,r,7-а ревізія,,,https://drive.google.com/file/d/1gWOoR5vT4iNDxjiOdx0NiHzd9wERtyhO/view?usp=drivesdk,,,,03.1816,RU_YURINSKAYA,Єгор'євський повіт / Рязанська губернія,Василь Іванович Семевський,,,,,
rec_97_r_5,,Ревізькі казки,r,5-а ревізія,,,https://drive.google.com/file/d/1q7FrRl4BtcrAnHZJIIQi2MykMqr6xvOH/view?usp=drivesdk,,,,24.06.1795,RU_LELECHI,Єгор'євський повіт / Рязанське намісництво,Микола Тимофійович Колтовський,,,,,
rec_98_r_8,,Ревізькі казки,r,8-а ревізія,,,https://drive.google.com/file/d/1VmtubQ9_vtJU21HrrzzXyDe_y0FD8PZB/view?usp=drive_link,,,,09.04.1834,RU_KUMOVO,Єгор'євський повіт / Рязанська губернія,Анна Григорівна Єрмолова,,,,,
rec_98_r_7,,Ревізькі казки,r,7-а ревізія,,,https://drive.google.com/file/d/1ySYUH3EDi4C-JCfrwkOVuIEdCDBeZvGd/view?usp=drive_link,,,,03.1816,RU_KSENOFONTOVO,Єгор'євський повіт / Рязанська губернія,Варвара Змієва;Анна Змієва,,,,,
rec_98_r_6,,Ревізькі казки,r,6-а ревізія,,,https://drive.google.com/file/d/1sWgmJxBMnvXTDSzkF_pt4b_9mxexNyyG/view?usp=drive_link,,,,16.12.1811,RU_KSENOFONTOVO,Єгор'євський повіт / Рязанська губернія,Єлизавета Петрівна Змієва;Микола Андрійович Змієв;Андрій Андрійович Змієв;Наталя Андріївна Змієва;Олександра Андріївна Змієва,,,,,
rec_98_r_5,,Ревізькі казки,r,5-а ревізія,,,https://drive.google.com/file/d/1W18pJT_hEylPkiPWxFpTm8j6Q08ftTmo/view?usp=drive_link,,,,18.05.1795,RU_KSENOFONTOVO,Єгор'євський повіт / Рязанське намісництво,Єлизавета Петрівна Змієва;Микола Андрійович Змієв;Андрій Андрійович Змієв;Наталя Андріївна Змієва;Марія Андріївна Змієва;Олександра Андріївна Змієва,,,,,
rec_98_r_4,,Ревізькі казки,r,4-а ревізія,,,https://drive.google.com/file/d/1g9NRftShxxXB2vw-k-EBefNgS_gASnZY/view?usp=drive_link,,,,16.06.1782,RU_KSENOFONTOVO,Єгор'євський повіт / Рязанське намісництво,Єлизавета Іванівна Голохвастова,,,,,
rec_99_r_8,,Ревізькі казки,r,8-а ревізія,,,https://drive.google.com/file/d/1VmtubQ9_vtJU21HrrzzXyDe_y0FD8PZB/view?usp=drive_link,,,,09.04.1834,RU_KUMOVO,Єгор'євський повіт / Рязанська губернія,Анна Григорівна Єрмолова,,,,,
rec_99_r_7,,Ревізькі казки,r,7-а ревізія,,,https://drive.google.com/file/d/1ySYUH3EDi4C-JCfrwkOVuIEdCDBeZvGd/view?usp=drive_link,,,,03.1816,RU_KSENOFONTOVO,Єгор'євський повіт / Рязанська губернія,Варвара Змієва;Анна Змієва,,,,,
rec_99_r_5,,Ревізькі казки,r,5-а ревізія,,,https://drive.google.com/file/d/1I3bE2fcqLcub4KN5tZA482CzpHG-KaxO/view?usp=drive_link,,,,18.05.1795,RU_KSENOFONTOVO,Єгор'євський повіт / Рязанське намісництво,Єлизавета Петрівна Змієва;Микола Андрійович Змієв;Андрій Андрійович Змієв;Наталя Андріївна Змієва;Марія Андріївна Змієва;Олександра Андріївна Змієва,,,,,
rec_100_r_8,,Ревізькі казки,r,8-а ревізія,,,https://drive.google.com/file/d/18vi2Tp__6Q5EfpBsJjMSHJomHasR4nEW/view?usp=drivesdk,,,,09.04.1834,RU_YANINO,Єгор'євський повіт / Рязанська губернія,Анна Григорівна Єрмолова,,,,,
rec_100_r_7,,Ревізькі казки,r,7-а ревізія,,,https://drive.google.com/file/d/1L56oDp7kPPsFP6HmDiEIIk_KjcYlHsQS/view?usp=drivesdk,,,,03.1816,RU_YANINO,Єгор'євський повіт / Рязанська губернія,Василь Іванович Семевський,,,,,
rec_100_r_6,,Ревізькі казки,r,6-а ревізія,,,https://drive.google.com/file/d/1xSTfYDmejIfyN6MjSXcvBlioE2pqyYPa/view?usp=drivesdk,,,,09.1811,RU_YANINO,Єгор'євський повіт / Рязанська губернія,Василь Іванович Семевський,,,,,
rec_101_r_10,,Ревізькі казки,r,10-а ревізія,,,https://drive.google.com/file/d/1ILzp8fgF-gFSfggkdNW_kQjgZQBSxJgD/view?usp=drivesdk,,,,02.05.1858,RU_YANINO,Єгор'євський повіт / Рязанська губернія,Катерина Петрівна Єрмолова,,,,,
rec_101_r_9,,Ревізькі казки,r,9-а ревізія,,,https://drive.google.com/file/d/1LsZRi_H_P4jvEz7NLgE17B7nChNCIdCJ/view?usp=drivesdk,,,,27.08.1850,RU_YANINO,Єгор'євський повіт / Рязанська губернія,Анна Григорівна Єрмолова,,,,,
rec_101_r_8,,Ревізькі казки,r,8-а ревізія,,,https://drive.google.com/file/d/18vi2Tp__6Q5EfpBsJjMSHJomHasR4nEW/view?usp=drivesdk,,,,09.04.1834,RU_YANINO,Єгор'євський повіт / Рязанська губернія,Анна Григорівна Єрмолова,,,,,
rec_101_r_7,,Ревізькі казки,r,7-а ревізія,,,https://drive.google.com/file/d/1L56oDp7kPPsFP6HmDiEIIk_KjcYlHsQS/view?usp=drivesdk,,,,03.1816,RU_YANINO,Єгор'євський повіт / Рязанська губернія,Василь Іванович Семевський,,,,,
rec_102_r_9,,Ревізькі казки,r,9-а ревізія,,,https://drive.google.com/file/d/1vBir0b9OBZJ1RIIZBUuscsFipXavi1fz/view?usp=drivesdk,,,,27.08.1850,RU_KHARINSKAYA,Єгор'євський повіт / Рязанська губернія,Анна Григорівна Єрмолова,,,,,
rec_102_r_8,,Ревізькі казки,r,8-а ревізія,,,https://drive.google.com/file/d/1TaUcfAy4aFu63-JPlLT4dGnxhRdqhurD/view?usp=drivesdk,,,,09.04.1834,RU_KHARINSKAYA,Єгор'євський повіт / Рязанська губернія,Анна Григорівна Єрмолова,,,,,
rec_102_r_7,,Ревізькі казки,r,7-а ревізія,,,https://drive.google.com/file/d/1dd_9xkyZ4CKEASpI0bdVzI_xOwm5avwL/view?usp=drivesdk,,,,03.1816,RU_KHARINSKAYA,Єгор'євський повіт / Рязанська губернія,Василь Іванович Семевський,,,,,
rec_102_r_6,,Ревізькі казки,r,6-а ревізія,,,https://drive.google.com/file/d/12k0_N8H4LoXfAkOTmENeZ9rGshMSSZxk/view?usp=drivesdk,,,,09.1811,RU_KHARINSKAYA,Єгор'євський повіт / Рязанська губернія,Василь Іванович Семевський,,,,,
rec_102_r_5,,Ревізькі казки,r,5-а ревізія,,,https://drive.google.com/file/d/11RrSCwgKT2xT5FNhiONqDQfFxqVnwrA0/view?usp=drivesdk,,,,24.06.1795,RU_KHARINSKAYA,Єгор'євський повіт / Рязанське намісництво,Микола Тимофійович Колтовський,,,,,
rec_103_r_7,,Ревізькі казки,r,7-а ревізія,,,https://drive.google.com/file/d/1dd_9xkyZ4CKEASpI0bdVzI_xOwm5avwL/view?usp=drivesdk,,,,03.1816,RU_KHARINSKAYA,Єгор'євський повіт / Рязанська губернія,Василь Іванович Семевський,,,,,
rec_103_r_8,,Ревізькі казки,r,8-а ревізія,,,https://drive.google.com/file/d/1TaUcfAy4aFu63-JPlLT4dGnxhRdqhurD/view?usp=drivesdk,,,,09.04.1834,RU_KHARINSKAYA,Єгор'євський повіт / Рязанська губернія,Анна Григорівна Єрмолова,,,,,
rec_103_r_9,,Ревізькі казки,r,9-а ревізія,,,https://drive.google.com/file/d/1vBir0b9OBZJ1RIIZBUuscsFipXavi1fz/view?usp=drivesdk,,,,27.08.1850,RU_KHARINSKAYA,Єгор'євський повіт / Рязанська губернія,Анна Григорівна Єрмолова,,,,,
rec_103_r_10,,Ревізькі казки,r,10-а ревізія,,,https://drive.google.com/file/d/1EJLtbm7fCHz-acPlQcq-10011tMMw14W/view?usp=drivesdk,,,,02.05.1858,RU_KHARINSKAYA,Єгор'євський повіт / Рязанська губернія,Катерина Петрівна Єрмолова,,,,,
rec_103_r_5,,Ревізькі казки,r,5-а ревізія,,,https://drive.google.com/file/d/12EQibnyPbR3d-ICmhKae-9pXOqWCCMuy/view?usp=drivesdk,,,,24.06.1795,RU_YURINSKAYA,Єгор'євський повіт / Рязанське намісництво,Микола Тимофійович Колтовський,,,,,
rec_104_r_10,,Ревізькі казки,r,10-а ревізія,,,https://drive.google.com/file/d/14XCY8DQ3uhzt3KUwmS6vJXHav_0IBGCB/view?usp=drivesdk,,,,02.05.1858,RU_YURINSKAYA,Єгор'євський повіт / Рязанська губернія,Катерина Петрівна Єрмолова,,,,,
rec_104_r_9,,Ревізькі казки,r,9-а ревізія,,,https://drive.google.com/file/d/14uXmHeuS1UI9htKCePb1IVvAwTE6bgkR/view?usp=drivesdk,,,,27.08.1850,RU_YURINSKAYA,Єгор'євський повіт / Рязанська губернія,Анна Григорівна Єрмолова,,,,,
rec_104_r_8,,Ревізькі казки,r,8-а ревізія,,,https://drive.google.com/file/d/1GU-Ck_qBqYqMZqnOo8uS_xtto75Y78Ox/view?usp=drivesdk,,,,09.04.1834,RU_YURINSKAYA,Єгор'євський повіт / Рязанська губернія,Анна Григорівна Єрмолова,,,,,
rec_104_r_7,,Ревізькі казки,r,7-а ревізія,,,https://drive.google.com/file/d/1KkwdA9l-nWSGL2Bcxyg2jzjMq29LKAfq/view?usp=drivesdk,,,,03.1816,RU_YURINSKAYA,Єгор'євський повіт / Рязанська губернія,Василь Іванович Семевський,,,,,
rec_104_r_6,,Ревізькі казки,r,6-а ревізія,,,https://drive.google.com/file/d/1eiwYK9gcMxS8n2ptJb1CKhzjorWctRaP/view?usp=drivesdk,,,,09.1811,RU_YURINSKAYA,Єгор'євський повіт / Рязанська губернія,Василь Іванович Семевський,,,,,
rec_105_r_7,,Ревізькі казки,r,7-а ревізія,,,https://drive.google.com/file/d/19jz4CWN45ZOMaPvW2B2TzB6yUR6Wgdjk/view?usp=drivesdk,,,,03.1816,RU_LELECHI,Єгор'євський повіт / Рязанська губернія,Василь Іванович Семевський,,,,,
rec_106_r_8,,Ревізькі казки,r,8-а ревізія,,,https://drive.google.com/file/d/1ZVG6loVlo0KDtFSDJ50rl_Ck_nscEMO4/view?usp=drivesdk,,,,09.04.1834,RU_KHARINSKAYA,Єгор'євський повіт / Рязанська губернія,Анна Григорівна Єрмолова,,,,,
rec_106_r_10,,Ревізькі казки,r,10-а ревізія,,,https://drive.google.com/file/d/1npMqmve3RDbsNVJyCOiiDQ4lEab6LLab/view?usp=drivesdk,,,,02.05.1858,RU_KHARINSKAYA,Єгор'євський повіт / Рязанська губернія,Катерина Петрівна Єрмолова,,,,,
rec_106_r_9,,Ревізькі казки,r,9-а ревізія,,,https://drive.google.com/file/d/1tny5yddhpHB5JpD4CPy0zZb9GqQ7q7XZ/view?usp=drivesdk,,,,27.08.1850,RU_KHARINSKAYA,Єгор'євський повіт / Рязанська губернія,Анна Григорівна Єрмолова,,,,,
rec_106_r_7,,Ревізькі казки,r,7-а ревізія,,,https://drive.google.com/file/d/18PKR_5bG76yrbq0Z7YiX5THznfQ7OG0q/view?usp=drivesdk,,,,03.1816,RU_KHARINSKAYA,Єгор'євський повіт / Рязанська губернія,Василь Іванович Семевський,,,,,
rec_106_r_6,,Ревізькі казки,r,6-а ревізія,,,https://drive.google.com/file/d/1-VrWcvAcxKlXdx4aSNnwgDGCFrrH-D0Y/view?usp=drivesdk,,,,09.1811,RU_KHARINSKAYA,Єгор'євський повіт / Рязанська губернія,Василь Іванович Семевський,,,,,
rec_107_r_8,,Ревізькі казки,r,8-а ревізія,,,https://drive.google.com/file/d/1ZVG6loVlo0KDtFSDJ50rl_Ck_nscEMO4/view?usp=drivesdk,,,,09.04.1834,RU_KHARINSKAYA,Єгор'євський повіт / Рязанська губернія,Анна Григорівна Єрмолова,,,,,
rec_107_r_7,,Ревізькі казки,r,7-а ревізія,,,https://drive.google.com/file/d/18PKR_5bG76yrbq0Z7YiX5THznfQ7OG0q/view?usp=drivesdk,,,,03.1816,RU_KHARINSKAYA,Єгор'євський повіт / Рязанська губернія,Василь Іванович Семевський,,,,,
rec_108_r_9,,Ревізькі казки,r,9-а ревізія,,,https://drive.google.com/file/d/14uXmHeuS1UI9htKCePb1IVvAwTE6bgkR/view?usp=drivesdk,,,,27.08.1850,RU_YURINSKAYA,Єгор'євський повіт / Рязанська губернія,Анна Григорівна Єрмолова,,,,,
rec_108_r_8,,Ревізькі казки,r,8-а ревізія,,,https://drive.google.com/file/d/1naO7s_Uk--RLGAkknqDp4SyOkSmqiUIY/view?usp=drivesdk,,,,09.04.1834,RU_YURINSKAYA,Єгор'євський повіт / Рязанська губернія,Анна Григорівна Єрмолова,,,,,
rec_108_r_7,,Ревізькі казки,r,7-а ревізія,,,https://drive.google.com/file/d/1BuuPpuzNrhyE8qxzTT2TfonkQ4OQB9tg/view?usp=drivesdk,,,,03.1816,RU_YURINSKAYA,Єгор'євський повіт / Рязанська губернія,Василь Іванович Семевський,,,,,
rec_108_r_6,,Ревізькі казки,r,6-а ревізія,,,https://drive.google.com/file/d/1eiwYK9gcMxS8n2ptJb1CKhzjorWctRaP/view?usp=drivesdk,,,,09.1811,RU_YURINSKAYA,Єгор'євський повіт / Рязанська губернія,Василь Іванович Семевський,,,,,
rec_109_r_10,,Ревізькі казки,r,10-а ревізія,,,https://drive.google.com/file/d/1K2VvkPD8YBXgYTA4xs1DqWbX0pm6RNhe/view?usp=drivesdk,,,,02.05.1858,RU_YURINSKAYA,Єгор'євський повіт / Рязанська губернія,Катерина Петрівна Єрмолова,,,,,
rec_109_r_9,,Ревізькі казки,r,9-а ревізія,,,https://drive.google.com/file/d/14uXmHeuS1UI9htKCePb1IVvAwTE6bgkR/view?usp=drivesdk,,,,27.08.1850,RU_YURINSKAYA,Єгор'євський повіт / Рязанська губернія,Анна Григорівна Єрмолова,,,,,
rec_109_r_8,,Ревізькі казки,r,8-а ревізія,,,https://drive.google.com/file/d/1naO7s_Uk--RLGAkknqDp4SyOkSmqiUIY/view?usp=drivesdk,,,,09.04.1834,RU_YURINSKAYA,Єгор'євський повіт / Рязанська губернія,Анна Григорівна Єрмолова,,,,,
rec_109_r_7,,Ревізькі казки,r,7-а ревізія,,,https://drive.google.com/file/d/19MVuS0bARowh6swVOyCIBCfL-41kcacD/view?usp=drivesdk,,,,03.1816,RU_YANINO,Єгор'євський повіт / Рязанська губернія,Василь Іванович Семевський,,,,,
rec_110_r_8,,Ревізькі казки,r,8-а ревізія,,,https://drive.google.com/file/d/1NgaDyG5hHhXl67eqtiZGVBsknU_M0zLb/view?usp=drivesdk,,,,09.04.1834,RU_LELECHI,Єгор'євський повіт / Рязанська губернія,Анна Григорівна Єрмолова,,,,,
rec_110_r_7,,Ревізькі казки,r,7-а ревізія,,,https://drive.google.com/file/d/19S-yk7gZWV2t0Y3LzGWrPwZv3HZiV70_/view?usp=drivesdk,,,,03.1816,RU_LELECHI,Єгор'євський повіт / Рязанська губернія,Василь Іванович Семевський,,,,,
rec_111_r_8,,Ревізькі казки,r,8-а ревізія,,,https://drive.google.com/file/d/1NgaDyG5hHhXl67eqtiZGVBsknU_M0zLb/view?usp=drivesdk,,,,09.04.1834,RU_LELECHI,Єгор'євський повіт / Рязанська губернія,Анна Григорівна Єрмолова,,,,,
rec_111_r_7,,Ревізькі казки,r,7-а ревізія,,,https://drive.google.com/file/d/1cyLL9rf0E0vw3B6-Y7_A4eIAYde8PVTA/view?usp=drivesdk,,,,03.1816,RU_PROKHOROVO,Єгор'євський повіт / Рязанська губернія,Василь Іванович Семевський,,,,,
rec_192_r_7,,Ревізькі казки,r,7-а ревізія,,,https://drive.google.com/file/d/1gWOoR5vT4iNDxjiOdx0NiHzd9wERtyhO/view?usp=drivesdk,,,,03.1816,RU_YURINSKAYA,Єгор'євський повіт / Рязанська губернія,Василь Іванович Семевський,,,,,
rec_192_r_6,,Ревізькі казки,r,6-а ревізія,,,https://drive.google.com/file/d/1aO2li-A1nTqAkM448FEgVPiEWehS6YJ9/view?usp=drivesdk,,,,09.1811,RU_YURINSKAYA,Єгор'євський повіт / Рязанська губернія,Василь Іванович Семевський,,,,,
rec_192_r_5,,Ревізькі казки,r,5-а ревізія,,,https://drive.google.com/file/d/1wbQm6bqRkpyO5-PVBjPJ-eV-vok45-9r/view?usp=drivesdk,,,,24.06.1795,RU_YURINSKAYA,Єгор'євський повіт / Рязанське намісництво,Микола Тимофійович Колтовський,,,,,
rec_192_r_4-1,,Ревізькі казки,r,4-а ревізія,,,https://drive.google.com/file/d/1OnFZWVsz9canf0GYP-Cn_1vb2DbHksrI/view?usp=drive_link,,,,06.1782,RU_KHARINSKAYA,Єгор'євський повіт / Рязанське намісництво,Михайло Олексійович Короб'їн; Олександр Олексійович Короб'їн;Петро Олексійович Короб'їн,,,,,
rec_192_r_4-2,,Ревізькі казки,r,4-а ревізія,,,https://drive.google.com/file/d/1aAEBX_8A-zWJpUsGmUcdYUfz0i_MgkB5/view?usp=drive_link,,,,06.1782,RU_TOMILINO,Єгор'євський повіт / Рязанське намісництво,Михайло Олексійович Короб'їн; Олександр Олексійович Короб'їн;Петро Олексійович Короб'їн,,,,,
rec_193_r_5,,Ревізькі казки,r,5-а ревізія,,,https://drive.google.com/file/d/1wbQm6bqRkpyO5-PVBjPJ-eV-vok45-9r/view?usp=drivesdk,,,,24.06.1795,RU_YURINSKAYA,Єгор'євський повіт / Рязанське намісництво,Микола Тимофійович Колтовський,,,,,
rec_193_r_4-1,,Ревізькі казки,r,4-а ревізія,,,https://drive.google.com/file/d/1OnFZWVsz9canf0GYP-Cn_1vb2DbHksrI/view?usp=drive_link,,,,06.1782,RU_KHARINSKAYA,Єгор'євський повіт / Рязанське намісництво,Михайло Олексійович Короб'їн; Олександр Олексійович Короб'їн;Петро Олексійович Короб'їн,,,,,
rec_193_r_4-2,,Ревізькі казки,r,4-а ревізія,,,https://drive.google.com/file/d/1nF73EaODTfQg19Af_pSV2TKmayUn7V-5/view?usp=drivesdk,,,,06.1782,RU_TOMILINO,Єгор'євський повіт / Рязанське намісництво,Михайло Олексійович Короб'їн; Олександр Олексійович Короб'їн;Петро Олексійович Короб'їн,,,,,
rec_194_r_8,,Ревізькі казки,r,8-а ревізія,,,https://drive.google.com/file/d/1NgaDyG5hHhXl67eqtiZGVBsknU_M0zLb/view?usp=drivesdk,,,,09.04.1834,RU_LELECHI,Єгор'євський повіт / Рязанська губернія,Анна Григорівна Єрмолова,,,,,
rec_194_r_7,,Ревізькі казки,r,7-а ревізія,,,https://drive.google.com/file/d/19jz4CWN45ZOMaPvW2B2TzB6yUR6Wgdjk/view?usp=drivesdk,,,,03.1816,RU_LELECHI,Єгор'євський повіт / Рязанська губернія,Василь Іванович Семевський,,,,,
rec_194_r_6,,Ревізькі казки,r,6-а ревізія,,,https://drive.google.com/file/d/1gcHgD6hJXsyJJra9n1fQmI0sDNEO1kUo/view?usp=drivesdk,,,,09.1811,RU_LELECHI,Єгор'євський повіт / Рязанська губернія,Василь Іванович Семевський,,,,,
rec_194_r_5,,Ревізькі казки,r,5-а ревізія,,,https://drive.google.com/file/d/1q7FrRl4BtcrAnHZJIIQi2MykMqr6xvOH/view?usp=drivesdk,,,,24.06.1795,RU_LELECHI,Єгор'євський повіт / Рязанське намісництво,Микола Тимофійович Колтовський,,,,,
rec_194_r_4,,Ревізькі казки,r,4-а ревізія,,,https://drive.google.com/file/d/1uOEpp8OIvFT2LBjmWjZFHWlquQKN8FOu/view?usp=drivesdk,,,,06.1782,RU_LELECHI,Єгор'євський повіт / Рязанське намісництво,Михайло Олексійович Короб'їн; Олександр Олексійович Короб'їн;Петро Олексійович Короб'їн,,,,,
rec_195_r_5,,Ревізькі казки,r,5-а ревізія,,,https://drive.google.com/file/d/1q7FrRl4BtcrAnHZJIIQi2MykMqr6xvOH/view?usp=drivesdk,,,,24.06.1795,RU_LELECHI,Єгор'євський повіт / Рязанське намісництво,Микола Тимофійович Колтовський,,,,,
rec_195_r_4,,Ревізькі казки,r,4-а ревізія,,,https://drive.google.com/file/d/1uOEpp8OIvFT2LBjmWjZFHWlquQKN8FOu/view?usp=drivesdk,,,,06.1782,RU_LELECHI,Єгор'євський повіт / Рязанське намісництво,Михайло Олексійович Короб'їн; Олександр Олексійович Короб'їн;Петро Олексійович Короб'їн,,,,,
rec_196_r_6,,Ревізькі казки,r,6-а ревізія,,,https://drive.google.com/file/d/1sWgmJxBMnvXTDSzkF_pt4b_9mxexNyyG/view?usp=drive_link,,,,16.12.1811,RU_KSENOFONTOVO,Єгор'євський повіт / Рязанська губернія,Єлизавета Петрівна Змієва;Микола Андрійович Змієв;Андрій Андрійович Змієв;Наталя Андріївна Змієва;Олександра Андріївна Змієва,,,,,
rec_196_r_5,,Ревізькі казки,r,5-а ревізія,,,https://drive.google.com/file/d/1RPf7jQDMAmSJjSfcC7mdQ9VjlzDyCUAh/view?usp=drive_link,,,,18.05.1795,RU_KSENOFONTOVO,Єгор'євський повіт / Рязанське намісництво,Єлизавета Петрівна Змієва;Микола Андрійович Змієв;Андрій Андрійович Змієв;Наталя Андріївна Змієва;Марія Андріївна Змієва;Олександра Андріївна Змієва,,,,,
rec_196_r_4,,Ревізькі казки,r,4-а ревізія,,,https://drive.google.com/file/d/1g9NRftShxxXB2vw-k-EBefNgS_gASnZY/view?usp=drive_link,,,,16.06.1782,RU_KSENOFONTOVO,Єгор'євський повіт / Рязанське намісництво,Єлизавета Іванівна Голохвастова,,,,,
rec_197_r_5,,Ревізькі казки,r,5-а ревізія,,,https://drive.google.com/file/d/1RPf7jQDMAmSJjSfcC7mdQ9VjlzDyCUAh/view?usp=drive_link,,,,18.05.1795,RU_KSENOFONTOVO,Єгор'євський повіт / Рязанське намісництво,Єлизавета Петрівна Змієва;Микола Андрійович Змієв;Андрій Андрійович Змієв;Наталя Андріївна Змієва;Марія Андріївна Змієва;Олександра Андріївна Змієва,,,,,
rec_197_r_4,,Ревізькі казки,r,4-а ревізія,,,https://drive.google.com/file/d/1g9NRftShxxXB2vw-k-EBefNgS_gASnZY/view?usp=drive_link,,,,16.06.1782,RU_KSENOFONTOVO,Єгор'євський повіт / Рязанське намісництво,Єлизавета Іванівна Голохвастова,,,,,
rec_198_r_7,,Ревізькі казки,r,7-а ревізія,,,https://drive.google.com/file/d/140iQ9HeqV4SEmjkCRKZOPJWqwP2JvsF9/view?usp=drive_link,,,,03.1816,RU_TIMOKHINO,Єгор'євський повіт / Рязанська губернія,Олександра Андріївна Шигерєва,,,,,
rec_198_r_6,,Ревізькі казки,r,6-а ревізія,,,https://drive.google.com/file/d/1f8_cZCgAfSxLMngxeQY6QIktrtHKNqdS/view?usp=drive_link,,,,16.12.1811,RU_TIMOKHINO,Єгор'євський повіт / Рязанська губернія,Єлизавета Петрівна Змієва;Микола Андрійович Змієв;Андрій Андрійович Змієв;Наталя Андріївна Змієва;Олександра Андріївна Змієва,,,,,
rec_198_r_5,,Ревізькі казки,r,5-а ревізія,,,https://drive.google.com/file/d/1I3bE2fcqLcub4KN5tZA482CzpHG-KaxO/view?usp=drive_link,,,,18.08.1795,RU_TIMOKHINO,Єгор'євський повіт / Рязанське намісництво,Єлизавета Петрівна Змієва;Микола Андрійович Змієв;Андрій Андрійович Змієв;Наталя Андріївна Змієва;Марія Андріївна Змієва;Олександра Андріївна Змієва,,,,,
rec_198_r_4,,Ревізькі казки,r,4-а ревізія,,,https://drive.google.com/file/d/17E1UZP7t9wz1F2QDwD2F7oM4qTa0oX4y/view?usp=drive_link,,,,16.06.1782,RU_TIMOKHINO,Єгор'євський повіт / Рязанське намісництво,Єлизавета Іванівна Голохвастова,,,,,
rec_199_r_5,,Ревізькі казки,r,5-а ревізія,,,https://drive.google.com/file/d/1I3bE2fcqLcub4KN5tZA482CzpHG-KaxO/view?usp=drive_link,,,,18.08.1795,RU_TIMOKHINO,Єгор'євський повіт / Рязанське намісництво,Єлизавета Петрівна Змієва;Микола Андрійович Змієв;Андрій Андрійович Змієв;Наталя Андріївна Змієва;Марія Андріївна Змієва;Олександра Андріївна Змієва,,,,,
rec_199_r_4-1,,Ревізькі казки,r,4-а ревізія,,,https://drive.google.com/file/d/14C7iYDlFbz1jIXyOMQzifKWBe9h38YGx/view?usp=drive_link,,,,16.06.1782,RU_TIMOKHINO,Єгор'євський повіт / Рязанське намісництво,Єлизавета Іванівна Голохвастова,,,,,
rec_199_r_4-2,,Ревізькі казки,r,4-а ревізія,,,https://drive.google.com/file/d/17E1UZP7t9wz1F2QDwD2F7oM4qTa0oX4y/view?usp=drive_link,,,,16.06.1782,RU_TIMOKHINO,Єгор'євський повіт / Рязанське намісництво,Єлизавета Іванівна Голохвастова,,,,,
rec_200_r_8,,Ревізькі казки,r,8-а ревізія,,,https://drive.google.com/file/d/18vi2Tp__6Q5EfpBsJjMSHJomHasR4nEW/view?usp=drivesdk,,,,09.04.1834,RU_YANINO,Єгор'євський повіт / Рязанська губернія,Анна Григорівна Єрмолова,,,,,
rec_200_r_7,,Ревізькі казки,r,7-а ревізія,,,https://drive.google.com/file/d/1L56oDp7kPPsFP6HmDiEIIk_KjcYlHsQS/view?usp=drivesdk,,,,03.1816,RU_YANINO,Єгор'євський повіт / Рязанська губернія,Василь Іванович Семевський,,,,,
rec_200_r_6,,Ревізькі казки,r,6-а ревізія,,,https://drive.google.com/file/d/1xSTfYDmejIfyN6MjSXcvBlioE2pqyYPa/view?usp=drivesdk,,,,09.1811,RU_YANINO,Єгор'євський повіт / Рязанська губернія,Василь Іванович Семевський,,,,,
rec_200_r_5,,Ревізькі казки,r,5-а ревізія,,,https://drive.google.com/file/d/1lQbiojycIOm9sVYSEhdpuhUMTdVbNPf3/view?usp=drivesdk,,,,24.06.1795,RU_YANINO,Єгор'євський повіт / Рязанське намісництво,Микола Тимофійович Колтовський,,,,,
rec_200_r_4,,Ревізькі казки,r,4-а ревізія,,,https://drive.google.com/file/d/1bXMkImrWKE1jDW5kqcJampVYRdXTQMWC/view?usp=drivesdk,,,,06.1782,RU_YANINO,Єгор'євський повіт / Рязанське намісництво,Михайло Олексійович Короб'їн; Олександр Олексійович Короб'їн;Петро Олексійович Короб'їн,,,,,
rec_201_r_8,,Ревізькі казки,r,8-а ревізія,,,https://drive.google.com/file/d/18vi2Tp__6Q5EfpBsJjMSHJomHasR4nEW/view?usp=drivesdk,,,,09.04.1834,RU_YANINO,Єгор'євський повіт / Рязанська губернія,Анна Григорівна Єрмолова,,,,,
rec_201_r_7,,Ревізькі казки,r,7-а ревізія,,,https://drive.google.com/file/d/1L56oDp7kPPsFP6HmDiEIIk_KjcYlHsQS/view?usp=drivesdk,,,,03.1816,RU_YANINO,Єгор'євський повіт / Рязанська губернія,Василь Іванович Семевський,,,,,
rec_201_r_5,,Ревізькі казки,r,5-а ревізія,,,https://drive.google.com/file/d/1lQbiojycIOm9sVYSEhdpuhUMTdVbNPf3/view?usp=drivesdk,,,,24.06.1795,RU_YANINO,Єгор'євський повіт / Рязанське намісництво,Микола Тимофійович Колтовський,,,,,
rec_201_r_4-1,,Ревізькі казки,r,4-а ревізія,,,https://drive.google.com/file/d/1aAEBX_8A-zWJpUsGmUcdYUfz0i_MgkB5/view?usp=drive_link,,,,06.1782,RU_KHARINSKAYA,Єгор'євський повіт / Рязанське намісництво,Михайло Олексійович Короб'їн; Олександр Олексійович Короб'їн;Петро Олексійович Короб'їн,,,,,
rec_201_r_4-2,,Ревізькі казки,r,4-а ревізія,,,https://drive.google.com/file/d/1bXMkImrWKE1jDW5kqcJampVYRdXTQMWC/view?usp=drivesdk,,,,06.1782,RU_YANINO,Єгор'євський повіт / Рязанське намісництво,Михайло Олексійович Короб'їн; Олександр Олексійович Короб'їн;Петро Олексійович Короб'їн,,,,,
rec_202_r_8,,Ревізькі казки,r,8-а ревізія,,,https://drive.google.com/file/d/1TfGRYfjLAJvVVSCorpJZFejF2t77Lp0R/view?usp=drivesdk,,,,09.04.1834,RU_LELECHI,Єгор'євський повіт / Рязанська губернія,Анна Григорівна Єрмолова,,,,,
rec_202_r_7,,Ревізькі казки,r,7-а ревізія,,,https://drive.google.com/file/d/12QMirUQOHJHyEng8FlicHnJYvj0bnXYd/view?usp=drivesdk,,,,03.1816,RU_LELECHI,Єгор'євський повіт / Рязанська губернія,Василь Іванович Семевський,,,,,
rec_202_r_6,,Ревізькі казки,r,6-а ревізія,,,https://drive.google.com/file/d/19RKlyjHV9-K5YSOq4WoArLTzr0cRTJXf/view?usp=drivesdk,,,,09.1811,RU_LELECHI,Єгор'євський повіт / Рязанська губернія,Василь Іванович Семевський,,,,,
rec_202_r_5,,Ревізькі казки,r,5-а ревізія,,,https://drive.google.com/file/d/1OfWHv5wBPakrb9Z5xBvrp12ZU6FuG__z/view?usp=drivesdk,,,,24.06.1795,RU_LELECHI,Єгор'євський повіт / Рязанське намісництво,Микола Тимофійович Колтовський,,,,,
rec_202_r_4,,Ревізькі казки,r,4-а ревізія,,,https://drive.google.com/file/d/1bfWB2fEQzK1iEh7_7ATYGgaBNDdJWiE-/view?usp=drivesdk,,,,06.1782,RU_LELECHI,Єгор'євський повіт / Рязанське намісництво,Михайло Олексійович Короб'їн; Олександр Олексійович Короб'їн;Петро Олексійович Короб'їн,,,,,
rec_203_r_8,,Ревізькі казки,r,8-а ревізія,,,https://drive.google.com/file/d/1TfGRYfjLAJvVVSCorpJZFejF2t77Lp0R/view?usp=drivesdk,,,,09.04.1834,RU_LELECHI,Єгор'євський повіт / Рязанська губернія,Анна Григорівна Єрмолова,,,,,
rec_203_r_7,,Ревізькі казки,r,7-а ревізія,,,https://drive.google.com/file/d/12QMirUQOHJHyEng8FlicHnJYvj0bnXYd/view?usp=drivesdk,,,,03.1816,RU_LELECHI,Єгор'євський повіт / Рязанська губернія,Василь Іванович Семевський,,,,,
rec_203_r_4,,Ревізькі казки,r,4-а ревізія,,,https://drive.google.com/file/d/1zw80TCEyF88RdhRdH5t9t3amQPmRVuV1/view?usp=drivesdk,,,,06.1782,RU_KHARINSKAYA,Єгор'євський повіт / Рязанське намісництво,Михайло Олексійович Короб'їн; Олександр Олексійович Короб'їн;Петро Олексійович Короб'їн,,,,,
rec_203_r_5-1,,Ревізькі казки,r,5-а ревізія,,,https://drive.google.com/file/d/10T3LEiKu6Z-oywZifUjaG4a7WNLHawDt/view?usp=drive_link,,,,24.06.1795,RU_KHARINSKAYA,Єгор'євський повіт / Рязанське намісництво,Микола Тимофійович Колтовський,,,,,
rec_203_r_5-2,,Ревізькі казки,r,5-а ревізія,,,https://drive.google.com/file/d/12EQibnyPbR3d-ICmhKae-9pXOqWCCMuy/view?usp=drivesdk,,,,24.06.1795,RU_LELECHI,Єгор'євський повіт / Рязанське намісництво,Микола Тимофійович Колтовський,,,,,
rec_204_r_9,,Ревізькі казки,r,9-а ревізія,,,https://drive.google.com/file/d/1vBir0b9OBZJ1RIIZBUuscsFipXavi1fz/view?usp=drivesdk,,,,27.08.1850,RU_KHARINSKAYA,Єгор'євський повіт / Рязанська губернія,Анна Григорівна Єрмолова,,,,,
rec_204_r_8,,Ревізькі казки,r,8-а ревізія,,,https://drive.google.com/file/d/1TaUcfAy4aFu63-JPlLT4dGnxhRdqhurD/view?usp=drivesdk,,,,09.04.1834,RU_KHARINSKAYA,Єгор'євський повіт / Рязанська губернія,Анна Григорівна Єрмолова,,,,,
rec_204_r_7,,Ревізькі казки,r,7-а ревізія,,,https://drive.google.com/file/d/1dd_9xkyZ4CKEASpI0bdVzI_xOwm5avwL/view?usp=drivesdk,,,,03.1816,RU_KHARINSKAYA,Єгор'євський повіт / Рязанська губернія,Василь Іванович Семевський,,,,,
rec_204_r_6,,Ревізькі казки,r,6-а ревізія,,,https://drive.google.com/file/d/12k0_N8H4LoXfAkOTmENeZ9rGshMSSZxk/view?usp=drivesdk,,,,09.1811,RU_KHARINSKAYA,Єгор'євський повіт / Рязанська губернія,Василь Іванович Семевський,,,,,
rec_204_r_5,,Ревізькі казки,r,5-а ревізія,,,https://drive.google.com/file/d/11RrSCwgKT2xT5FNhiONqDQfFxqVnwrA0/view?usp=drivesdk,,,,24.06.1795,RU_KHARINSKAYA,Єгор'євський повіт / Рязанське намісництво,Микола Тимофійович Колтовський,,,,,
rec_204_r_4,,Ревізькі казки,r,4-а ревізія,,,https://drive.google.com/file/d/1z8VFyxuiE2H_1dmt2jmdu73NNj0_fpb7/view?usp=drivesdk,,,,06.1782,RU_KHARINSKAYA,Єгор'євський повіт / Рязанське намісництво,Михайло Олексійович Короб'їн; Олександр Олексійович Короб'їн;Петро Олексійович Короб'їн,,,,,
rec_205_r_7,,Ревізькі казки,r,7-а ревізія,,,https://drive.google.com/file/d/1dd_9xkyZ4CKEASpI0bdVzI_xOwm5avwL/view?usp=drivesdk,,,,03.1816,RU_KHARINSKAYA,Єгор'євський повіт / Рязанська губернія,Василь Іванович Семевський,,,,,
rec_205_r_5-1,,Ревізькі казки,r,5-а ревізія,,,https://drive.google.com/file/d/16gzCZmjIq7HZmOH7MWBO-SHNQs6-nhaM/view?usp=drive_link,,,,24.06.1795,RU_KHARINSKAYA,Єгор'євський повіт / Рязанське намісництво,Микола Тимофійович Колтовський,,,,,
rec_205_r_5-2,,Ревізькі казки,r,5-а ревізія,,,https://drive.google.com/file/d/11RrSCwgKT2xT5FNhiONqDQfFxqVnwrA0/view?usp=drivesdk,,,,24.06.1795,RU_KHARINSKAYA,Єгор'євський повіт / Рязанське намісництво,Микола Тимофійович Колтовський,,,,,
rec_205_r_4,,Ревізькі казки,r,4-а ревізія,,,https://drive.google.com/file/d/1ZxbLeR7wTr4Vlz4Tkfl5Grlw93BAzvMa/view?usp=drivesdk,,,,06.1782,RU_KHARINSKAYA,Єгор'євський повіт / Рязанське намісництво,Михайло Олексійович Короб'їн; Олександр Олексійович Короб'їн;Петро Олексійович Короб'їн,,,,,
rec_206_r_9,,Ревізькі казки,r,9-а ревізія,,,https://drive.google.com/file/d/12YUEq8skXM3K3bEOD6snlkKIaeda_4GP/view?usp=drivesdk,,,,27.08.1850,RU_LELECHI,Єгор'євський повіт / Рязанська губернія,Анна Григорівна Єрмолова,,,,,
rec_206_r_8,,Ревізькі казки,r,8-а ревізія,,,https://drive.google.com/file/d/1v6QZGTAlS1VDSbMPffjlWiSbHPT9mifo/view?usp=drivesdk,,,,09.04.1834,RU_LELECHI,Єгор'євський повіт / Рязанська губернія,Анна Григорівна Єрмолова,,,,,
rec_206_r_7,,Ревізькі казки,r,7-а ревізія,,,https://drive.google.com/file/d/1I3BAnjzeYZbkeMe4HiWfcTgBuL0JRklY/view?usp=drivesdk,,,,03.1816,RU_LELECHI,Єгор'євський повіт / Рязанська губернія,Василь Іванович Семевський,,,,,
rec_206_r_6,,Ревізькі казки,r,6-а ревізія,,,https://drive.google.com/file/d/19RKlyjHV9-K5YSOq4WoArLTzr0cRTJXf/view?usp=drivesdk,,,,09.1811,RU_LELECHI,Єгор'євський повіт / Рязанська губернія,Василь Іванович Семевський,,,,,
rec_206_r_5,,Ревізькі казки,r,5-а ревізія,,,https://drive.google.com/file/d/12EQibnyPbR3d-ICmhKae-9pXOqWCCMuy/view?usp=drivesdk,,,,24.06.1795,RU_YURINSKAYA,Єгор'євський повіт / Рязанське намісництво,Микола Тимофійович Колтовський,,,,,
rec_206_r_4,,Ревізькі казки,r,4-а ревізія,,,https://drive.google.com/file/d/1bfWB2fEQzK1iEh7_7ATYGgaBNDdJWiE-/view?usp=drivesdk,,,,06.1782,RU_LELECHI,Єгор'євський повіт / Рязанське намісництво,Михайло Олексійович Короб'їн; Олександр Олексійович Короб'їн;Петро Олексійович Короб'їн,,,,,
rec_207_r_8,,Ревізькі казки,r,8-а ревізія,,,https://drive.google.com/file/d/1v6QZGTAlS1VDSbMPffjlWiSbHPT9mifo/view?usp=drivesdk,,,,09.04.1834,RU_LELECHI,Єгор'євський повіт / Рязанська губернія,Анна Григорівна Єрмолова,,,,,
rec_207_r_7,,Ревізькі казки,r,7-а ревізія,,,https://drive.google.com/file/d/1I3BAnjzeYZbkeMe4HiWfcTgBuL0JRklY/view?usp=drivesdk,,,,03.1816,RU_LELECHI,Єгор'євський повіт / Рязанська губернія,Василь Іванович Семевський,,,,,
rec_207_r_5-1,,Ревізькі казки,r,5-а ревізія,,,https://drive.google.com/file/d/12EQibnyPbR3d-ICmhKae-9pXOqWCCMuy/view?usp=drivesdk,,,,24.06.1795,RU_LELECHI,Єгор'євський повіт / Рязанське намісництво,Микола Тимофійович Колтовський,,,,,
rec_207_r_5-2,,Ревізькі казки,r,5-а ревізія,,,https://drive.google.com/file/d/13h8mwv5WfQMkHtFucQZXyIpZZFgj5qyC/view?usp=drivesdk,,,,24.06.1795,RU_LELECHI,Єгор'євський повіт / Рязанське намісництво,Микола Тимофійович Колтовський,,,,,
rec_207_r_4,,Ревізькі казки,r,4-а ревізія,,,https://drive.google.com/file/d/1JsKisk9qK84bi8KbMUqYnTibzjAut0ft/view?usp=drivesdk,,,,06.1782,RU_LELECHI,Єгор'євський повіт / Рязанське намісництво,Михайло Олексійович Короб'їн; Олександр Олексійович Короб'їн;Петро Олексійович Короб'їн,,,,,
rec_208_r_8,,Ревізькі казки,r,8-а ревізія,,,https://drive.google.com/file/d/1GU-Ck_qBqYqMZqnOo8uS_xtto75Y78Ox/view?usp=drivesdk,,,,09.04.1834,RU_YURINSKAYA,Єгор'євський повіт / Рязанська губернія,Анна Григорівна Єрмолова,,,,,
rec_208_r_7,,Ревізькі казки,r,7-а ревізія,,,https://drive.google.com/file/d/1KkwdA9l-nWSGL2Bcxyg2jzjMq29LKAfq/view?usp=drivesdk,,,,03.1816,RU_YURINSKAYA,Єгор'євський повіт / Рязанська губернія,Василь Іванович Семевський,,,,,
rec_208_r_6,,Ревізькі казки,r,6-а ревізія,,,https://drive.google.com/file/d/1eiwYK9gcMxS8n2ptJb1CKhzjorWctRaP/view?usp=drivesdk,,,,09.1811,RU_YURINSKAYA,Єгор'євський повіт / Рязанська губернія,Василь Іванович Семевський,,,,,
rec_208_r_5,,Ревізькі казки,r,5-а ревізія,,,https://drive.google.com/file/d/1lx6eQGgbws54CnXZyv1znQp0Vw9iWrJJ/view?usp=drivesdk,,,,24.06.1795,RU_YURINSKAYA,Єгор'євський повіт / Рязанське намісництво,Микола Тимофійович Колтовський,,,,,
rec_208_r_4,,Ревізькі казки,r,4-а ревізія,,,https://drive.google.com/file/d/16poIeJzd18T2hmexU5FwLwR1gSfaP-DL/view?usp=drivesdk,,,,06.1782,RU_YURINSKAYA,Єгор'євський повіт / Рязанське намісництво,Михайло Олексійович Короб'їн; Олександр Олексійович Короб'їн;Петро Олексійович Короб'їн,,,,,
rec_209_r_7,,Ревізькі казки,r,7-а ревізія,,,https://drive.google.com/file/d/1KkwdA9l-nWSGL2Bcxyg2jzjMq29LKAfq/view?usp=drivesdk,,,,03.1816,RU_YURINSKAYA,Єгор'євський повіт / Рязанська губернія,Василь Іванович Семевський,,,,,
rec_209_r_5-1,,Ревізькі казки,r,5-а ревізія,,,https://drive.google.com/file/d/1lx6eQGgbws54CnXZyv1znQp0Vw9iWrJJ/view?usp=drivesdk,,,,24.06.1795,RU_YURINSKAYA,Єгор'євський повіт / Рязанське намісництво,Микола Тимофійович Колтовський,,,,,
rec_209_r_5-2,,Ревізькі казки,r,5-а ревізія,,,https://drive.google.com/file/d/1HU-9IKU-jt4OPccNEftk5Cio3kw2w9hg/view?usp=drive_link,,,,24.06.1795,RU_YANINO,Єгор'євський повіт / Рязанське намісництво,Микола Тимофійович Колтовський,,,,,
rec_209_r_4,,Ревізькі казки,r,4-а ревізія,,,https://drive.google.com/file/d/1-_FVRnWH1h_yduXoX_ybVVvG199fqMOH/view?usp=drivesdk,,,,06.1782,RU_YANINO,Єгор'євський повіт / Рязанське намісництво,Михайло Олексійович Короб'їн; Олександр Олексійович Короб'їн;Петро Олексійович Короб'їн,,,,,
rec_210_r_9,,Ревізькі казки,r,9-а ревізія,,,https://drive.google.com/file/d/12YUEq8skXM3K3bEOD6snlkKIaeda_4GP/view?usp=drivesdk,,,,27.08.1850,RU_LELECHI,Єгор'євський повіт / Рязанська губернія,Анна Григорівна Єрмолова,,,,,
rec_210_r_8,,Ревізькі казки,r,8-а ревізія,,,https://drive.google.com/file/d/1NgaDyG5hHhXl67eqtiZGVBsknU_M0zLb/view?usp=drivesdk,,,,09.04.1834,RU_LELECHI,Єгор'євський повіт / Рязанська губернія,Анна Григорівна Єрмолова,,,,,
rec_210_r_7,,Ревізькі казки,r,7-а ревізія,,,https://drive.google.com/file/d/19jz4CWN45ZOMaPvW2B2TzB6yUR6Wgdjk/view?usp=drivesdk,,,,03.1816,RU_LELECHI,Єгор'євський повіт / Рязанська губернія,Василь Іванович Семевський,,,,,
rec_210_r_6,,Ревізькі казки,r,6-а ревізія,,,https://drive.google.com/file/d/1gcHgD6hJXsyJJra9n1fQmI0sDNEO1kUo/view?usp=drivesdk,,,,09.1811,RU_LELECHI,Єгор'євський повіт / Рязанська губернія,Василь Іванович Семевський,,,,,
rec_210_r_5,,Ревізькі казки,r,5-а ревізія,,,https://drive.google.com/file/d/1q7FrRl4BtcrAnHZJIIQi2MykMqr6xvOH/view?usp=drivesdk,,,,24.06.1795,RU_LELECHI,Єгор'євський повіт / Рязанське намісництво,Микола Тимофійович Колтовський,,,,,
rec_210_r_4,,Ревізькі казки,r,4-а ревізія,,,https://drive.google.com/file/d/1uOEpp8OIvFT2LBjmWjZFHWlquQKN8FOu/view?usp=drivesdk,,,,06.1782,RU_LELECHI,Єгор'євський повіт / Рязанське намісництво,Михайло Олексійович Короб'їн; Олександр Олексійович Короб'їн;Петро Олексійович Короб'їн,,,,,
rec_211_r_8,,Ревізькі казки,r,8-а ревізія,,,https://drive.google.com/file/d/1NgaDyG5hHhXl67eqtiZGVBsknU_M0zLb/view?usp=drivesdk,,,,09.04.1834,RU_LELECHI,Єгор'євський повіт / Рязанська губернія,Анна Григорівна Єрмолова,,,,,
rec_211_r_7,,Ревізькі казки,r,7-а ревізія,,,https://drive.google.com/file/d/19jz4CWN45ZOMaPvW2B2TzB6yUR6Wgdjk/view?usp=drivesdk,,,,03.1816,RU_LELECHI,Єгор'євський повіт / Рязанська губернія,Василь Іванович Семевський,,,,,
rec_211_r_5-1,,Ревізькі казки,r,5-а ревізія,,,https://drive.google.com/file/d/1OfWHv5wBPakrb9Z5xBvrp12ZU6FuG__z/view?usp=drivesdk,,,,24.06.1795,RU_LELECHI,Єгор'євський повіт / Рязанське намісництво,Микола Тимофійович Колтовський,,,,,
rec_211_r_5-2,,Ревізькі казки,r,5-а ревізія,,,https://drive.google.com/file/d/13h8mwv5WfQMkHtFucQZXyIpZZFgj5qyC/view?usp=drivesdk,,,,24.06.1795,RU_LELECHI,Єгор'євський повіт / Рязанське намісництво,Микола Тимофійович Колтовський,,,,,
rec_211_r_4,,Ревізькі казки,r,4-а ревізія,,,https://drive.google.com/file/d/1bfWB2fEQzK1iEh7_7ATYGgaBNDdJWiE-/view?usp=drivesdk,,,,06.1782,RU_LELECHI,Єгор'євський повіт / Рязанське намісництво,Михайло Олексійович Короб'їн; Олександр Олексійович Короб'їн;Петро Олексійович Короб'їн,,,,,
rec_212_r_8,,Ревізькі казки,r,8-а ревізія,,,https://drive.google.com/file/d/1ZVG6loVlo0KDtFSDJ50rl_Ck_nscEMO4/view?usp=drivesdk,,,,09.04.1834,RU_KHARINSKAYA,Єгор'євський повіт / Рязанська губернія,Анна Григорівна Єрмолова,,,,,
rec_212_r_7,,Ревізькі казки,r,7-а ревізія,,,https://drive.google.com/file/d/18PKR_5bG76yrbq0Z7YiX5THznfQ7OG0q/view?usp=drivesdk,,,,03.1816,RU_KHARINSKAYA,Єгор'євський повіт / Рязанська губернія,Василь Іванович Семевський,,,,,
rec_212_r_6,,Ревізькі казки,r,6-а ревізія,,,https://drive.google.com/file/d/1-VrWcvAcxKlXdx4aSNnwgDGCFrrH-D0Y/view?usp=drivesdk,,,,09.1811,RU_KHARINSKAYA,Єгор'євський повіт / Рязанська губернія,Василь Іванович Семевський,,,,,
rec_212_r_5,,Ревізькі казки,r,5-а ревізія,,,https://drive.google.com/file/d/10RAZXckTFq1B2yilmwmHClUGyocHTEji/view?usp=drivesdk,,,,24.06.1795,RU_KHARINSKAYA,Єгор'євський повіт / Рязанське намісництво,Микола Тимофійович Колтовський,,,,,
rec_212_r_4,,Ревізькі казки,r,4-а ревізія,,,https://drive.google.com/file/d/1_fkFvCL76KpI5LAntd50TB7UiTfZgL1v/view?usp=drivesdk,,,,06.1782,RU_KHARINSKAYA,Єгор'євський повіт / Рязанське намісництво,Михайло Олексійович Короб'їн; Олександр Олексійович Короб'їн;Петро Олексійович Короб'їн,,,,,
rec_213_r_7,,Ревізькі казки,r,7-а ревізія,,,https://drive.google.com/file/d/18PKR_5bG76yrbq0Z7YiX5THznfQ7OG0q/view?usp=drivesdk,,,,03.1816,RU_KHARINSKAYA,Єгор'євський повіт / Рязанська губернія,Василь Іванович Семевський,,,,,
rec_213_r_5-1,,Ревізькі казки,r,5-а ревізія,,,https://drive.google.com/file/d/1hJftBBQvo2CH0LplYdkJqipxzEmWRreo/view?usp=drive_link,,,,24.06.1795,RU_KHARINSKAYA,Єгор'євський повіт / Рязанське намісництво,Микола Тимофійович Колтовський,,,,,
rec_213_r_5-2,,Ревізькі казки,r,5-а ревізія,,,https://drive.google.com/file/d/10RAZXckTFq1B2yilmwmHClUGyocHTEji/view?usp=drivesdk,,,,24.06.1795,RU_KHARINSKAYA,Єгор'євський повіт / Рязанське намісництво,Микола Тимофійович Колтовський,,,,,
rec_213_r_4-1,,Ревізькі казки,r,4-а ревізія,,,https://drive.google.com/file/d/1ZxbLeR7wTr4Vlz4Tkfl5Grlw93BAzvMa/view?usp=drivesdk,,,,06.1782,RU_KHARINSKAYA,Єгор'євський повіт / Рязанське намісництво,Михайло Олексійович Короб'їн; Олександр Олексійович Короб'їн;Петро Олексійович Короб'їн,,,,,
rec_213_r_4-2,,Ревізькі казки,r,4-а ревізія,,,https://drive.google.com/file/d/1xlQUU5TEgtMASKv_bo3nNfgmYAzJnqBl/view?usp=drive_link,,,,06.1782,RU_KHARINSKAYA,Єгор'євський повіт / Рязанське намісництво,Михайло Олексійович Короб'їн; Олександр Олексійович Короб'їн;Петро Олексійович Короб'їн,,,,,
rec_214_r_8,,Ревізькі казки,r,8-а ревізія,,,https://drive.google.com/file/d/1arCvkHz4D0BKKtIRRcF28VVvWFRTfBHz/view?usp=drivesdk,,,,09.04.1834,RU_KHARINSKAYA,Єгор'євський повіт / Рязанська губернія,Анна Григорівна Єрмолова,,,,,
rec_214_r_7,,Ревізькі казки,r,7-а ревізія,,,https://drive.google.com/file/d/1CBWJocAbilSXvabwkW6mJo0WBcACzHhy/view?usp=drivesdk,,,,03.1816,RU_KHARINSKAYA,Єгор'євський повіт / Рязанська губернія,Василь Іванович Семевський,,,,,
rec_214_r_6,,Ревізькі казки,r,6-а ревізія,,,https://drive.google.com/file/d/1fhOfpjQhFcNiioM61IsQqBm6vz0uILiW/view?usp=drive_link,,,,09.1811,RU_KHARINSKAYA,Єгор'євський повіт / Рязанська губернія,Василь Іванович Семевський,,,,,
rec_214_r_5,,Ревізькі казки,r,5-а ревізія,,,https://drive.google.com/file/d/10T3LEiKu6Z-oywZifUjaG4a7WNLHawDt/view?usp=drive_link,,,,24.06.1795,RU_KHARINSKAYA,Єгор'євський повіт / Рязанське намісництво,Микола Тимофійович Колтовський,,,,,
rec_214_r_4,,Ревізькі казки,r,4-а ревізія,,,https://drive.google.com/file/d/1zw80TCEyF88RdhRdH5t9t3amQPmRVuV1/view?usp=drivesdk,,,,06.1782,RU_KHARINSKAYA,Єгор'євський повіт / Рязанське намісництво,Михайло Олексійович Короб'їн; Олександр Олексійович Короб'їн;Петро Олексійович Короб'їн,,,,,
rec_215_r_7,,Ревізькі казки,r,7-а ревізія,,,https://drive.google.com/file/d/1CBWJocAbilSXvabwkW6mJo0WBcACzHhy/view?usp=drivesdk,,,,03.1816,RU_KHARINSKAYA,Єгор'євський повіт / Рязанська губернія,Василь Іванович Семевський,,,,,
rec_215_r_5-1,,Ревізькі казки,r,5-а ревізія,,,https://drive.google.com/file/d/10T3LEiKu6Z-oywZifUjaG4a7WNLHawDt/view?usp=drive_link,,,,24.06.1795,RU_KHARINSKAYA,Єгор'євський повіт / Рязанське намісництво,Микола Тимофійович Колтовський,,,,,
rec_215_r_5-2,,Ревізькі казки,r,5-а ревізія,,,https://drive.google.com/file/d/1FILXsRwMEW9-fu_QreFT6pXf6FU2MH5e/view?usp=drive_link,,,,21.12.1795,RU_NASHATYRKINO,Рязанський повіт / Рязанське намісництво,Петро Олексійович Короб'їн,,,,,
rec_215_r_4-1,,Ревізькі казки,r,4-а ревізія,,,https://drive.google.com/file/d/1q7pPPgpnIma2rjD-iWAheRl302kHEVf3/view?usp=drive_link,,,,05.1782,RU_NASHATYRKINO,Рязанський повіт / Рязанське намісництво,Михайло Олексійович Короб'їн; Олександр Олексійович Короб'їн;Петро Олексійович Короб'їн,,,,,
rec_215_r_4-2,,Ревізькі казки,r,4-а ревізія,,,https://drive.google.com/file/d/1ipT0QzbJDrJu1kT-BkwOzBdN-2DTjqbr/view?usp=drive_link,,,,05.1782,RU_NASHATYRKINO,Рязанський повіт / Рязанське намісництво,Михайло Олексійович Короб'їн; Олександр Олексійович Короб'їн;Петро Олексійович Короб'їн,,,,,
rec_216_r_9,,Ревізькі казки,r,9-а ревізія,,,https://drive.google.com/file/d/14uXmHeuS1UI9htKCePb1IVvAwTE6bgkR/view?usp=drivesdk,,,,27.08.1850,RU_YURINSKAYA,Єгор'євський повіт / Рязанська губернія,Анна Григорівна Єрмолова,,,,,
rec_216_r_8,,Ревізькі казки,r,8-а ревізія,,,https://drive.google.com/file/d/1naO7s_Uk--RLGAkknqDp4SyOkSmqiUIY/view?usp=drivesdk,,,,09.04.1834,RU_YURINSKAYA,Єгор'євський повіт / Рязанська губернія,Анна Григорівна Єрмолова,,,,,
rec_216_r_7,,Ревізькі казки,r,7-а ревізія,,,https://drive.google.com/file/d/1BuuPpuzNrhyE8qxzTT2TfonkQ4OQB9tg/view?usp=drivesdk,,,,03.1816,RU_YURINSKAYA,Єгор'євський повіт / Рязанська губернія,Василь Іванович Семевський,,,,,
rec_216_r_6,,Ревізькі казки,r,6-а ревізія,,,https://drive.google.com/file/d/1eiwYK9gcMxS8n2ptJb1CKhzjorWctRaP/view?usp=drivesdk,,,,09.1811,RU_YURINSKAYA,Єгор'євський повіт / Рязанська губернія,Василь Іванович Семевський,,,,,
rec_216_r_5,,Ревізькі казки,r,5-а ревізія,,,https://drive.google.com/file/d/1xfMznr87jGJ7NphdWx7dUW-ZIcUIDqdh/view?usp=drivesdk,,,,24.06.1795,RU_YURINSKAYA,Єгор'євський повіт / Рязанське намісництво,Микола Тимофійович Колтовський,,,,,
rec_217_r_9,,Ревізькі казки,r,9-а ревізія,,,https://drive.google.com/file/d/14uXmHeuS1UI9htKCePb1IVvAwTE6bgkR/view?usp=drivesdk,,,,27.08.1850,RU_YURINSKAYA,Єгор'євський повіт / Рязанська губернія,Анна Григорівна Єрмолова,,,,,
rec_217_r_8,,Ревізькі казки,r,8-а ревізія,,,https://drive.google.com/file/d/1naO7s_Uk--RLGAkknqDp4SyOkSmqiUIY/view?usp=drivesdk,,,,09.04.1834,RU_YURINSKAYA,Єгор'євський повіт / Рязанська губернія,Анна Григорівна Єрмолова,,,,,
rec_217_r_7,,Ревізькі казки,r,7-а ревізія,,,https://drive.google.com/file/d/1BuuPpuzNrhyE8qxzTT2TfonkQ4OQB9tg/view?usp=drivesdk,,,,03.1816,RU_YURINSKAYA,Єгор'євський повіт / Рязанська губернія,Василь Іванович Семевський,,,,,
rec_217_r_5,,Ревізькі казки,r,5-а ревізія,,,https://drive.google.com/file/d/11RrSCwgKT2xT5FNhiONqDQfFxqVnwrA0/view?usp=drivesdk,,,,24.06.1795,RU_KHARINSKAYA,Єгор'євський повіт / Рязанське намісництво,Микола Тимофійович Колтовський,,,,,
rec_218_r_9,,Ревізькі казки,r,9-а ревізія,,,https://drive.google.com/file/d/1gCgZwmSA0hNSFkxjp_lxDJAylUIgc4F8/view?usp=drivesdk,,,,27.08.1850,RU_YANINO,Єгор'євський повіт / Рязанська губернія,Анна Григорівна Єрмолова,,,,,
rec_218_r_8,,Ревізькі казки,r,8-а ревізія,,,https://drive.google.com/file/d/1ppBBL1wigXO5gvKlx01RFdFAHKAFk65z/view?usp=drivesdk,,,,09.04.1834,RU_YANINO,Єгор'євський повіт / Рязанська губернія,Анна Григорівна Єрмолова,,,,,
rec_218_r_7,,Ревізькі казки,r,7-а ревізія,,,https://drive.google.com/file/d/19MVuS0bARowh6swVOyCIBCfL-41kcacD/view?usp=drivesdk,,,,03.1816,RU_YANINO,Єгор'євський повіт / Рязанська губернія,Василь Іванович Семевський,,,,,
rec_218_r_6,,Ревізькі казки,r,6-а ревізія,,,https://drive.google.com/file/d/1OVYqOPvtBd1_l_FD4X20iIc9DxlsAj0L/view?usp=drivesdk,,,,09.1811,RU_YANINO,Єгор'євський повіт / Рязанська губернія,Василь Іванович Семевський,,,,,
rec_218_r_5,,Ревізькі казки,r,5-а ревізія,,,https://drive.google.com/file/d/1DDoGcGPbDlbadE8j9l8iLt-h7qaX2nR0/view?usp=drivesdk,,,,24.06.1795,RU_YANINO,Єгор'євський повіт / Рязанське намісництво,Микола Тимофійович Колтовський,,,,,
rec_218_r_4,,Ревізькі казки,r,4-а ревізія,,,https://drive.google.com/file/d/11cwtGzkO7dyK3IU3hR-mf7NwIFaLWdKK/view?usp=drivesdk,,,,06.1782,RU_YANINO,Єгор'євський повіт / Рязанське намісництво,Михайло Олексійович Короб'їн; Олександр Олексійович Короб'їн;Петро Олексійович Короб'їн,,,,,
rec_219_r_8,,Ревізькі казки,r,8-а ревізія,,,https://drive.google.com/file/d/1ppBBL1wigXO5gvKlx01RFdFAHKAFk65z/view?usp=drivesdk,,,,09.04.1834,RU_YANINO,Єгор'євський повіт / Рязанська губернія,Анна Григорівна Єрмолова,,,,,
rec_219_r_7,,Ревізькі казки,r,7-а ревізія,,,https://drive.google.com/file/d/19MVuS0bARowh6swVOyCIBCfL-41kcacD/view?usp=drivesdk,,,,03.1816,RU_YANINO,Єгор'євський повіт / Рязанська губернія,Василь Іванович Семевський,,,,,
rec_219_r_5-1,,Ревізькі казки,r,5-а ревізія,,,https://drive.google.com/file/d/1DDoGcGPbDlbadE8j9l8iLt-h7qaX2nR0/view?usp=drivesdk,,,,24.06.1795,RU_YANINO,Єгор'євський повіт / Рязанське намісництво,Микола Тимофійович Колтовський,,,,,
rec_219_r_5-2,,Ревізькі казки,r,5-а ревізія,,,https://drive.google.com/file/d/1lx6eQGgbws54CnXZyv1znQp0Vw9iWrJJ/view?usp=drivesdk,,,,24.06.1795,RU_YURINSKAYA,Єгор'євський повіт / Рязанське намісництво,Микола Тимофійович Колтовський,,,,,
rec_219_r_4,,Ревізькі казки,r,4-а ревізія,,,https://drive.google.com/file/d/1hvLGThPs71zBQSfLeeHzZkdreTFjPxng/view?usp=drivesdk,,,,06.1782,RU_YURINSKAYA,Єгор'євський повіт / Рязанське намісництво,Михайло Олексійович Короб'їн; Олександр Олексійович Короб'їн;Петро Олексійович Короб'їн,,,,,
rec_220_r_10,,Ревізькі казки,r,10-а ревізія,,,https://drive.google.com/file/d/134MH9vN-rNUHVo-zlwCs9lWtPpDHg4nu/view?usp=drivesdk,,,,02.05.1858,RU_LELECHI,Єгор'євський повіт / Рязанська губернія,Катерина Петрівна Єрмолова,,,,,
rec_220_r_9,,Ревізькі казки,r,9-а ревізія,,,https://drive.google.com/file/d/1bQsxKiiurOLa46PbemS-yuJzYDNljWc7/view?usp=drivesdk,,,,27.08.1850,RU_LELECHI,Єгор'євський повіт / Рязанська губернія,Анна Григорівна Єрмолова,,,,,
rec_220_r_8,,Ревізькі казки,r,8-а ревізія,,,https://drive.google.com/file/d/1NgaDyG5hHhXl67eqtiZGVBsknU_M0zLb/view?usp=drivesdk,,,,09.04.1834,RU_LELECHI,Єгор'євський повіт / Рязанська губернія,Анна Григорівна Єрмолова,,,,,
rec_220_r_7,,Ревізькі казки,r,7-а ревізія,,,https://drive.google.com/file/d/19S-yk7gZWV2t0Y3LzGWrPwZv3HZiV70_/view?usp=drivesdk,,,,03.1816,RU_LELECHI,Єгор'євський повіт / Рязанська губернія,Василь Іванович Семевський,,,,,
rec_220_r_6,,Ревізькі казки,r,6-а ревізія,,,https://drive.google.com/file/d/1gcHgD6hJXsyJJra9n1fQmI0sDNEO1kUo/view?usp=drivesdk,,,,09.1811,RU_LELECHI,Єгор'євський повіт / Рязанська губернія,Василь Іванович Семевський,,,,,
rec_220_r_5,,Ревізькі казки,r,5-а ревізія,,,https://drive.google.com/file/d/1H7NbavafQlLtXju2MTEG8px--2_TSfgo/view?usp=drive_link,,,,24.06.1795,RU_LELECHI,Єгор'євський повіт / Рязанське намісництво,Микола Тимофійович Колтовський,,,,,
rec_220_r_4,,Ревізькі казки,r,4-а ревізія,,,https://drive.google.com/file/d/1uOEpp8OIvFT2LBjmWjZFHWlquQKN8FOu/view?usp=drivesdk,,,,06.1782,RU_LELECHI,Єгор'євський повіт / Рязанське намісництво,Михайло Олексійович Короб'їн; Олександр Олексійович Короб'їн;Петро Олексійович Короб'їн,,,,,
rec_221_r_8,,Ревізькі казки,r,8-а ревізія,,,https://drive.google.com/file/d/1NgaDyG5hHhXl67eqtiZGVBsknU_M0zLb/view?usp=drivesdk,,,,09.04.1834,RU_LELECHI,Єгор'євський повіт / Рязанська губернія,Анна Григорівна Єрмолова,,,,,
rec_221_r_7,,Ревізькі казки,r,7-а ревізія,,,https://drive.google.com/file/d/19S-yk7gZWV2t0Y3LzGWrPwZv3HZiV70_/view?usp=drivesdk,,,,03.1816,RU_LELECHI,Єгор'євський повіт / Рязанська губернія,Василь Іванович Семевський,,,,,
rec_221_r_5-1,,Ревізькі казки,r,5-а ревізія,,,https://drive.google.com/file/d/1VQK44KAxRz7t_rULWI4DgMEbygPrWBEE/view?usp=drive_link,,,,24.05.1795,RU_GRIDINSKAYA,Єгор'євський повіт / Рязанське намісництво,Параскева Григорівна В'яземська,,,,,
rec_221_r_5-2,,Ревізькі казки,r,5-а ревізія,,,https://drive.google.com/file/d/1H7NbavafQlLtXju2MTEG8px--2_TSfgo/view?usp=drive_link,,,,24.06.1795,RU_LELECHI,Єгор'євський повіт / Рязанське намісництво,Микола Тимофійович Колтовський,,,,,
rec_221_r_4,,Ревізькі казки,r,4-а ревізія,,,https://drive.google.com/file/d/1Ovbes1lSux_U63uyap2bjuL5CYRfZdZA/view?usp=drive_link,,,,29.06.1782,RU_GRIDINSKAYA,Єгор'євський повіт / Рязанське намісництво,Параскева Григорівна В'яземська,,,,,
rec_222_r_9,,Ревізькі казки,r,9-а ревізія,,,https://drive.google.com/file/d/1XEi6ZYx-EH0YRa3KIvikPj-2t-fa6bE6/view?usp=drivesdk,,,,27.08.1850,RU_PROKHOROVO,Єгор'євський повіт / Рязанська губернія,Анна Григорівна Єрмолова,,,,,
rec_222_r_8,,Ревізькі казки,r,8-а ревізія,,,https://drive.google.com/file/d/1CA-k8INZNMELPYCYvRSWwoGE0vFo_TD1/view?usp=drivesdk,,,,09.04.1834,RU_PROKHOROVO,Єгор'євський повіт / Рязанська губернія,Анна Григорівна Єрмолова,,,,,
rec_222_r_7,,Ревізькі казки,r,7-а ревізія,,,https://drive.google.com/file/d/1cyLL9rf0E0vw3B6-Y7_A4eIAYde8PVTA/view?usp=drivesdk,,,,03.1816,RU_PROKHOROVO,Єгор'євський повіт / Рязанська губернія,Василь Іванович Семевський,,,,,
rec_222_r_6,,Ревізькі казки,r,6-а ревізія,,,https://drive.google.com/file/d/1VtkJG5WzrDYCQfMkuWIoVky98p-54NbI/view?usp=drivesdk,,,,09.1811,RU_PROKHOROVO,Єгор'євський повіт / Рязанська губернія,Василь Іванович Семевський,,,,,
rec_223_r_10,,Ревізькі казки,r,10-а ревізія,,,https://drive.google.com/file/d/14l1p6zx4Y3eP_uK975VbUoHeeOBM3kP5/view?usp=drivesdk,,,,02.05.1858,RU_PROKHOROVO,Єгор'євський повіт / Рязанська губернія,Катерина Петрівна Єрмолова,,,,,
rec_223_r_9,,Ревізькі казки,r,9-а ревізія,,,https://drive.google.com/file/d/1XEi6ZYx-EH0YRa3KIvikPj-2t-fa6bE6/view?usp=drivesdk,,,,27.08.1850,RU_PROKHOROVO,Єгор'євський повіт / Рязанська губернія,Анна Григорівна Єрмолова,,,,,
rec_223_r_8,,Ревізькі казки,r,8-а ревізія,,,https://drive.google.com/file/d/1CA-k8INZNMELPYCYvRSWwoGE0vFo_TD1/view?usp=drivesdk,,,,09.04.1834,RU_PROKHOROVO,Єгор'євський повіт / Рязанська губернія,Анна Григорівна Єрмолова,,,,,
rec_223_r_7,,Ревізькі казки,r,7-а ревізія,,,https://drive.google.com/file/d/1cyLL9rf0E0vw3B6-Y7_A4eIAYde8PVTA/view?usp=drivesdk,,,,03.1816,RU_PROKHOROVO,Єгор'євський повіт / Рязанська губернія,Василь Іванович Семевський,,,,,
rec_386_r_6,,Ревізькі казки,r,6-а ревізія,,,https://drive.google.com/file/d/1C8ffOxHhBasiFM5uIPsxvoRH-GcIAmcQ/view?usp=drivesdk,,,,09.1811,RU_PROKHOROVO,Єгор'євський повіт / Рязанська губернія,Василь Іванович Семевський,,,,,
rec_386_r_5,,Ревізькі казки,r,5-а ревізія,,,https://drive.google.com/file/d/1onvqzV54j_pwKRkxMYoVUgsyi6QR7sGE/view?usp=drivesdk,,,,24.06.1795,RU_PROKHOROVO,Єгор'євський повіт / Рязанське намісництво,Микола Тимофійович Колтовський,,,,,
rec_386_r_4,,Ревізькі казки,r,4-а ревізія,,,https://drive.google.com/file/d/1ln06KcvJbRouXsNj4-4tlojZ00AbIkBx/view?usp=drivesdk,,,,06.1782,RU_PROKHOROVO,Єгор'євський повіт / Рязанське намісництво,Михайло Олексійович Короб'їн; Олександр Олексійович Короб'їн;Петро Олексійович Короб'їн,,,,,
rec_387_r_4,,Ревізькі казки,r,4-а ревізія,,,https://drive.google.com/file/d/1ln06KcvJbRouXsNj4-4tlojZ00AbIkBx/view?usp=drivesdk,,,,06.1782,RU_PROKHOROVO,Єгор'євський повіт / Рязанське намісництво,Михайло Олексійович Короб'їн; Олександр Олексійович Короб'їн;Петро Олексійович Короб'їн,,,,,
rec_389_r_5,,Ревізькі казки,r,5-а ревізія,,,https://drive.google.com/file/d/1q7FrRl4BtcrAnHZJIIQi2MykMqr6xvOH/view?usp=drivesdk,,,,24.06.1795,RU_LELECHI,Єгор'євський повіт / Рязанське намісництво,Микола Тимофійович Колтовський,,,,,
rec_389_r_4,,Ревізькі казки,r,4-а ревізія,,,https://drive.google.com/file/d/1uOEpp8OIvFT2LBjmWjZFHWlquQKN8FOu/view?usp=drivesdk,,,,06.1782,RU_LELECHI,Єгор'євський повіт / Рязанське намісництво,Михайло Олексійович Короб'їн; Олександр Олексійович Короб'їн;Петро Олексійович Короб'їн,,,,,
rec_390_r_4,,Ревізькі казки,r,4-а ревізія,,,https://drive.google.com/file/d/1uWq9Mb7C-zRkYxqF4GvbNcJuDUwKyOh1/view?usp=drivesdk,,,,06.1782,RU_KHARINSKAYA,Єгор'євський повіт / Рязанське намісництво,Михайло Олексійович Короб'їн; Олександр Олексійович Короб'їн;Петро Олексійович Короб'їн,,,,,
rec_391_r_5,,Ревізькі казки,r,5-а ревізія,,,https://drive.google.com/file/d/1hHc-kw9XUGabeTt2U2Ag3yAtxJNFN3Us/view?usp=drive_link,,,,24.06.1795,RU_KHARINSKAYA,Єгор'євський повіт / Рязанське намісництво,Микола Тимофійович Колтовський,,,,,
rec_391_r_4,,Ревізькі казки,r,4-а ревізія,,,https://drive.google.com/file/d/1uWq9Mb7C-zRkYxqF4GvbNcJuDUwKyOh1/view?usp=drivesdk,,,,06.1782,RU_KHARINSKAYA,Єгор'євський повіт / Рязанське намісництво,Михайло Олексійович Короб'їн; Олександр Олексійович Короб'їн;Петро Олексійович Короб'їн,,,,,
rec_396_r_5,,Ревізькі казки,r,5-а ревізія,,,https://drive.google.com/file/d/1I3bE2fcqLcub4KN5tZA482CzpHG-KaxO/view?usp=drive_link,,,,18.05.1795,RU_KSENOFONTOVO,Єгор'євський повіт / Рязанське намісництво,Єлизавета Петрівна Змієва;Микола Андрійович Змієв;Андрій Андрійович Змієв;Наталя Андріївна Змієва;Марія Андріївна Змієва;Олександра Андріївна Змієва,,,,,
rec_396_r_4,,Ревізькі казки,r,4-а ревізія,,,https://drive.google.com/file/d/17E1UZP7t9wz1F2QDwD2F7oM4qTa0oX4y/view?usp=drive_link,,,,16.06.1782,RU_TIMOKHINO,Єгор'євський повіт / Рязанське намісництво,Єлизавета Іванівна Голохвастова,,,,,
rec_398_r_5,,Ревізькі казки,r,5-а ревізія,,,https://drive.google.com/file/d/1G5EZE7kuc1VQM0mbuohUXnPIHtNpReCE/view?usp=drive_link,,,,18.08.1795,RU_TIMOKHINO,Єгор'євський повіт / Рязанське намісництво,Єлизавета Петрівна Змієва;Микола Андрійович Змієв;Андрій Андрійович Змієв;Наталя Андріївна Змієва;Марія Андріївна Змієва;Олександра Андріївна Змієва,,,,,
rec_398_r_4,,Ревізькі казки,r,4-а ревізія,,,https://drive.google.com/file/d/14C7iYDlFbz1jIXyOMQzifKWBe9h38YGx/view?usp=drive_link,,,,16.06.1782,RU_TIMOKHINO,Єгор'євський повіт / Рязанське намісництво,Єлизавета Іванівна Голохвастова,,,,,
rec_399_r_5,,Ревізькі казки,r,5-а ревізія,,,https://drive.google.com/file/d/1G5EZE7kuc1VQM0mbuohUXnPIHtNpReCE/view?usp=drive_link,,,,18.08.1795,RU_TIMOKHINO,Єгор'євський повіт / Рязанське намісництво,Єлизавета Петрівна Змієва;Микола Андрійович Змієв;Андрій Андрійович Змієв;Наталя Андріївна Змієва;Марія Андріївна Змієва;Олександра Андріївна Змієва,,,,,
rec_399_r_4,,Ревізькі казки,r,4-а ревізія,,,https://drive.google.com/file/d/14C7iYDlFbz1jIXyOMQzifKWBe9h38YGx/view?usp=drive_link,,,,16.06.1782,RU_TIMOKHINO,Єгор'євський повіт / Рязанське намісництво,Єлизавета Іванівна Голохвастова,,,,,
rec_400_r_6,,Ревізькі казки,r,6-а ревізія,,,https://drive.google.com/file/d/1xSTfYDmejIfyN6MjSXcvBlioE2pqyYPa/view?usp=drivesdk,,,,09.1811,RU_YANINO,Єгор'євський повіт / Рязанська губернія,Василь Іванович Семевський,,,,,
rec_400_r_5,,Ревізькі казки,r,5-а ревізія,,,https://drive.google.com/file/d/1lQbiojycIOm9sVYSEhdpuhUMTdVbNPf3/view?usp=drivesdk,,,,24.06.1795,RU_YANINO,Єгор'євський повіт / Рязанське намісництво,Микола Тимофійович Колтовський,,,,,
rec_400_r_4,,Ревізькі казки,r,4-а ревізія,,,https://drive.google.com/file/d/1bXMkImrWKE1jDW5kqcJampVYRdXTQMWC/view?usp=drivesdk,,,,06.1782,RU_YANINO,Єгор'євський повіт / Рязанське намісництво,Михайло Олексійович Короб'їн; Олександр Олексійович Короб'їн;Петро Олексійович Короб'їн,,,,,
rec_401_r_4,,Ревізькі казки,r,4-а ревізія,,,https://drive.google.com/file/d/1bXMkImrWKE1jDW5kqcJampVYRdXTQMWC/view?usp=drivesdk,,,,06.1782,RU_YANINO,Єгор'євський повіт / Рязанське намісництво,Михайло Олексійович Короб'їн; Олександр Олексійович Короб'їн;Петро Олексійович Короб'їн,,,,,
rec_402_r_4,,Ревізькі казки,r,4-а ревізія,,,https://drive.google.com/file/d/1aAEBX_8A-zWJpUsGmUcdYUfz0i_MgkB5/view?usp=drive_link,,,,06.1782,RU_YANINO,Єгор'євський повіт / Рязанське намісництво,Михайло Олексійович Короб'їн; Олександр Олексійович Короб'їн;Петро Олексійович Короб'їн,,,,,
rec_403_r_4,,Ревізькі казки,r,4-а ревізія,,,https://drive.google.com/file/d/1aAEBX_8A-zWJpUsGmUcdYUfz0i_MgkB5/view?usp=drive_link,,,,06.1782,RU_YANINO,Єгор'євський повіт / Рязанське намісництво,Михайло Олексійович Короб'їн; Олександр Олексійович Короб'їн;Петро Олексійович Короб'їн,,,,,
rec_404_r_8,,Ревізькі казки,r,8-а ревізія,,,https://drive.google.com/file/d/1TfGRYfjLAJvVVSCorpJZFejF2t77Lp0R/view?usp=drivesdk,,,,09.04.1834,RU_LELECHI,Єгор'євський повіт / Рязанська губернія,Анна Григорівна Єрмолова,,,,,
rec_404_r_7,,Ревізькі казки,r,7-а ревізія,,,https://drive.google.com/file/d/12QMirUQOHJHyEng8FlicHnJYvj0bnXYd/view?usp=drivesdk,,,,03.1816,RU_LELECHI,Єгор'євський повіт / Рязанська губернія,Василь Іванович Семевський,,,,,
rec_404_r_6,,Ревізькі казки,r,6-а ревізія,,,https://drive.google.com/file/d/19RKlyjHV9-K5YSOq4WoArLTzr0cRTJXf/view?usp=drivesdk,,,,09.1811,RU_LELECHI,Єгор'євський повіт / Рязанська губернія,Василь Іванович Семевський,,,,,
rec_404_r_5,,Ревізькі казки,r,5-а ревізія,,,https://drive.google.com/file/d/1OfWHv5wBPakrb9Z5xBvrp12ZU6FuG__z/view?usp=drivesdk,,,,24.06.1795,RU_LELECHI,Єгор'євський повіт / Рязанське намісництво,Микола Тимофійович Колтовський,,,,,
rec_404_r_4,,Ревізькі казки,r,4-а ревізія,,,https://drive.google.com/file/d/1bfWB2fEQzK1iEh7_7ATYGgaBNDdJWiE-/view?usp=drivesdk,,,,06.1782,RU_LELECHI,Єгор'євський повіт / Рязанське намісництво,Михайло Олексійович Короб'їн; Олександр Олексійович Короб'їн;Петро Олексійович Короб'їн,,,,,
rec_405_r_7,,Ревізькі казки,r,7-а ревізія,,,https://drive.google.com/file/d/12QMirUQOHJHyEng8FlicHnJYvj0bnXYd/view?usp=drivesdk,,,,03.1816,RU_LELECHI,Єгор'євський повіт / Рязанська губернія,Василь Іванович Семевський,,,,,
rec_405_r_5,,Ревізькі казки,r,5-а ревізія,,,https://drive.google.com/file/d/1OfWHv5wBPakrb9Z5xBvrp12ZU6FuG__z/view?usp=drivesdk,,,,24.06.1795,RU_LELECHI,Єгор'євський повіт / Рязанське намісництво,Микола Тимофійович Колтовський,,,,,
rec_405_r_4,,Ревізькі казки,r,4-а ревізія,,,https://drive.google.com/file/d/1bfWB2fEQzK1iEh7_7ATYGgaBNDdJWiE-/view?usp=drivesdk,,,,06.1782,RU_LELECHI,Єгор'євський повіт / Рязанське намісництво,Михайло Олексійович Короб'їн; Олександр Олексійович Короб'їн;Петро Олексійович Короб'їн,,,,,
rec_406_r_5,,Ревізькі казки,r,5-а ревізія,,,https://drive.google.com/file/d/18Qa3dYw3Sj_96T44H8CnfMH6FABMQ1gT/view?usp=drivesdk,,,,24.06.1795,RU_KHARINSKAYA,Єгор'євський повіт / Рязанське намісництво,Микола Тимофійович Колтовський,,,,,
rec_406_r_4,,Ревізькі казки,r,4-а ревізія,,,https://drive.google.com/file/d/1R_7ES-KGcSrmmXTcs0_JJUqYE6byzgc1/view?usp=drivesdk,,,,06.1782,RU_KHARINSKAYA,Єгор'євський повіт / Рязанське намісництво,Михайло Олексійович Короб'їн; Олександр Олексійович Короб'їн;Петро Олексійович Короб'їн,,,,,
rec_407_r_5,,Ревізькі казки,r,5-а ревізія,,,https://drive.google.com/file/d/18Qa3dYw3Sj_96T44H8CnfMH6FABMQ1gT/view?usp=drivesdk,,,,24.06.1795,RU_KHARINSKAYA,Єгор'євський повіт / Рязанське намісництво,Микола Тимофійович Колтовський,,,,,
rec_407_r_4,,Ревізькі казки,r,4-а ревізія,,,https://drive.google.com/file/d/1zw80TCEyF88RdhRdH5t9t3amQPmRVuV1/view?usp=drivesdk,,,,06.1782,RU_KHARINSKAYA,Єгор'євський повіт / Рязанське намісництво,Михайло Олексійович Короб'їн; Олександр Олексійович Короб'їн;Петро Олексійович Короб'їн,,,,,
rec_408_r_4,,Ревізькі казки,r,4-а ревізія,,,https://drive.google.com/file/d/1z8VFyxuiE2H_1dmt2jmdu73NNj0_fpb7/view?usp=drivesdk,,,,06.1782,RU_KHARINSKAYA,Єгор'євський повіт / Рязанське намісництво,Михайло Олексійович Короб'їн; Олександр Олексійович Короб'їн;Петро Олексійович Короб'їн,,,,,
rec_409_r_4,,Ревізькі казки,r,4-а ревізія,,,https://drive.google.com/file/d/1z8VFyxuiE2H_1dmt2jmdu73NNj0_fpb7/view?usp=drivesdk,,,,06.1782,RU_KHARINSKAYA,Єгор'євський повіт / Рязанське намісництво,Михайло Олексійович Короб'їн; Олександр Олексійович Короб'їн;Петро Олексійович Короб'їн,,,,,
rec_410_r_5,,Ревізькі казки,r,5-а ревізія,,,https://drive.google.com/file/d/16gzCZmjIq7HZmOH7MWBO-SHNQs6-nhaM/view?usp=drive_link,,,,24.06.1795,RU_KHARINSKAYA,Єгор'євський повіт / Рязанське намісництво,Микола Тимофійович Колтовський,,,,,
rec_410_r_4,,Ревізькі казки,r,4-а ревізія,,,https://drive.google.com/file/d/1ZxbLeR7wTr4Vlz4Tkfl5Grlw93BAzvMa/view?usp=drivesdk,,,,06.1782,RU_KHARINSKAYA,Єгор'євський повіт / Рязанське намісництво,Михайло Олексійович Короб'їн; Олександр Олексійович Короб'їн;Петро Олексійович Короб'їн,,,,,
rec_411_r_7,,Ревізькі казки,r,7-а ревізія,,,https://drive.google.com/file/d/1dd_9xkyZ4CKEASpI0bdVzI_xOwm5avwL/view?usp=drivesdk,,,,03.1816,RU_KHARINSKAYA,Єгор'євський повіт / Рязанська губернія,Василь Іванович Семевський,,,,,
rec_411_r_5,,Ревізькі казки,r,5-а ревізія,,,https://drive.google.com/file/d/16gzCZmjIq7HZmOH7MWBO-SHNQs6-nhaM/view?usp=drive_link,,,,24.06.1795,RU_KHARINSKAYA,Єгор'євський повіт / Рязанське намісництво,Микола Тимофійович Колтовський,,,,,
rec_411_r_4,,Ревізькі казки,r,4-а ревізія,,,https://drive.google.com/file/d/1ZxbLeR7wTr4Vlz4Tkfl5Grlw93BAzvMa/view?usp=drivesdk,,,,06.1782,RU_KHARINSKAYA,Єгор'євський повіт / Рязанське намісництво,Михайло Олексійович Короб'їн; Олександр Олексійович Короб'їн;Петро Олексійович Короб'їн,,,,,
rec_412_r_5,,Ревізькі казки,r,5-а ревізія,,,https://drive.google.com/file/d/1OfWHv5wBPakrb9Z5xBvrp12ZU6FuG__z/view?usp=drivesdk,,,,24.06.1795,RU_LELECHI,Єгор'євський повіт / Рязанське намісництво,Микола Тимофійович Колтовський,,,,,
rec_412_r_4,,Ревізькі казки,r,4-а ревізія,,,https://drive.google.com/file/d/1bfWB2fEQzK1iEh7_7ATYGgaBNDdJWiE-/view?usp=drivesdk,,,,06.1782,RU_LELECHI,Єгор'євський повіт / Рязанське намісництво,Михайло Олексійович Короб'їн; Олександр Олексійович Короб'їн;Петро Олексійович Короб'їн,,,,,
rec_413_r_4,,Ревізькі казки,r,4-а ревізія,,,https://drive.google.com/file/d/1bfWB2fEQzK1iEh7_7ATYGgaBNDdJWiE-/view?usp=drivesdk,,,,06.1782,RU_LELECHI,Єгор'євський повіт / Рязанське намісництво,Михайло Олексійович Короб'їн; Олександр Олексійович Короб'їн;Петро Олексійович Короб'їн,,,,,
rec_414_r_8,,Ревізькі казки,r,8-а ревізія,,,https://drive.google.com/file/d/1QpISon1b_D3irlNUvQ_gEdvKxrwGrGa3/view?usp=drivesdk,,,,09.04.1834,RU_LELECHI,Єгор'євський повіт / Рязанська губернія,Анна Григорівна Єрмолова,,,,,
rec_414_r_7,,Ревізькі казки,r,7-а ревізія,,,https://drive.google.com/file/d/1RDhCxuMjP75r19ynf0qhJ1yCgxJBI841/view?usp=drivesdk,,,,03.1816,RU_LELECHI,Єгор'євський повіт / Рязанська губернія,Василь Іванович Семевський,,,,,
rec_414_r_6,,Ревізькі казки,r,6-а ревізія,,,https://drive.google.com/file/d/1gcHgD6hJXsyJJra9n1fQmI0sDNEO1kUo/view?usp=drivesdk,,,,09.1811,RU_LELECHI,Єгор'євський повіт / Рязанська губернія,Василь Іванович Семевський,,,,,
rec_414_r_5,,Ревізькі казки,r,5-а ревізія,,,https://drive.google.com/file/d/1q7FrRl4BtcrAnHZJIIQi2MykMqr6xvOH/view?usp=drivesdk,,,,24.06.1795,RU_LELECHI,Єгор'євський повіт / Рязанське намісництво,Микола Тимофійович Колтовський,,,,,
rec_414_r_4,,Ревізькі казки,r,4-а ревізія,,,https://drive.google.com/file/d/1uOEpp8OIvFT2LBjmWjZFHWlquQKN8FOu/view?usp=drivesdk,,,,06.1782,RU_LELECHI,Єгор'євський повіт / Рязанське намісництво,Михайло Олексійович Короб'їн; Олександр Олексійович Короб'їн;Петро Олексійович Короб'їн,,,,,
rec_415_r_5,,Ревізькі казки,r,5-а ревізія,,,https://drive.google.com/file/d/13h8mwv5WfQMkHtFucQZXyIpZZFgj5qyC/view?usp=drivesdk,,,,24.06.1795,RU_LELECHI,Єгор'євський повіт / Рязанське намісництво,Микола Тимофійович Колтовський,,,,,
rec_415_r_4-1,,Ревізькі казки,r,4-а ревізія,,,https://drive.google.com/file/d/1JsKisk9qK84bi8KbMUqYnTibzjAut0ft/view?usp=drivesdk,,,,06.1782,RU_LELECHI,Єгор'євський повіт / Рязанське намісництво,Михайло Олексійович Короб'їн; Олександр Олексійович Короб'їн;Петро Олексійович Короб'їн,,,,,
rec_415_r_4-2,,Ревізькі казки,r,4-а ревізія,,,https://drive.google.com/file/d/11cwtGzkO7dyK3IU3hR-mf7NwIFaLWdKK/view?usp=drivesdk,,,,06.1782,RU_YANINO,Єгор'євський повіт / Рязанське намісництво,Михайло Олексійович Короб'їн; Олександр Олексійович Короб'їн;Петро Олексійович Короб'їн,,,,,
rec_417_r_4,,Ревізькі казки,r,4-а ревізія,,,https://drive.google.com/file/d/16poIeJzd18T2hmexU5FwLwR1gSfaP-DL/view?usp=drivesdk,,,,06.1782,RU_YURINSKAYA,Єгор'євський повіт / Рязанське намісництво,Михайло Олексійович Короб'їн; Олександр Олексійович Короб'їн;Петро Олексійович Короб'їн,,,,,
rec_418_r_5,,Ревізькі казки,r,5-а ревізія,,,https://drive.google.com/file/d/1yyTFOYu_T2uNkWRSyBdwdIvU7aZDKn3-/view?usp=drivesdk,,,,24.06.1795,RU_YANINO,Єгор'євський повіт / Рязанське намісництво,Микола Тимофійович Колтовський,,,,,
rec_418_r_4,,Ревізькі казки,r,4-а ревізія,,,https://drive.google.com/file/d/1bXMkImrWKE1jDW5kqcJampVYRdXTQMWC/view?usp=drivesdk,,,,06.1782,RU_YANINO,Єгор'євський повіт / Рязанське намісництво,Михайло Олексійович Короб'їн; Олександр Олексійович Короб'їн;Петро Олексійович Короб'їн,,,,,
rec_419_r_5,,Ревізькі казки,r,5-а ревізія,,,https://drive.google.com/file/d/1HU-9IKU-jt4OPccNEftk5Cio3kw2w9hg/view?usp=drive_link,,,,24.06.1795,RU_YANINO,Єгор'євський повіт / Рязанське намісництво,Микола Тимофійович Колтовський,,,,,
rec_419_r_4,,Ревізькі казки,r,4-а ревізія,,,https://drive.google.com/file/d/1-_FVRnWH1h_yduXoX_ybVVvG199fqMOH/view?usp=drivesdk,,,,06.1782,RU_YANINO,Єгор'євський повіт / Рязанське намісництво,Михайло Олексійович Короб'їн; Олександр Олексійович Короб'їн;Петро Олексійович Короб'їн,,,,,
rec_426_r_4,,Ревізькі казки,r,4-а ревізія,,,https://drive.google.com/file/d/1ZxbLeR7wTr4Vlz4Tkfl5Grlw93BAzvMa/view?usp=drivesdk,,,,06.1782,RU_KHARINSKAYA,Єгор'євський повіт / Рязанське намісництво,Михайло Олексійович Короб'їн; Олександр Олексійович Короб'їн;Петро Олексійович Короб'їн,,,,,
rec_427_r_5,,Ревізькі казки,r,5-а ревізія,,,https://drive.google.com/file/d/1SBuGIbRtRafTwSRXdGk2GTLr-ROeGnRC/view?usp=drive_link,,,,24.06.1795,RU_KHARINSKAYA,Єгор'євський повіт / Рязанське намісництво,Микола Тимофійович Колтовський,,,,,
rec_427_r_4-1,,Ревізькі казки,r,4-а ревізія,,,https://drive.google.com/file/d/1ZxbLeR7wTr4Vlz4Tkfl5Grlw93BAzvMa/view?usp=drivesdk,,,,06.1782,RU_KHARINSKAYA,Єгор'євський повіт / Рязанське намісництво,Михайло Олексійович Короб'їн; Олександр Олексійович Короб'їн;Петро Олексійович Короб'їн,,,,,
rec_427_r_4-2,,Ревізькі казки,r,4-а ревізія,,,https://drive.google.com/file/d/1aAEBX_8A-zWJpUsGmUcdYUfz0i_MgkB5/view?usp=drive_link,,,,06.1782,RU_KHARINSKAYA,Єгор'євський повіт / Рязанське намісництво,Михайло Олексійович Короб'їн; Олександр Олексійович Короб'їн;Петро Олексійович Короб'їн,,,,,
rec_430_r_5,,Ревізькі казки,r,5-а ревізія,,,https://drive.google.com/file/d/1FILXsRwMEW9-fu_QreFT6pXf6FU2MH5e/view?usp=drive_link,,,,21.12.1795,RU_NASHATYRKINO,Рязанський повіт / Рязанське намісництво,Петро Олексійович Короб'їн,,,,,
rec_430_r_4,,Ревізькі казки,r,4-а ревізія,,,https://drive.google.com/file/d/1Ywy-swkrsChLl8f6GBG1pd3qs0-P1Ill/view?usp=drive_link,,,,05.1782,RU_NASHATYRKINO,Рязанський повіт / Рязанське намісництво,Михайло Олексійович Короб'їн; Олександр Олексійович Короб'їн;Петро Олексійович Короб'їн,,,,,
rec_431_r_5,,Ревізькі казки,r,5-а ревізія,,,https://drive.google.com/file/d/1FILXsRwMEW9-fu_QreFT6pXf6FU2MH5e/view?usp=drive_link,,,,21.12.1795,RU_NASHATYRKINO,Рязанський повіт / Рязанське намісництво,Петро Олексійович Короб'їн,,,,,
rec_431_r_4,,Ревізькі казки,r,4-а ревізія,,,https://drive.google.com/file/d/1q7pPPgpnIma2rjD-iWAheRl302kHEVf3/view?usp=drive_link,,,,05.1782,RU_NASHATYRKINO,Рязанський повіт / Рязанське намісництво,Михайло Олексійович Короб'їн; Олександр Олексійович Короб'їн;Петро Олексійович Короб'їн,,,,,
rec_432_r_8,,Ревізькі казки,r,8-а ревізія,,,https://drive.google.com/file/d/1naO7s_Uk--RLGAkknqDp4SyOkSmqiUIY/view?usp=drivesdk,,,,09.04.1834,RU_YURINSKAYA,Єгор'євський повіт / Рязанська губернія,Анна Григорівна Єрмолова,,,,,
rec_432_r_7,,Ревізькі казки,r,7-а ревізія,,,https://drive.google.com/file/d/1BuuPpuzNrhyE8qxzTT2TfonkQ4OQB9tg/view?usp=drivesdk,,,,03.1816,RU_YURINSKAYA,Єгор'євський повіт / Рязанська губернія,Василь Іванович Семевський,,,,,
rec_432_r_6,,Ревізькі казки,r,6-а ревізія,,,https://drive.google.com/file/d/1eiwYK9gcMxS8n2ptJb1CKhzjorWctRaP/view?usp=drivesdk,,,,09.1811,RU_YURINSKAYA,Єгор'євський повіт / Рязанська губернія,Василь Іванович Семевський,,,,,
rec_432_r_5,,Ревізькі казки,r,5-а ревізія,,,https://drive.google.com/file/d/1xfMznr87jGJ7NphdWx7dUW-ZIcUIDqdh/view?usp=drivesdk,,,,24.06.1795,RU_YURINSKAYA,Єгор'євський повіт / Рязанське намісництво,Микола Тимофійович Колтовський,,,,,
rec_432_r_4,,Ревізькі казки,r,4-а ревізія,,,https://drive.google.com/file/d/1C6WpnSQ6HF27zvmg67DP64K9e5W1XHJd/view?usp=drivesdk,,,,06.1782,RU_TOMILINO,Єгор'євський повіт / Рязанське намісництво,Михайло Олексійович Короб'їн; Олександр Олексійович Короб'їн;Петро Олексійович Короб'їн,,,,,
rec_433_r_8,,Ревізькі казки,r,8-а ревізія,,,https://drive.google.com/file/d/1naO7s_Uk--RLGAkknqDp4SyOkSmqiUIY/view?usp=drivesdk,,,,09.04.1834,RU_YURINSKAYA,Єгор'євський повіт / Рязанська губернія,Анна Григорівна Єрмолова,,,,,
rec_433_r_7,,Ревізькі казки,r,7-а ревізія,,,https://drive.google.com/file/d/1BuuPpuzNrhyE8qxzTT2TfonkQ4OQB9tg/view?usp=drivesdk,,,,03.1816,RU_YURINSKAYA,Єгор'євський повіт / Рязанська губернія,Василь Іванович Семевський,,,,,
rec_433_r_5-1,,Ревізькі казки,r,5-а ревізія,,,https://drive.google.com/file/d/1xfMznr87jGJ7NphdWx7dUW-ZIcUIDqdh/view?usp=drivesdk,,,,24.06.1795,RU_YURINSKAYA,Єгор'євський повіт / Рязанське намісництво,Микола Тимофійович Колтовський,,,,,
rec_433_r_5-2,,Ревізькі казки,r,5-а ревізія,,,https://drive.google.com/file/d/1pfkQUZZt9jexGLJb9YxRfG5igIgkdenV/view?usp=drivesdk,,,,24.06.1795,RU_PROKHOROVO,Єгор'євський повіт / Рязанське намісництво,Микола Тимофійович Колтовський,,,,,
rec_433_r_4,,Ревізькі казки,r,4-а ревізія,,,https://drive.google.com/file/d/1lJRzB1xZPQ-h91W7rfKz5lFP-56MtEpl/view?usp=drivesdk,,,,06.1782,RU_PROKHOROVO,Єгор'євський повіт / Рязанське намісництво,Михайло Олексійович Короб'їн; Олександр Олексійович Короб'їн;Петро Олексійович Короб'їн,,,,,
rec_434_r_9,,Ревізькі казки,r,9-а ревізія,,,https://drive.google.com/file/d/1lYE-2oD_H-Dk2vROcfN8j2KIth8FHr_v/view?usp=drivesdk,,,,27.08.1850,RU_KHARINSKAYA,Єгор'євський повіт / Рязанська губернія,Анна Григорівна Єрмолова,,,,,
rec_434_r_8,,Ревізькі казки,r,8-а ревізія,,,https://drive.google.com/file/d/1yjyW0OvOEr7vkUfJqSKZ6bKCUeYGRvGI/view?usp=drivesdk,,,,09.04.1834,RU_KHARINSKAYA,Єгор'євський повіт / Рязанська губернія,Анна Григорівна Єрмолова,,,,,
rec_434_r_7,,Ревізькі казки,r,7-а ревізія,,,https://drive.google.com/file/d/1QX7ASFG5A_GeuT93aOdPIPFLL1FTUVFW/view?usp=drivesdk,,,,03.1816,RU_KHARINSKAYA,Єгор'євський повіт / Рязанська губернія,Василь Іванович Семевський,,,,,
rec_434_r_6,,Ревізькі казки,r,6-а ревізія,,,https://drive.google.com/file/d/12k0_N8H4LoXfAkOTmENeZ9rGshMSSZxk/view?usp=drivesdk,,,,09.1811,RU_KHARINSKAYA,Єгор'євський повіт / Рязанська губернія,Василь Іванович Семевський,,,,,
rec_434_r_5,,Ревізькі казки,r,5-а ревізія,,,https://drive.google.com/file/d/11RrSCwgKT2xT5FNhiONqDQfFxqVnwrA0/view?usp=drivesdk,,,,24.06.1795,RU_KHARINSKAYA,Єгор'євський повіт / Рязанське намісництво,Микола Тимофійович Колтовський,,,,,
rec_434_r_4,,Ревізькі казки,r,4-а ревізія,,,https://drive.google.com/file/d/1GmpN5LIDMVfzT009Yq6u-hY665oGR-vd/view?usp=drivesdk,,,,06.1782,RU_KHARINSKAYA,Єгор'євський повіт / Рязанське намісництво,Михайло Олексійович Короб'їн; Олександр Олексійович Короб'їн;Петро Олексійович Короб'їн,,,,,
rec_435_r_7,,Ревізькі казки,r,7-а ревізія,,,https://drive.google.com/file/d/1QX7ASFG5A_GeuT93aOdPIPFLL1FTUVFW/view?usp=drivesdk,,,,03.1816,RU_KHARINSKAYA,Єгор'євський повіт / Рязанська губернія,Василь Іванович Семевський,,,,,
rec_435_r_5,,Ревізькі казки,r,5-а ревізія,,,https://drive.google.com/file/d/11RrSCwgKT2xT5FNhiONqDQfFxqVnwrA0/view?usp=drivesdk,,,,24.06.1795,RU_KHARINSKAYA,Єгор'євський повіт / Рязанське намісництво,Микола Тимофійович Колтовський,,,,,
rec_435_r_4,,Ревізькі казки,r,4-а ревізія,,,https://drive.google.com/file/d/1GmpN5LIDMVfzT009Yq6u-hY665oGR-vd/view?usp=drivesdk,,,,06.1782,RU_KHARINSKAYA,Єгор'євський повіт / Рязанське намісництво,Михайло Олексійович Короб'їн; Олександр Олексійович Короб'їн;Петро Олексійович Короб'їн,,,,,
rec_436_r_8,,Ревізькі казки,r,8-а ревізія,,,https://drive.google.com/file/d/1ppBBL1wigXO5gvKlx01RFdFAHKAFk65z/view?usp=drivesdk,,,,09.04.1834,RU_YANINO,Єгор'євський повіт / Рязанська губернія,Анна Григорівна Єрмолова,,,,,
rec_436_r_7,,Ревізькі казки,r,7-а ревізія,,,https://drive.google.com/file/d/19MVuS0bARowh6swVOyCIBCfL-41kcacD/view?usp=drivesdk,,,,03.1816,RU_YANINO,Єгор'євський повіт / Рязанська губернія,Василь Іванович Семевський,,,,,
rec_436_r_6,,Ревізькі казки,r,6-а ревізія,,,https://drive.google.com/file/d/1OVYqOPvtBd1_l_FD4X20iIc9DxlsAj0L/view?usp=drivesdk,,,,09.1811,RU_YANINO,Єгор'євський повіт / Рязанська губернія,Василь Іванович Семевський,,,,,
rec_436_r_5,,Ревізькі казки,r,5-а ревізія,,,https://drive.google.com/file/d/1DDoGcGPbDlbadE8j9l8iLt-h7qaX2nR0/view?usp=drivesdk,,,,24.06.1795,RU_YANINO,Єгор'євський повіт / Рязанське намісництво,Микола Тимофійович Колтовський,,,,,
rec_436_r_4,,Ревізькі казки,r,4-а ревізія,,,https://drive.google.com/file/d/1PBCw--UQdjMSasrBL7vwol6VTNr1egoS/view?usp=drivesdk,,,,06.1782,RU_YANINO,Єгор'євський повіт / Рязанське намісництво,Михайло Олексійович Короб'їн; Олександр Олексійович Короб'їн;Петро Олексійович Короб'їн,,,,,
rec_437_r_7,,Ревізькі казки,r,7-а ревізія,,,https://drive.google.com/file/d/19MVuS0bARowh6swVOyCIBCfL-41kcacD/view?usp=drivesdk,,,,03.1816,RU_YANINO,Єгор'євський повіт / Рязанська губернія,Василь Іванович Семевський,,,,,
rec_437_r_5,,Ревізькі казки,r,5-а ревізія,,,https://drive.google.com/file/d/1DDoGcGPbDlbadE8j9l8iLt-h7qaX2nR0/view?usp=drivesdk,,,,24.06.1795,RU_YANINO,Єгор'євський повіт / Рязанське намісництво,Микола Тимофійович Колтовський,,,,,
rec_437_r_4-1,,Ревізькі казки,r,4-а ревізія,,,https://drive.google.com/file/d/1T6fMs-Usvch-H__l0IeVc1djQ_poa7Sv/view?usp=drive_link,,,,06.1782,RU_PROKHOROVO,Єгор'євський повіт / Рязанське намісництво,Михайло Олексійович Короб'їн; Олександр Олексійович Короб'їн;Петро Олексійович Короб'їн,,,,,
rec_437_r_4-2,,Ревізькі казки,r,4-а ревізія,,,https://drive.google.com/file/d/11cwtGzkO7dyK3IU3hR-mf7NwIFaLWdKK/view?usp=drivesdk,,,,06.1782,RU_YANINO,Єгор'євський повіт / Рязанське намісництво,Михайло Олексійович Короб'їн; Олександр Олексійович Короб'їн;Петро Олексійович Короб'їн,,,,,
rec_438_r_8,,Ревізькі казки,r,8-а ревізія,,,https://drive.google.com/file/d/1GU-Ck_qBqYqMZqnOo8uS_xtto75Y78Ox/view?usp=drivesdk,,,,09.04.1834,RU_YURINSKAYA,Єгор'євський повіт / Рязанська губернія,Анна Григорівна Єрмолова,,,,,
rec_438_r_7,,Ревізькі казки,r,7-а ревізія,,,https://drive.google.com/file/d/1KkwdA9l-nWSGL2Bcxyg2jzjMq29LKAfq/view?usp=drivesdk,,,,03.1816,RU_YURINSKAYA,Єгор'євський повіт / Рязанська губернія,Василь Іванович Семевський,,,,,
rec_438_r_6,,Ревізькі казки,r,6-а ревізія,,,https://drive.google.com/file/d/1eiwYK9gcMxS8n2ptJb1CKhzjorWctRaP/view?usp=drivesdk,,,,09.1811,RU_YURINSKAYA,Єгор'євський повіт / Рязанська губернія,Василь Іванович Семевський,,,,,
rec_438_r_5,,Ревізькі казки,r,5-а ревізія,,,https://drive.google.com/file/d/1lx6eQGgbws54CnXZyv1znQp0Vw9iWrJJ/view?usp=drivesdk,,,,24.06.1795,RU_YURINSKAYA,Єгор'євський повіт / Рязанське намісництво,Микола Тимофійович Колтовський,,,,,
rec_438_r_4,,Ревізькі казки,r,4-а ревізія,,,https://drive.google.com/file/d/16poIeJzd18T2hmexU5FwLwR1gSfaP-DL/view?usp=drivesdk,,,,06.1782,RU_YURINSKAYA,Єгор'євський повіт / Рязанське намісництво,Михайло Олексійович Короб'їн; Олександр Олексійович Короб'їн;Петро Олексійович Короб'їн,,,,,
rec_439_r_5,,Ревізькі казки,r,5-а ревізія,,,https://drive.google.com/file/d/1lx6eQGgbws54CnXZyv1znQp0Vw9iWrJJ/view?usp=drivesdk,,,,24.06.1795,RU_YURINSKAYA,Єгор'євський повіт / Рязанське намісництво,Микола Тимофійович Колтовський,,,,,
rec_439_r_4,,Ревізькі казки,r,4-а ревізія,,,https://drive.google.com/file/d/1hvLGThPs71zBQSfLeeHzZkdreTFjPxng/view?usp=drivesdk,,,,06.1782,RU_YURINSKAYA,Єгор'євський повіт / Рязанське намісництво,Михайло Олексійович Короб'їн; Олександр Олексійович Короб'їн;Петро Олексійович Короб'їн,,,,,
rec_440_r_8,,Ревізькі казки,r,8-а ревізія,,,https://drive.google.com/file/d/1-lXRLinf70mPtujCyW614vizk8mxdXI5/view?usp=drivesdk,,,,09.04.1834,RU_LELECHI,Єгор'євський повіт / Рязанська губернія,Анна Григорівна Єрмолова,,,,,
rec_440_r_7,,Ревізькі казки,r,7-а ревізія,,,https://drive.google.com/file/d/19S-yk7gZWV2t0Y3LzGWrPwZv3HZiV70_/view?usp=drivesdk,,,,03.1816,RU_LELECHI,Єгор'євський повіт / Рязанська губернія,Василь Іванович Семевський,,,,,
rec_440_r_6,,Ревізькі казки,r,6-а ревізія,,,https://drive.google.com/file/d/1gcHgD6hJXsyJJra9n1fQmI0sDNEO1kUo/view?usp=drivesdk,,,,09.1811,RU_LELECHI,Єгор'євський повіт / Рязанська губернія,Василь Іванович Семевський,,,,,
rec_440_r_5,,Ревізькі казки,r,5-а ревізія,,,https://drive.google.com/file/d/1H7NbavafQlLtXju2MTEG8px--2_TSfgo/view?usp=drive_link,,,,24.06.1795,RU_LELECHI,Єгор'євський повіт / Рязанське намісництво,Микола Тимофійович Колтовський,,,,,
rec_440_r_4,,Ревізькі казки,r,4-а ревізія,,,https://drive.google.com/file/d/1uOEpp8OIvFT2LBjmWjZFHWlquQKN8FOu/view?usp=drivesdk,,,,06.1782,RU_LELECHI,Єгор'євський повіт / Рязанське намісництво,Михайло Олексійович Короб'їн; Олександр Олексійович Короб'їн;Петро Олексійович Короб'їн,,,,,
rec_441_r_5,,Ревізькі казки,r,5-а ревізія,,,https://drive.google.com/file/d/1H7NbavafQlLtXju2MTEG8px--2_TSfgo/view?usp=drive_link,,,,24.06.1795,RU_LELECHI,Єгор'євський повіт / Рязанське намісництво,Микола Тимофійович Колтовський,,,,,
rec_441_r_4-1,,Ревізькі казки,r,4-а ревізія,,,https://drive.google.com/file/d/1uOEpp8OIvFT2LBjmWjZFHWlquQKN8FOu/view?usp=drivesdk,,,,06.1782,RU_LELECHI,Єгор'євський повіт / Рязанське намісництво,Михайло Олексійович Короб'їн; Олександр Олексійович Короб'їн;Петро Олексійович Короб'їн,,,,,
rec_441_r_4-2,,Ревізькі казки,r,4-а ревізія,,,https://drive.google.com/file/d/1xlQUU5TEgtMASKv_bo3nNfgmYAzJnqBl/view?usp=drivesdk,,,,06.1782,RU_KHARINSKAYA,Єгор'євський повіт / Рязанське намісництво,Михайло Олексійович Короб'їн; Олександр Олексійович Короб'їн;Петро Олексійович Короб'їн,,,,,
rec_442_r_6,,Ревізькі казки,r,6-а ревізія,,,https://drive.google.com/file/d/1LITeo3u9uswn0Lqoa2iwJJT5ymuSeLNu/view?usp=drive_link,,,,09.1811,RU_GRIDINSKAYA,Єгор'євський повіт / Рязанське намісництво,Параскева Григорівна В'яземська,,,,,
rec_442_r_5,,Ревізькі казки,r,5-а ревізія,,,https://drive.google.com/file/d/1VQK44KAxRz7t_rULWI4DgMEbygPrWBEE/view?usp=drive_link,,,,24.05.1795,RU_GRIDINSKAYA,Єгор'євський повіт / Рязанське намісництво,Параскева Григорівна В'яземська,,,,,
rec_442_r_4,,Ревізькі казки,r,4-а ревізія,,,https://drive.google.com/file/d/1Ovbes1lSux_U63uyap2bjuL5CYRfZdZA/view?usp=drive_link,,,,29.06.1782,RU_GRIDINSKAYA,Єгор'євський повіт / Рязанське намісництво,Параскева Григорівна В'яземська,,,,,
rec_443_r_5,,Ревізькі казки,r,5-а ревізія,,,https://drive.google.com/file/d/1VQK44KAxRz7t_rULWI4DgMEbygPrWBEE/view?usp=drive_link,,,,24.05.1795,RU_GRIDINSKAYA,Єгор'євський повіт / Рязанське намісництво,Параскева Григорівна В'яземська,,,,,
rec_443_r_4,,Ревізькі казки,r,4-а ревізія,,,https://drive.google.com/file/d/1Ovbes1lSux_U63uyap2bjuL5CYRfZdZA/view?usp=drive_link,,,,29.06.1782,RU_GRIDINSKAYA,Єгор'євський повіт / Рязанське намісництво,Параскева Григорівна В'яземська,,,,,
rec_444_r_6,,Ревізькі казки,r,6-а ревізія,,,https://drive.google.com/file/d/1VtkJG5WzrDYCQfMkuWIoVky98p-54NbI/view?usp=drivesdk,,,,09.1811,RU_PROKHOROVO,Єгор'євський повіт / Рязанська губернія,Василь Іванович Семевський,,,,,
rec_444_r_5,,Ревізькі казки,r,5-а ревізія,,,https://drive.google.com/file/d/1qP95konni2WsR5AawxeoBdaUyugs-8M3/view?usp=drivesdk,,,,24.06.1795,RU_PROKHOROVO,Єгор'євський повіт / Рязанське намісництво,Микола Тимофійович Колтовський,,,,,
rec_444_r_4,,Ревізькі казки,r,4-а ревізія,,,https://drive.google.com/file/d/1T6fMs-Usvch-H__l0IeVc1djQ_poa7Sv/view?usp=drive_link,,,,06.1782,RU_PROKHOROVO,Єгор'євський повіт / Рязанське намісництво,Михайло Олексійович Короб'їн; Олександр Олексійович Короб'їн;Петро Олексійович Короб'їн,,,,,
rec_445_r_8,,Ревізькі казки,r,8-а ревізія,,,https://drive.google.com/file/d/1CA-k8INZNMELPYCYvRSWwoGE0vFo_TD1/view?usp=drivesdk,,,,09.04.1834,RU_PROKHOROVO,Єгор'євський повіт / Рязанська губернія,Анна Григорівна Єрмолова,,,,,
rec_445_r_7,,Ревізькі казки,r,7-а ревізія,,,https://drive.google.com/file/d/1cyLL9rf0E0vw3B6-Y7_A4eIAYde8PVTA/view?usp=drive_link,,,,03.1816,RU_PROKHOROVO,Єгор'євський повіт / Рязанська губернія,Василь Іванович Семевський,,,,,
rec_445_r_5-1,,Ревізькі казки,r,5-а ревізія,,,https://drive.google.com/file/d/1qP95konni2WsR5AawxeoBdaUyugs-8M3/view?usp=drivesdk,,,,24.06.1795,RU_PROKHOROVO,Єгор'євський повіт / Рязанське намісництво,Микола Тимофійович Колтовський,,,,,
rec_445_r_5-2,,Ревізькі казки,r,5-а ревізія,,,https://drive.google.com/file/d/1HlO1Yg2TSsMA0EqEtrn9ho_l_1rXo7-L/view?usp=drivesdk,,,,24.06.1795,RU_PROKHOROVO,Єгор'євський повіт / Рязанське намісництво,Микола Тимофійович Колтовський,,,,,
rec_445_r_4,,Ревізькі казки,r,4-а ревізія,,,https://drive.google.com/file/d/1Q95P10vqus-lr25SgQnHMDtfdNWZEXXW/view?usp=drivesdk,,,,06.1782,RU_PROKHOROVO,Єгор'євський повіт / Рязанське намісництво,Михайло Олексійович Короб'їн; Олександр Олексійович Короб'їн;Петро Олексійович Короб'їн,,,,,
rec_446_r_6,,Ревізькі казки,r,6-а ревізія,,,https://drive.google.com/file/d/1C8ffOxHhBasiFM5uIPsxvoRH-GcIAmcQ/view?usp=drivesdk,,,,09.1811,RU_PROKHOROVO,Єгор'євський повіт / Рязанська губернія,Василь Іванович Семевський,,,,,
rec_446_r_5,,Ревізькі казки,r,5-а ревізія,,,https://drive.google.com/file/d/1p8ET0opuFzzyEByhUKTMZqTTaQdReiTX/view?usp=drivesdk,,,,24.06.1795,RU_PROKHOROVO,Єгор'євський повіт / Рязанське намісництво,Микола Тимофійович Колтовський,,,,,
rec_446_r_4,,Ревізькі казки,r,4-а ревізія,,,https://drive.google.com/file/d/1lJRzB1xZPQ-h91W7rfKz5lFP-56MtEpl/view?usp=drive_link,,,,06.1782,RU_PROKHOROVO,Єгор'євський повіт / Рязанське намісництво,Михайло Олексійович Короб'їн; Олександр Олексійович Короб'їн;Петро Олексійович Короб'їн,,,,,
rec_447_r_5-1,,Ревізькі казки,r,5-а ревізія,,,https://drive.google.com/file/d/1p8ET0opuFzzyEByhUKTMZqTTaQdReiTX/view?usp=drivesdk,,,,24.06.1795,RU_PROKHOROVO,Єгор'євський повіт / Рязанське намісництво,Микола Тимофійович Колтовський,,,,,
rec_447_r_5-2,,Ревізькі казки,r,5-а ревізія,,,https://drive.google.com/file/d/1Qjv6TaU4rd5LqZC49Q4UfLexX9FNf4yP/view?usp=drivesdk,,,,24.06.1795,RU_PROKHOROVO,Єгор'євський повіт / Рязанське намісництво,Микола Тимофійович Колтовський,,,,,
rec_447_r_4,,Ревізькі казки,r,4-а ревізія,,,https://drive.google.com/file/d/1T6fMs-Usvch-H__l0IeVc1djQ_poa7Sv/view?usp=drive_link,,,,06.1782,RU_PROKHOROVO,Єгор'євський повіт / Рязанське намісництво,Михайло Олексійович Короб'їн; Олександр Олексійович Короб'їн;Петро Олексійович Короб'їн,,,,,
rec_775_r_4,,Ревізькі казки,r,4-а ревізія,,,https://drive.google.com/file/d/1QJbeYv8HCWtIJJxgGV68Bseq9aDYSJe6/view?usp=drivesdk,,,,06.1782,RU_LELECHI,Єгор'євський повіт / Рязанське намісництво,Михайло Олексійович Короб'їн; Олександр Олексійович Короб'їн;Петро Олексійович Короб'їн,,,,,
rec_776_r_4,,Ревізькі казки,r,4-а ревізія,,,https://drive.google.com/file/d/1uOEpp8OIvFT2LBjmWjZFHWlquQKN8FOu/view?usp=drivesdk,,,,06.1782,RU_LELECHI,Єгор'євський повіт / Рязанське намісництво,Михайло Олексійович Короб'їн; Олександр Олексійович Короб'їн;Петро Олексійович Короб'їн,,,,,
rec_779_r_4,,Ревізькі казки,r,4-а ревізія,,,https://drive.google.com/file/d/1GE_PAmmHJI79WBNgo95OCw_Ku5k_0tSY/view?usp=drivesdk,,,,06.1782,RU_KHARINSKAYA,Єгор'євський повіт / Рязанське намісництво,Михайло Олексійович Короб'їн; Олександр Олексійович Короб'їн;Петро Олексійович Короб'їн,,,,,
rec_796_r_5,,Ревізькі казки,r,5-а ревізія,,,https://drive.google.com/file/d/1G5EZE7kuc1VQM0mbuohUXnPIHtNpReCE/view?usp=drive_link,,,,18.08.1795,RU_TIMOKHINO,Єгор'євський повіт / Рязанське намісництво,Єлизавета Петрівна Змієва;Микола Андрійович Змієв;Андрій Андрійович Змієв;Наталя Андріївна Змієва;Марія Андріївна Змієва;Олександра Андріївна Змієва,,,,,
rec_796_r_4,,Ревізькі казки,r,4-а ревізія,,,https://drive.google.com/file/d/14C7iYDlFbz1jIXyOMQzifKWBe9h38YGx/view?usp=drive_link,,,,16.06.1782,RU_TIMOKHINO,Єгор'євський повіт / Рязанське намісництво,Єлизавета Іванівна Голохвастова,,,,,
rec_797_r_4,,Ревізькі казки,r,4-а ревізія,,,https://drive.google.com/file/d/14C7iYDlFbz1jIXyOMQzifKWBe9h38YGx/view?usp=drive_link,,,,16.06.1782,RU_TIMOKHINO,Єгор'євський повіт / Рязанське намісництво,Єлизавета Іванівна Голохвастова,,,,,
rec_801_r_4,,Ревізькі казки,r,4-а ревізія,,,https://drive.google.com/file/d/1bXMkImrWKE1jDW5kqcJampVYRdXTQMWC/view?usp=drivesdk,,,,06.1782,RU_YANINO,Єгор'євський повіт / Рязанське намісництво,Михайло Олексійович Короб'їн; Олександр Олексійович Короб'їн;Петро Олексійович Короб'їн,,,,,
rec_808_r_5,,Ревізькі казки,r,5-а ревізія,,,https://drive.google.com/file/d/1OfWHv5wBPakrb9Z5xBvrp12ZU6FuG__z/view?usp=drivesdk,,,,24.06.1795,RU_LELECHI,Єгор'євський повіт / Рязанське намісництво,Микола Тимофійович Колтовський,,,,,
rec_808_r_4,,Ревізькі казки,r,4-а ревізія,,,https://drive.google.com/file/d/1bfWB2fEQzK1iEh7_7ATYGgaBNDdJWiE-/view?usp=drivesdk,,,,06.1782,RU_LELECHI,Єгор'євський повіт / Рязанське намісництво,Михайло Олексійович Короб'їн; Олександр Олексійович Короб'їн;Петро Олексійович Короб'їн,,,,,
rec_814_r_4,,Ревізькі казки,r,4-а ревізія,,,https://drive.google.com/file/d/1E_jgCvNQkqoDqyedMYjSKrHcaG-ghrFR/view?usp=drivesdk,,,,06.1782,RU_KHARINSKAYA,Єгор'євський повіт / Рязанське намісництво,Михайло Олексійович Короб'їн; Олександр Олексійович Короб'їн;Петро Олексійович Короб'їн,,,,,
rec_815_r_5,,Ревізькі казки,r,5-а ревізія,,,https://drive.google.com/file/d/1tzFqe8VFnAnrNQQVkf_6W0acTiLQZwif/view?usp=drive_link,,,,24.06.1795,RU_KHARINSKAYA,Єгор'євський повіт / Рязанське намісництво,Микола Тимофійович Колтовський,,,,,
rec_815_r_4,,Ревізькі казки,r,4-а ревізія,,,https://drive.google.com/file/d/1E_jgCvNQkqoDqyedMYjSKrHcaG-ghrFR/view?usp=drivesdk,,,,06.1782,RU_KHARINSKAYA,Єгор'євський повіт / Рязанське намісництво,Михайло Олексійович Короб'їн; Олександр Олексійович Короб'їн;Петро Олексійович Короб'їн,,,,,
rec_816_r_4,,Ревізькі казки,r,4-а ревізія,,,https://drive.google.com/file/d/1uWq9Mb7C-zRkYxqF4GvbNcJuDUwKyOh1/view?usp=drivesdk,,,,06.1782,RU_KHARINSKAYA,Єгор'євський повіт / Рязанське намісництво,Михайло Олексійович Короб'їн; Олександр Олексійович Короб'їн;Петро Олексійович Короб'їн,,,,,
rec_817_r_5,,Ревізькі казки,r,5-а ревізія,,,https://drive.google.com/file/d/11RrSCwgKT2xT5FNhiONqDQfFxqVnwrA0/view?usp=drivesdk,,,,24.06.1795,RU_KHARINSKAYA,Єгор'євський повіт / Рязанське намісництво,Микола Тимофійович Колтовський,,,,,
rec_817_r_4,,Ревізькі казки,r,4-а ревізія,,,https://drive.google.com/file/d/1z8VFyxuiE2H_1dmt2jmdu73NNj0_fpb7/view?usp=drivesdk,,,,06.1782,RU_KHARINSKAYA,Єгор'євський повіт / Рязанське намісництво,Михайло Олексійович Короб'їн; Олександр Олексійович Короб'їн;Петро Олексійович Короб'їн,,,,,
rec_820_r_5,,Ревізькі казки,r,5-а ревізія,,,https://drive.google.com/file/d/16gzCZmjIq7HZmOH7MWBO-SHNQs6-nhaM/view?usp=drive_link,,,,24.06.1795,RU_KHARINSKAYA,Єгор'євський повіт / Рязанське намісництво,Микола Тимофійович Колтовський,,,,,
rec_820_r_4,,Ревізькі казки,r,4-а ревізія,,,https://drive.google.com/file/d/1ZxbLeR7wTr4Vlz4Tkfl5Grlw93BAzvMa/view?usp=drivesdk,,,,06.1782,RU_KHARINSKAYA,Єгор'євський повіт / Рязанське намісництво,Михайло Олексійович Короб'їн; Олександр Олексійович Короб'їн;Петро Олексійович Короб'їн,,,,,
rec_821_r_5,,Ревізькі казки,r,5-а ревізія,,,https://drive.google.com/file/d/16gzCZmjIq7HZmOH7MWBO-SHNQs6-nhaM/view?usp=drive_link,,,,24.06.1795,RU_KHARINSKAYA,Єгор'євський повіт / Рязанське намісництво,Микола Тимофійович Колтовський,,,,,
rec_821_r_4,,Ревізькі казки,r,4-а ревізія,,,https://drive.google.com/file/d/1ZxbLeR7wTr4Vlz4Tkfl5Grlw93BAzvMa/view?usp=drivesdk,,,,06.1782,RU_KHARINSKAYA,Єгор'євський повіт / Рязанське намісництво,Михайло Олексійович Короб'їн; Олександр Олексійович Короб'їн;Петро Олексійович Короб'їн,,,,,
rec_822_r_4,,Ревізькі казки,r,4-а ревізія,,,https://drive.google.com/file/d/1C6WpnSQ6HF27zvmg67DP64K9e5W1XHJd/view?usp=drivesdk,,,,06.1782,RU_TOMILINO,Єгор'євський повіт / Рязанське намісництво,Михайло Олексійович Короб'їн; Олександр Олексійович Короб'їн;Петро Олексійович Короб'їн,,,,,
rec_825_r_4,,Ревізькі казки,r,4-а ревізія,,,https://drive.google.com/file/d/1bfWB2fEQzK1iEh7_7ATYGgaBNDdJWiE-/view?usp=drivesdk,,,,06.1782,RU_LELECHI,Єгор'євський повіт / Рязанське намісництво,Михайло Олексійович Короб'їн; Олександр Олексійович Короб'їн;Петро Олексійович Короб'їн,,,,,
rec_830_r_5,,Ревізькі казки,r,5-а ревізія,,,https://drive.google.com/file/d/15LvQ2XY2j5a7M6jWckt8th-IoBk-fEuf/view?usp=drivesdk,,,,24.06.1795,RU_YANINO,Єгор'євський повіт / Рязанське намісництво,Микола Тимофійович Колтовський,,,,,
rec_830_r_4,,Ревізькі казки,r,4-а ревізія,,,https://drive.google.com/file/d/11cwtGzkO7dyK3IU3hR-mf7NwIFaLWdKK/view?usp=drivesdk,,,,06.1782,RU_YANINO,Єгор'євський повіт / Рязанське намісництво,Михайло Олексійович Короб'їн; Олександр Олексійович Короб'їн;Петро Олексійович Короб'їн,,,,,
rec_831_r_5,,Ревізькі казки,r,5-а ревізія,,,https://drive.google.com/file/d/1lQbiojycIOm9sVYSEhdpuhUMTdVbNPf3/view?usp=drivesdk,,,,24.06.1795,RU_YANINO,Єгор'євський повіт / Рязанське намісництво,Микола Тимофійович Колтовський,,,,,
rec_831_r_4,,Ревізькі казки,r,4-а ревізія,,,https://drive.google.com/file/d/11cwtGzkO7dyK3IU3hR-mf7NwIFaLWdKK/view?usp=drivesdk,,,,06.1782,RU_YANINO,Єгор'євський повіт / Рязанське намісництво,Михайло Олексійович Короб'їн; Олександр Олексійович Короб'їн;Петро Олексійович Короб'їн,,,,,
rec_837_r_5,,Ревізькі казки,r,5-а ревізія,,,https://drive.google.com/file/d/1yyTFOYu_T2uNkWRSyBdwdIvU7aZDKn3-/view?usp=drivesdk,,,,24.06.1795,RU_YANINO,Єгор'євський повіт / Рязанське намісництво,Микола Тимофійович Колтовський,,,,,
rec_837_r_4,,Ревізькі казки,r,4-а ревізія,,,https://drive.google.com/file/d/1bXMkImrWKE1jDW5kqcJampVYRdXTQMWC/view?usp=drivesdk,,,,06.1782,RU_YANINO,Єгор'євський повіт / Рязанське намісництво,Михайло Олексійович Короб'їн; Олександр Олексійович Короб'їн;Петро Олексійович Короб'їн,,,,,
rec_838_r_6,,Ревізькі казки,r,6-а ревізія,,,https://drive.google.com/file/d/1VtkJG5WzrDYCQfMkuWIoVky98p-54NbI/view?usp=drivesdk,,,,09.1811,RU_PROKHOROVO,Єгор'євський повіт / Рязанська губернія,Василь Іванович Семевський,,,,,
rec_838_r_5,,Ревізькі казки,r,5-а ревізія,,,https://drive.google.com/file/d/1kivBkSbABCY-pXDxiZNOmZOWyuiKW3yD/view?usp=drivesdk,,,,24.06.1795,RU_PROKHOROVO,Єгор'євський повіт / Рязанське намісництво,Микола Тимофійович Колтовський,,,,,
rec_838_r_4,,Ревізькі казки,r,4-а ревізія,,,https://drive.google.com/file/d/1g3IE5uz-2FYwvZ4xfvEuzDiSQflXU5Oh/view?usp=drivesdk,,,,06.1782,RU_PROKHOROVO,Єгор'євський повіт / Рязанське намісництво,Михайло Олексійович Короб'їн; Олександр Олексійович Короб'їн;Петро Олексійович Короб'їн,,,,,
rec_839_r_5,,Ревізькі казки,r,5-а ревізія,,,https://drive.google.com/file/d/1kivBkSbABCY-pXDxiZNOmZOWyuiKW3yD/view?usp=drivesdk,,,,24.06.1795,RU_PROKHOROVO,Єгор'євський повіт / Рязанське намісництво,Микола Тимофійович Колтовський,,,,,
rec_839_r_4,,Ревізькі казки,r,4-а ревізія,,,https://drive.google.com/file/d/1g3IE5uz-2FYwvZ4xfvEuzDiSQflXU5Oh/view?usp=drivesdk,,,,06.1782,RU_PROKHOROVO,Єгор'євський повіт / Рязанське намісництво,Михайло Олексійович Короб'їн; Олександр Олексійович Короб'їн;Петро Олексійович Короб'їн,,,,,
rec_851_r_4,,Ревізькі казки,r,4-а ревізія,,,https://drive.google.com/file/d/1JsKisk9qK84bi8KbMUqYnTibzjAut0ft/view?usp=drivesdk,,,,06.1782,RU_LELECHI,Єгор'євський повіт / Рязанське намісництво,Михайло Олексійович Короб'їн; Олександр Олексійович Короб'їн;Петро Олексійович Короб'їн,,,,,
rec_852_r_4,,Ревізькі казки,r,4-а ревізія,,,https://drive.google.com/file/d/1ZxbLeR7wTr4Vlz4Tkfl5Grlw93BAzvMa/view?usp=drivesdk,,,,06.1782,RU_KHARINSKAYA,Єгор'євський повіт / Рязанське намісництво,Михайло Олексійович Короб'їн; Олександр Олексійович Короб'їн;Петро Олексійович Короб'їн,,,,,
rec_853_r_4,,Ревізькі казки,r,4-а ревізія,,,https://drive.google.com/file/d/1ZxbLeR7wTr4Vlz4Tkfl5Grlw93BAzvMa/view?usp=drivesdk,,,,06.1782,RU_KHARINSKAYA,Єгор'євський повіт / Рязанське намісництво,Михайло Олексійович Короб'їн; Олександр Олексійович Короб'їн;Петро Олексійович Короб'їн,,,,,
rec_854_r_4,,Ревізькі казки,r,4-а ревізія,,,https://drive.google.com/file/d/1_fkFvCL76KpI5LAntd50TB7UiTfZgL1v/view?usp=drivesdk,,,,06.1782,RU_LELECHI,Єгор'євський повіт / Рязанське намісництво,Михайло Олексійович Короб'їн; Олександр Олексійович Короб'їн;Петро Олексійович Короб'їн,,,,,
rec_855_r_5,,Ревізькі казки,r,5-а ревізія,,,https://drive.google.com/file/d/1pPvMCfzRM3vIN6O3VUcHY77Hx-ZoANpm/view?usp=drivesdk,,,,24.06.1795,RU_LELECHI,Єгор'євський повіт / Рязанське намісництво,Микола Тимофійович Колтовський,,,,,
rec_855_r_4-1,,Ревізькі казки,r,4-а ревізія,,,https://drive.google.com/file/d/1JsKisk9qK84bi8KbMUqYnTibzjAut0ft/view?usp=drivesdk,,,,06.1782,RU_LELECHI,Єгор'євський повіт / Рязанське намісництво,Михайло Олексійович Короб'їн; Олександр Олексійович Короб'їн;Петро Олексійович Короб'їн,,,,,
rec_855_r_4-2,,Ревізькі казки,r,4-а ревізія,,,https://drive.google.com/file/d/1_fkFvCL76KpI5LAntd50TB7UiTfZgL1v/view?usp=drivesdk,,,,06.1782,RU_LELECHI,Єгор'євський повіт / Рязанське намісництво,Михайло Олексійович Короб'їн; Олександр Олексійович Короб'їн;Петро Олексійович Короб'їн,,,,,
rec_860_r_4,,Ревізькі казки,r,4-а ревізія,,,https://drive.google.com/file/d/1Ywy-swkrsChLl8f6GBG1pd3qs0-P1Ill/view?usp=drive_link,,,,05.1782,RU_NASHATYRKINO,Рязанський повіт / Рязанське намісництво,Михайло Олексійович Короб'їн; Олександр Олексійович Короб'їн;Петро Олексійович Короб'їн,,,,,
rec_861_r_5,,Ревізькі казки,r,5-а ревізія,,,https://drive.google.com/file/d/1OzeVwqAwhoXUSEEVOR95TYHpwYTQXMrv/view?usp=drive_link,,,,21.12.1795,RU_NASHATYRKINO,Рязанський повіт / Рязанське намісництво,Петро Олексійович Короб'їн,,,,,
rec_861_r_4,,Ревізькі казки,r,4-а ревізія,,,https://drive.google.com/file/d/1Ywy-swkrsChLl8f6GBG1pd3qs0-P1Ill/view?usp=drive_link,,,,05.1782,RU_NASHATYRKINO,Рязанський повіт / Рязанське намісництво,Михайло Олексійович Короб'їн; Олександр Олексійович Короб'їн;Петро Олексійович Короб'їн,,,,,
rec_862_r_5,,Ревізькі казки,r,5-а ревізія,,,https://drive.google.com/file/d/1Uf-q7pMv2-NiStZiCmhX2gs_NJHwV9ZD/view?usp=drive_link,,,,21.12.1795,RU_NASHATYRKINO,Рязанський повіт / Рязанське намісництво,Петро Олексійович Короб'їн,,,,,
rec_862_r_4-1,,Ревізькі казки,r,4-а ревізія,,,https://drive.google.com/file/d/1CT3yhwu27Io0wquQfAfK6FfSPQQdqoqn/view?usp=drive_link,,,,05.1782,RU_NASHATYRKINO,Рязанський повіт / Рязанське намісництво,Михайло Олексійович Короб'їн; Олександр Олексійович Короб'їн;Петро Олексійович Короб'їн,,,,,
rec_862_r_4-2,,Ревізькі казки,r,4-а ревізія,,,https://drive.google.com/file/d/1ARNj3CfIKNu9CAYH37GOfqvp-xp3zgkj/view?usp=drive_link,,,,05.1782,RU_NASHATYRKINO,Рязанський повіт / Рязанське намісництво,Михайло Олексійович Короб'їн; Олександр Олексійович Короб'їн;Петро Олексійович Короб'їн,,,,,
rec_863_r_4-1,,Ревізькі казки,r,4-а ревізія,,,https://drive.google.com/file/d/1CT3yhwu27Io0wquQfAfK6FfSPQQdqoqn/view?usp=drive_link,,,,05.1782,RU_NASHATYRKINO,Рязанський повіт / Рязанське намісництво,Михайло Олексійович Короб'їн; Олександр Олексійович Короб'їн;Петро Олексійович Короб'їн,,,,,
rec_863_r_4-2,,Ревізькі казки,r,4-а ревізія,,,https://drive.google.com/file/d/1ARNj3CfIKNu9CAYH37GOfqvp-xp3zgkj/view?usp=drive_link,,,,05.1782,RU_NASHATYRKINO,Рязанський повіт / Рязанське намісництво,Михайло Олексійович Короб'їн; Олександр Олексійович Короб'їн;Петро Олексійович Короб'їн,,,,,
rec_864_r_7,,Ревізькі казки,r,7-а ревізія,,,https://drive.google.com/file/d/1BuuPpuzNrhyE8qxzTT2TfonkQ4OQB9tg/view?usp=drivesdk,,,,03.1816,RU_YURINSKAYA,Єгор'євський повіт / Рязанська губернія,Василь Іванович Семевський,,,,,
rec_864_r_6,,Ревізькі казки,r,6-а ревізія,,,https://drive.google.com/file/d/1eiwYK9gcMxS8n2ptJb1CKhzjorWctRaP/view?usp=drivesdk,,,,09.1811,RU_YURINSKAYA,Єгор'євський повіт / Рязанська губернія,Василь Іванович Семевський,,,,,
rec_864_r_5,,Ревізькі казки,r,5-а ревізія,,,https://drive.google.com/file/d/1xfMznr87jGJ7NphdWx7dUW-ZIcUIDqdh/view?usp=drivesdk,,,,24.06.1795,RU_YURINSKAYA,Єгор'євський повіт / Рязанське намісництво,Микола Тимофійович Колтовський,,,,,
rec_864_r_4,,Ревізькі казки,r,4-а ревізія,,,https://drive.google.com/file/d/1C6WpnSQ6HF27zvmg67DP64K9e5W1XHJd/view?usp=drivesdk,,,,06.1782,RU_TOMILINO,Єгор'євський повіт / Рязанське намісництво,Михайло Олексійович Короб'їн; Олександр Олексійович Короб'їн;Петро Олексійович Короб'їн,,,,,
rec_865_r_5,,Ревізькі казки,r,5-а ревізія,,,https://drive.google.com/file/d/1xfMznr87jGJ7NphdWx7dUW-ZIcUIDqdh/view?usp=drivesdk,,,,24.06.1795,RU_YURINSKAYA,Єгор'євський повіт / Рязанське намісництво,Микола Тимофійович Колтовський,,,,,
rec_865_r_4,,Ревізькі казки,r,4-а ревізія,,,https://drive.google.com/file/d/1C6WpnSQ6HF27zvmg67DP64K9e5W1XHJd/view?usp=drivesdk,,,,06.1782,RU_TOMILINO,Єгор'євський повіт / Рязанське намісництво,Михайло Олексійович Короб'їн; Олександр Олексійович Короб'їн;Петро Олексійович Короб'їн,,,,,
rec_866_r_6,,Ревізькі казки,r,6-а ревізія,,,https://drive.google.com/file/d/1C8ffOxHhBasiFM5uIPsxvoRH-GcIAmcQ/view?usp=drivesdk,,,,09.1811,RU_PROKHOROVO,Єгор'євський повіт / Рязанська губернія,Василь Іванович Семевський,,,,,
rec_866_r_5,,Ревізькі казки,r,5-а ревізія,,,https://drive.google.com/file/d/1p8ET0opuFzzyEByhUKTMZqTTaQdReiTX/view?usp=drivesdk,,,,24.06.1795,RU_PROKHOROVO,Єгор'євський повіт / Рязанське намісництво,Микола Тимофійович Колтовський,,,,,
rec_866_r_4-1,,Ревізькі казки,r,4-а ревізія,,,https://drive.google.com/file/d/1_fkFvCL76KpI5LAntd50TB7UiTfZgL1v/view?usp=drivesdk,,,,06.1782,RU_KHARINSKAYA,Єгор'євський повіт / Рязанське намісництво,Михайло Олексійович Короб'їн; Олександр Олексійович Короб'їн;Петро Олексійович Короб'їн,,,,,
rec_866_r_4-2,,Ревізькі казки,r,4-а ревізія,,,https://drive.google.com/file/d/1lJRzB1xZPQ-h91W7rfKz5lFP-56MtEpl/view?usp=drivesdk,,,,06.1782,RU_PROKHOROVO,Єгор'євський повіт / Рязанське намісництво,Михайло Олексійович Короб'їн; Олександр Олексійович Короб'їн;Петро Олексійович Короб'їн,,,,,
rec_867_r_5,,Ревізькі казки,r,5-а ревізія,,,https://drive.google.com/file/d/1p8ET0opuFzzyEByhUKTMZqTTaQdReiTX/view?usp=drivesdk,,,,24.06.1795,RU_PROKHOROVO,Єгор'євський повіт / Рязанське намісництво,Микола Тимофійович Колтовський,,,,,
rec_867_r_4-1,,Ревізькі казки,r,4-а ревізія,,,https://drive.google.com/file/d/1lJRzB1xZPQ-h91W7rfKz5lFP-56MtEpl/view?usp=drivesdk,,,,06.1782,RU_PROKHOROVO,Єгор'євський повіт / Рязанське намісництво,Михайло Олексійович Короб'їн; Олександр Олексійович Короб'їн;Петро Олексійович Короб'їн,,,,,
rec_867_r_4-2,,Ревізькі казки,r,4-а ревізія,,,https://drive.google.com/file/d/1gdS-oQwSMZ8w87rzdofmrAv-7XL44rq4/view?usp=drivesdk,,,,06.1782,RU_PROKHOROVO,Єгор'євський повіт / Рязанське намісництво,Михайло Олексійович Короб'їн; Олександр Олексійович Короб'їн;Петро Олексійович Короб'їн,,,,,
rec_868_r_6,,Ревізькі казки,r,6-а ревізія,,,https://drive.google.com/file/d/12k0_N8H4LoXfAkOTmENeZ9rGshMSSZxk/view?usp=drivesdk,,,,09.1811,RU_KHARINSKAYA,Єгор'євський повіт / Рязанська губернія,Василь Іванович Семевський,,,,,
rec_868_r_5,,Ревізькі казки,r,5-а ревізія,,,https://drive.google.com/file/d/11RrSCwgKT2xT5FNhiONqDQfFxqVnwrA0/view?usp=drivesdk,,,,24.06.1795,RU_KHARINSKAYA,Єгор'євський повіт / Рязанське намісництво,Микола Тимофійович Колтовський,,,,,
rec_868_r_4,,Ревізькі казки,r,4-а ревізія,,,https://drive.google.com/file/d/1z8VFyxuiE2H_1dmt2jmdu73NNj0_fpb7/view?usp=drivesdk,,,,06.1782,RU_KHARINSKAYA,Єгор'євський повіт / Рязанське намісництво,Михайло Олексійович Короб'їн; Олександр Олексійович Короб'їн;Петро Олексійович Короб'їн,,,,,
rec_869_r_5,,Ревізькі казки,r,5-а ревізія,,,https://drive.google.com/file/d/11RrSCwgKT2xT5FNhiONqDQfFxqVnwrA0/view?usp=drivesdk,,,,24.06.1795,RU_KHARINSKAYA,Єгор'євський повіт / Рязанське намісництво,Микола Тимофійович Колтовський,,,,,
rec_869_r_4,,Ревізькі казки,r,4-а ревізія,,,https://drive.google.com/file/d/1GmpN5LIDMVfzT009Yq6u-hY665oGR-vd/view?usp=drivesdk,,,,06.1782,RU_KHARINSKAYA,Єгор'євський повіт / Рязанське намісництво,Михайло Олексійович Короб'їн; Олександр Олексійович Короб'їн;Петро Олексійович Короб'їн,,,,,
rec_870_r_6,,Ревізькі казки,r,6-а ревізія,,,https://drive.google.com/file/d/1gcHgD6hJXsyJJra9n1fQmI0sDNEO1kUo/view?usp=drivesdk,,,,09.1811,RU_LELECHI,Єгор'євський повіт / Рязанська губернія,Василь Іванович Семевський,,,,,
rec_870_r_5,,Ревізькі казки,r,5-а ревізія,,,https://drive.google.com/file/d/13h8mwv5WfQMkHtFucQZXyIpZZFgj5qyC/view?usp=drivesdk,,,,24.06.1795,RU_LELECHI,Єгор'євський повіт / Рязанське намісництво,Микола Тимофійович Колтовський,,,,,
rec_870_r_4,,Ревізькі казки,r,4-а ревізія,,,https://drive.google.com/file/d/1JsKisk9qK84bi8KbMUqYnTibzjAut0ft/view?usp=drivesdk,,,,06.1782,RU_LELECHI,Єгор'євський повіт / Рязанське намісництво,Михайло Олексійович Короб'їн; Олександр Олексійович Короб'їн;Петро Олексійович Короб'їн,,,,,
rec_871_r_5,,Ревізькі казки,r,5-а ревізія,,,https://drive.google.com/file/d/13h8mwv5WfQMkHtFucQZXyIpZZFgj5qyC/view?usp=drivesdk,,,,24.06.1795,RU_LELECHI,Єгор'євський повіт / Рязанське намісництво,Микола Тимофійович Колтовський,,,,,
rec_871_r_4,,Ревізькі казки,r,4-а ревізія,,,https://drive.google.com/file/d/1JsKisk9qK84bi8KbMUqYnTibzjAut0ft/view?usp=drivesdk,,,,06.1782,RU_LELECHI,Єгор'євський повіт / Рязанське намісництво,Михайло Олексійович Короб'їн; Олександр Олексійович Короб'їн;Петро Олексійович Короб'їн,,,,,
rec_872_r_4,,Ревізькі казки,r,4-а ревізія,,,https://drive.google.com/file/d/1PBCw--UQdjMSasrBL7vwol6VTNr1egoS/view?usp=drivesdk,,,,06.1782,RU_YANINO,Єгор'євський повіт / Рязанське намісництво,Михайло Олексійович Короб'їн; Олександр Олексійович Короб'їн;Петро Олексійович Короб'їн,,,,,
rec_874_r_6,,Ревізькі казки,r,6-а ревізія,,,https://drive.google.com/file/d/1VtkJG5WzrDYCQfMkuWIoVky98p-54NbI/view?usp=drivesdk,,,,09.1811,RU_PROKHOROVO,Єгор'євський повіт / Рязанська губернія,Василь Іванович Семевський,,,,,
rec_874_r_5,,Ревізькі казки,r,5-а ревізія,,,https://drive.google.com/file/d/1kivBkSbABCY-pXDxiZNOmZOWyuiKW3yD/view?usp=drivesdk,,,,24.06.1795,RU_PROKHOROVO,Єгор'євський повіт / Рязанське намісництво,Микола Тимофійович Колтовський,,,,,
rec_874_r_4,,Ревізькі казки,r,4-а ревізія,,,https://drive.google.com/file/d/1g3IE5uz-2FYwvZ4xfvEuzDiSQflXU5Oh/view?usp=drivesdk,,,,06.1782,RU_PROKHOROVO,Єгор'євський повіт / Рязанське намісництво,Михайло Олексійович Короб'їн; Олександр Олексійович Короб'їн;Петро Олексійович Короб'їн,,,,,
rec_875_r_5,,Ревізькі казки,r,5-а ревізія,,,https://drive.google.com/file/d/1Qjv6TaU4rd5LqZC49Q4UfLexX9FNf4yP/view?usp=drivesdk,,,,24.06.1795,RU_PROKHOROVO,Єгор'євський повіт / Рязанське намісництво,Микола Тимофійович Колтовський,,,,,
rec_875_r_4,,Ревізькі казки,r,4-а ревізія,,,https://drive.google.com/file/d/1g3IE5uz-2FYwvZ4xfvEuzDiSQflXU5Oh/view?usp=drivesdk,,,,06.1782,RU_PROKHOROVO,Єгор'євський повіт / Рязанське намісництво,Михайло Олексійович Короб'їн; Олександр Олексійович Короб'їн;Петро Олексійович Короб'їн,,,,,
rec_876_r_5,,Ревізькі казки,r,5-а ревізія,,,https://drive.google.com/file/d/1lx6eQGgbws54CnXZyv1znQp0Vw9iWrJJ/view?usp=drivesdk,,,,24.06.1795,RU_YURINSKAYA,Єгор'євський повіт / Рязанське намісництво,Микола Тимофійович Колтовський,,,,,
rec_876_r_4,,Ревізькі казки,r,4-а ревізія,,,https://drive.google.com/file/d/16poIeJzd18T2hmexU5FwLwR1gSfaP-DL/view?usp=drivesdk,,,,06.1782,RU_YURINSKAYA,Єгор'євський повіт / Рязанське намісництво,Михайло Олексійович Короб'їн; Олександр Олексійович Короб'їн;Петро Олексійович Короб'їн,,,,,
rec_877_r_5,,Ревізькі казки,r,5-а ревізія,,,https://drive.google.com/file/d/1lx6eQGgbws54CnXZyv1znQp0Vw9iWrJJ/view?usp=drivesdk,,,,24.06.1795,RU_YURINSKAYA,Єгор'євський повіт / Рязанське намісництво,Микола Тимофійович Колтовський,,,,,
rec_877_r_4,,Ревізькі казки,r,4-а ревізія,,,https://drive.google.com/file/d/16poIeJzd18T2hmexU5FwLwR1gSfaP-DL/view?usp=drivesdk,,,,06.1782,RU_YURINSKAYA,Єгор'євський повіт / Рязанське намісництво,Михайло Олексійович Короб'їн; Олександр Олексійович Короб'їн;Петро Олексійович Короб'їн,,,,,
rec_878_r_4,,Ревізькі казки,r,4-а ревізія,,,https://drive.google.com/file/d/1GmpN5LIDMVfzT009Yq6u-hY665oGR-vd/view?usp=drivesdk,,,,06.1782,RU_LELECHI,Єгор'євський повіт / Рязанське намісництво,Михайло Олексійович Короб'їн; Олександр Олексійович Короб'їн;Петро Олексійович Короб'їн,,,,,
rec_879_r_5,,Ревізькі казки,r,5-а ревізія,,,https://drive.google.com/file/d/1tcfrS8cKMf0OMEpOL7okwl2A-U7nMLsx/view?usp=drivesdk,,,,24.06.1795,RU_LELECHI,Єгор'євський повіт / Рязанське намісництво,Микола Тимофійович Колтовський,,,,,
rec_879_r_4,,Ревізькі казки,r,4-а ревізія,,,https://drive.google.com/file/d/1GmpN5LIDMVfzT009Yq6u-hY665oGR-vd/view?usp=drivesdk,,,,06.1782,RU_LELECHI,Єгор'євський повіт / Рязанське намісництво,Михайло Олексійович Короб'їн; Олександр Олексійович Короб'їн;Петро Олексійович Короб'їн,,,,,
rec_880_r_4,,Ревізькі казки,r,4-а ревізія,,,https://drive.google.com/file/d/1uOEpp8OIvFT2LBjmWjZFHWlquQKN8FOu/view?usp=drivesdk,,,,06.1782,RU_LELECHI,Єгор'євський повіт / Рязанське намісництво,Михайло Олексійович Короб'їн; Олександр Олексійович Короб'їн;Петро Олексійович Короб'їн,,,,,
rec_881_r_5,,Ревізькі казки,r,5-а ревізія,,,https://drive.google.com/file/d/1H7NbavafQlLtXju2MTEG8px--2_TSfgo/view?usp=drive_link,,,,24.06.1795,RU_LELECHI,Єгор'євський повіт / Рязанське намісництво,Микола Тимофійович Колтовський,,,,,
rec_881_r_4,,Ревізькі казки,r,4-а ревізія,,,https://drive.google.com/file/d/1uOEpp8OIvFT2LBjmWjZFHWlquQKN8FOu/view?usp=drivesdk,,,,06.1782,RU_LELECHI,Єгор'євський повіт / Рязанське намісництво,Михайло Олексійович Короб'їн; Олександр Олексійович Короб'їн;Петро Олексійович Короб'їн,,,,,
rec_882_r_4,,Ревізькі казки,r,4-а ревізія,,,https://drive.google.com/file/d/1xlQUU5TEgtMASKv_bo3nNfgmYAzJnqBl/view?usp=drivesdk,,,,06.1782,RU_KHARINSKAYA,Єгор'євський повіт / Рязанське намісництво,Михайло Олексійович Короб'їн; Олександр Олексійович Короб'їн;Петро Олексійович Короб'їн,,,,,
rec_883_r_5,,Ревізькі казки,r,5-а ревізія,,,https://drive.google.com/file/d/1hJftBBQvo2CH0LplYdkJqipxzEmWRreo/view?usp=drive_link,,,,24.06.1795,RU_KHARINSKAYA,Єгор'євський повіт / Рязанське намісництво,Микола Тимофійович Колтовський,,,,,
rec_883_r_4,,Ревізькі казки,r,4-а ревізія,,,https://drive.google.com/file/d/1xlQUU5TEgtMASKv_bo3nNfgmYAzJnqBl/view?usp=drivesdk,,,,06.1782,RU_KHARINSKAYA,Єгор'євський повіт / Рязанське намісництво,Михайло Олексійович Короб'їн; Олександр Олексійович Короб'їн;Петро Олексійович Короб'їн,,,,,
rec_884_r_5,,Ревізькі казки,r,5-а ревізія,,,https://drive.google.com/file/d/1jPeJz9PW2TllMiCxIkQu-rgxlrj847TN/view?usp=drive_link,,,,24.05.1795,RU_GRIDINSKAYA,Єгор'євський повіт / Рязанське намісництво,Параскева Григорівна В'яземська,,,,,
rec_884_r_4,,Ревізькі казки,r,4-а ревізія,,,https://drive.google.com/file/d/14xblOSoZH4ab58Xzy75LRe49qR3D48lu/view?usp=drive_link,,,,29.06.1782,RU_GRIDINSKAYA,Єгор'євський повіт / Рязанське намісництво,Параскева Григорівна В'яземська,,,,,
rec_885_r_5,,Ревізькі казки,r,5-а ревізія,,,https://drive.google.com/file/d/1jPeJz9PW2TllMiCxIkQu-rgxlrj847TN/view?usp=drive_link,,,,24.05.1795,RU_GRIDINSKAYA,Єгор'євський повіт / Рязанське намісництво,Параскева Григорівна В'яземська,,,,,
rec_885_r_4,,Ревізькі казки,r,4-а ревізія,,,https://drive.google.com/file/d/14xblOSoZH4ab58Xzy75LRe49qR3D48lu/view?usp=drive_link,,,,29.06.1782,RU_GRIDINSKAYA,Єгор'євський повіт / Рязанське намісництво,Параскева Григорівна В'яземська,,,,,
rec_886_r_4,,Ревізькі казки,r,4-а ревізія,,,https://drive.google.com/file/d/1Oy6gRxwuhRaOypUrQg14N0OLDdQ9zrLF/view?usp=drive_link,,,,29.06.1782,RU_GRIDINSKAYA,Єгор'євський повіт / Рязанське намісництво,Параскева Григорівна В'яземська,,,,,
rec_887_r_5,,Ревізькі казки,r,5-а ревізія,,,https://drive.google.com/file/d/1MzycNMMOM9WUADlpxVdLyw2tk9tfY-gl/view?usp=drive_link,,,,24.05.1795,RU_GRIDINSKAYA,Єгор'євський повіт / Рязанське намісництво,Параскева Григорівна В'яземська,,,,,
rec_887_r_4,,Ревізькі казки,r,4-а ревізія,,,https://drive.google.com/file/d/1Oy6gRxwuhRaOypUrQg14N0OLDdQ9zrLF/view?usp=drive_link,,,,29.06.1782,RU_GRIDINSKAYA,Єгор'євський повіт / Рязанське намісництво,Параскева Григорівна В'яземська,,,,,
rec_888_r_8,,Ревізькі казки,r,8-а ревізія,,,https://drive.google.com/file/d/1CA-k8INZNMELPYCYvRSWwoGE0vFo_TD1/view?usp=drivesdk,,,,09.04.1834,RU_PROKHOROVO,Єгор'євський повіт / Рязанська губернія,Анна Григорівна Єрмолова,,,,,
rec_888_r_7,,Ревізькі казки,r,7-а ревізія,,,https://drive.google.com/file/d/1cyLL9rf0E0vw3B6-Y7_A4eIAYde8PVTA/view?usp=drivesdk,,,,03.1816,RU_PROKHOROVO,Єгор'євський повіт / Рязанська губернія,Василь Іванович Семевський,,,,,
rec_888_r_6,,Ревізькі казки,r,6-а ревізія,,,https://drive.google.com/file/d/1VtkJG5WzrDYCQfMkuWIoVky98p-54NbI/view?usp=drivesdk,,,,09.1811,RU_PROKHOROVO,Єгор'євський повіт / Рязанська губернія,Василь Іванович Семевський,,,,,
rec_888_r_5,,Ревізькі казки,r,5-а ревізія,,,https://drive.google.com/file/d/1qP95konni2WsR5AawxeoBdaUyugs-8M3/view?usp=drivesdk,,,,24.06.1795,RU_PROKHOROVO,Єгор'євський повіт / Рязанське намісництво,Микола Тимофійович Колтовський,,,,,
rec_888_r_4,,Ревізькі казки,r,4-а ревізія,,,https://drive.google.com/file/d/1T6fMs-Usvch-H__l0IeVc1djQ_poa7Sv/view?usp=drive_link,,,,06.1782,RU_PROKHOROVO,Єгор'євський повіт / Рязанське намісництво,Михайло Олексійович Короб'їн; Олександр Олексійович Короб'їн;Петро Олексійович Короб'їн,,,,,
rec_889_r_5,,Ревізькі казки,r,5-а ревізія,,,https://drive.google.com/file/d/1qP95konni2WsR5AawxeoBdaUyugs-8M3/view?usp=drivesdk,,,,24.06.1795,RU_PROKHOROVO,Єгор'євський повіт / Рязанське намісництво,Микола Тимофійович Колтовський,,,,,
rec_889_r_4-1,,Ревізькі казки,r,4-а ревізія,,,https://drive.google.com/file/d/1z8VFyxuiE2H_1dmt2jmdu73NNj0_fpb7/view?usp=drivesdk,,,,06.1782,RU_KHARINSKAYA,Єгор'євський повіт / Рязанське намісництво,Михайло Олексійович Короб'їн; Олександр Олексійович Короб'їн;Петро Олексійович Короб'їн,,,,,
rec_889_r_4-2,,Ревізькі казки,r,4-а ревізія,,,https://drive.google.com/file/d/1T6fMs-Usvch-H__l0IeVc1djQ_poa7Sv/view?usp=drive_link,,,,06.1782,RU_PROKHOROVO,Єгор'євський повіт / Рязанське намісництво,Михайло Олексійович Короб'їн; Олександр Олексійович Короб'їн;Петро Олексійович Короб'їн,,,,,
rec_890_r_6,,Ревізькі казки,r,6-а ревізія,,,https://drive.google.com/file/d/1aO2li-A1nTqAkM448FEgVPiEWehS6YJ9/view?usp=drive_link,,,,09.1811,RU_YURINSKAYA,Єгор'євський повіт / Рязанська губернія,Василь Іванович Семевський,,,,,
rec_890_r_5,,Ревізькі казки,r,5-а ревізія,,,https://drive.google.com/file/d/1wbQm6bqRkpyO5-PVBjPJ-eV-vok45-9r/view?usp=drivesdk,,,,24.06.1795,RU_YURINSKAYA,Єгор'євський повіт / Рязанське намісництво,Микола Тимофійович Колтовський,,,,,
rec_890_r_4-1,,Ревізькі казки,r,4-а ревізія,,,https://drive.google.com/file/d/1hvLGThPs71zBQSfLeeHzZkdreTFjPxng/view?usp=drivesdk,,,,06.1782,RU_YURINSKAYA,Єгор'євський повіт / Рязанське намісництво,Михайло Олексійович Короб'їн; Олександр Олексійович Короб'їн;Петро Олексійович Короб'їн,,,,,
rec_890_r_4-2,,Ревізькі казки,r,4-а ревізія,,,https://drive.google.com/file/d/1Q95P10vqus-lr25SgQnHMDtfdNWZEXXW/view?usp=drivesdk,,,,06.1782,RU_PROKHOROVO,Єгор'євський повіт / Рязанське намісництво,Михайло Олексійович Короб'їн; Олександр Олексійович Короб'їн;Петро Олексійович Короб'їн,,,,,
rec_891_r_5,,Ревізькі казки,r,5-а ревізія,,,https://drive.google.com/file/d/1wbQm6bqRkpyO5-PVBjPJ-eV-vok45-9r/view?usp=drivesdk,,,,24.06.1795,RU_YURINSKAYA,Єгор'євський повіт / Рязанське намісництво,Микола Тимофійович Колтовський,,,,,
rec_891_r_4-1,,Ревізькі казки,r,4-а ревізія,,,https://drive.google.com/file/d/1Q95P10vqus-lr25SgQnHMDtfdNWZEXXW/view?usp=drivesdk,,,,06.1782,RU_PROKHOROVO,Єгор'євський повіт / Рязанське намісництво,Михайло Олексійович Короб'їн; Олександр Олексійович Короб'їн;Петро Олексійович Короб'їн,,,,,
rec_891_r_4-2,,Ревізькі казки,r,4-а ревізія,,,https://drive.google.com/file/d/1a04udeIdZKxw9WoTOl5VSioEcK7E5cEK/view?usp=drivesdk,,,,06.1782,RU_YURINSKAYA,Єгор'євський повіт / Рязанське намісництво,Михайло Олексійович Короб'їн; Олександр Олексійович Короб'їн;Петро Олексійович Короб'їн,,,,,
rec_892_r_8,,Ревізькі казки,r,8-а ревізія,,,https://drive.google.com/file/d/13zGyjtP5yxRGc79JPlb9L89g7iJDeNaG/view?usp=drivesdk,,,,09.04.1834,RU_PROKHOROVO,Єгор'євський повіт / Рязанська губернія,Анна Григорівна Єрмолова,,,,,
rec_892_r_7,,Ревізькі казки,r,7-а ревізія,,,https://drive.google.com/file/d/1h49afTT_rh3i5BUeG6mamdbqNQ0j0okv/view?usp=drivesdk,,,,03.1816,RU_PROKHOROVO,Єгор'євський повіт / Рязанська губернія,Василь Іванович Семевський,,,,,
rec_892_r_6,,Ревізькі казки,r,6-а ревізія,,,https://drive.google.com/file/d/1C8ffOxHhBasiFM5uIPsxvoRH-GcIAmcQ/view?usp=drivesdk,,,,09.1811,RU_PROKHOROVO,Єгор'євський повіт / Рязанська губернія,Василь Іванович Семевський,,,,,
rec_892_r_5,,Ревізькі казки,r,5-а ревізія,,,https://drive.google.com/file/d/1p8ET0opuFzzyEByhUKTMZqTTaQdReiTX/view?usp=drivesdk,,,,24.06.1795,RU_PROKHOROVO,Єгор'євський повіт / Рязанське намісництво,Микола Тимофійович Колтовський,,,,,
rec_892_r_4,,Ревізькі казки,r,4-а ревізія,,,https://drive.google.com/file/d/1NW9Cpk15_cB6OPdwWHHPMkQlxsSzRQx7/view?usp=drivesdk,,,,06.1782,RU_YANINO,Єгор'євський повіт / Рязанське намісництво,Михайло Олексійович Короб'їн; Олександр Олексійович Короб'їн;Петро Олексійович Короб'їн,,,,,
rec_893_r_5,,Ревізькі казки,r,5-а ревізія,,,https://drive.google.com/file/d/1p8ET0opuFzzyEByhUKTMZqTTaQdReiTX/view?usp=drivesdk,,,,24.06.1795,RU_PROKHOROVO,Єгор'євський повіт / Рязанське намісництво,Микола Тимофійович Колтовський,,,,,
rec_893_r_4,,Ревізькі казки,r,4-а ревізія,,,https://drive.google.com/file/d/1a04udeIdZKxw9WoTOl5VSioEcK7E5cEK/view?usp=drivesdk,,,,06.1782,RU_YURINSKAYA,Єгор'євський повіт / Рязанське намісництво,Михайло Олексійович Короб'їн; Олександр Олексійович Короб'їн;Петро Олексійович Короб'їн,,,,,
rec_894_r_8,,Ревізькі казки,r,8-а ревізія,,,https://drive.google.com/file/d/1arCvkHz4D0BKKtIRRcF28VVvWFRTfBHz/view?usp=drivesdk,,,,09.04.1834,RU_KHARINSKAYA,Єгор'євський повіт / Рязанська губернія,Анна Григорівна Єрмолова,,,,,
rec_894_r_7-1,,Ревізькі казки,r,7-а ревізія,,,https://drive.google.com/file/d/1bUR36rUb7MunwamqkF-ihSeK4aUa1LGv/view?usp=drive_link,,,,03.1816,RU_KHARINSKAYA,Єгор'євський повіт / Рязанська губернія,Василь Іванович Семевський,,,,,
rec_894_r_7-2,,Ревізькі казки,r,7-а ревізія,,,https://drive.google.com/file/d/1ajC-dP0Wx2O-rVwWjEIZJbfOMvtFnQFo/view?usp=drive_link,,,,03.1816,RU_KHARINSKAYA,Єгор'євський повіт / Рязанська губернія,Василь Іванович Семевський,,,,,
rec_894_r_6,,Ревізькі казки,r,6-а ревізія,,,https://drive.google.com/file/d/1VtkJG5WzrDYCQfMkuWIoVky98p-54NbI/view?usp=drivesdk,,,,09.1811,RU_PROKHOROVO,Єгор'євський повіт / Рязанська губернія,Василь Іванович Семевський,,,,,
rec_894_r_5,,Ревізькі казки,r,5-а ревізія,,,https://drive.google.com/file/d/1Qjv6TaU4rd5LqZC49Q4UfLexX9FNf4yP/view?usp=drivesdk,,,,24.06.1795,RU_PROKHOROVO,Єгор'євський повіт / Рязанське намісництво,Микола Тимофійович Колтовський,,,,,
rec_894_r_4,,Ревізькі казки,r,4-а ревізія,,,https://drive.google.com/file/d/1T6fMs-Usvch-H__l0IeVc1djQ_poa7Sv/view?usp=drive_link,,,,06.1782,RU_PROKHOROVO,Єгор'євський повіт / Рязанське намісництво,Михайло Олексійович Короб'їн; Олександр Олексійович Короб'їн;Петро Олексійович Короб'їн,,,,,
rec_895_r_5,,Ревізькі казки,r,5-а ревізія,,,https://drive.google.com/file/d/1Qjv6TaU4rd5LqZC49Q4UfLexX9FNf4yP/view?usp=drivesdk,,,,24.06.1795,RU_PROKHOROVO,Єгор'євський повіт / Рязанське намісництво,Микола Тимофійович Колтовський,,,,,
rec_895_r_4-1,,Ревізькі казки,r,4-а ревізія,,,https://drive.google.com/file/d/1PBCw--UQdjMSasrBL7vwol6VTNr1egoS/view?usp=drivesdk,,,,06.1782,RU_YANINO,Єгор'євський повіт / Рязанське намісництво,Михайло Олексійович Короб'їн; Олександр Олексійович Короб'їн;Петро Олексійович Короб'їн,,,,,
rec_895_r_4-2,,Ревізькі казки,r,4-а ревізія,,,https://drive.google.com/file/d/1T6fMs-Usvch-H__l0IeVc1djQ_poa7Sv/view?usp=drive_link,,,,06.1782,RU_PROKHOROVO,Єгор'євський повіт / Рязанське намісництво,Михайло Олексійович Короб'їн; Олександр Олексійович Короб'їн;Петро Олексійович Короб'їн,,,,,
rec_1660_r_4,,Ревізькі казки,r,4-а ревізія,,,https://drive.google.com/file/d/11cwtGzkO7dyK3IU3hR-mf7NwIFaLWdKK/view?usp=drivesdk,,,,06.1782,RU_YANINO,Єгор'євський повіт / Рязанське намісництво,Михайло Олексійович Короб'їн; Олександр Олексійович Короб'їн;Петро Олексійович Короб'їн,,,,,
rec_1676_r_4,,Ревізькі казки,r,4-а ревізія,,,https://drive.google.com/file/d/1g3IE5uz-2FYwvZ4xfvEuzDiSQflXU5Oh/view?usp=drivesdk,,,,06.1782,RU_PROKHOROVO,Єгор'євський повіт / Рязанське намісництво,Михайло Олексійович Короб'їн; Олександр Олексійович Короб'їн;Петро Олексійович Короб'їн,,,,,
rec_1677_r_4,,Ревізькі казки,r,4-а ревізія,,,https://drive.google.com/file/d/1g3IE5uz-2FYwvZ4xfvEuzDiSQflXU5Oh/view?usp=drivesdk,,,,06.1782,RU_PROKHOROVO,Єгор'євський повіт / Рязанське намісництво,Михайло Олексійович Короб'їн; Олександр Олексійович Короб'їн;Петро Олексійович Короб'їн,,,,,
rec_1711_r_4,,Ревізькі казки,r,4-а ревізія,,,https://drive.google.com/file/d/1QJbeYv8HCWtIJJxgGV68Bseq9aDYSJe6/view?usp=drivesdk,,,,06.1782,RU_LELECHI,Єгор'євський повіт / Рязанське намісництво,Михайло Олексійович Короб'їн; Олександр Олексійович Короб'їн;Петро Олексійович Короб'їн,,,,,
rec_1729_r_4,,Ревізькі казки,r,4-а ревізія,,,https://drive.google.com/file/d/1C6WpnSQ6HF27zvmg67DP64K9e5W1XHJd/view?usp=drivesdk,,,,06.1782,RU_TOMILINO,Єгор'євський повіт / Рязанське намісництво,Михайло Олексійович Короб'їн; Олександр Олексійович Короб'їн;Петро Олексійович Короб'їн,,,,,
rec_1732_r_4,,Ревізькі казки,r,4-а ревізія,,,https://drive.google.com/file/d/1xlQUU5TEgtMASKv_bo3nNfgmYAzJnqBl/view?usp=drivesdk,,,,06.1782,RU_KHARINSKAYA,Єгор'євський повіт / Рязанське намісництво,Михайло Олексійович Короб'їн; Олександр Олексійович Короб'їн;Петро Олексійович Короб'їн,,,,,
rec_1733_r_5,,Ревізькі казки,r,5-а ревізія,,,https://drive.google.com/file/d/1p8ET0opuFzzyEByhUKTMZqTTaQdReiTX/view?usp=drivesdk,,,,24.06.1795,RU_PROKHOROVO,Єгор'євський повіт / Рязанське намісництво,Микола Тимофійович Колтовський,,,,,
rec_1733_r_4-1,,Ревізькі казки,r,4-а ревізія,,,https://drive.google.com/file/d/1xlQUU5TEgtMASKv_bo3nNfgmYAzJnqBl/view?usp=drivesdk,,,,06.1782,RU_KHARINSKAYA,Єгор'євський повіт / Рязанське намісництво,Михайло Олексійович Короб'їн; Олександр Олексійович Короб'їн;Петро Олексійович Короб'їн,,,,,
rec_1733_r_4-2,,Ревізькі казки,r,4-а ревізія,,,https://drive.google.com/file/d/1lJRzB1xZPQ-h91W7rfKz5lFP-56MtEpl/view?usp=drivesdk,,,,06.1782,RU_PROKHOROVO,Єгор'євський повіт / Рязанське намісництво,Михайло Олексійович Короб'їн; Олександр Олексійович Короб'їн;Петро Олексійович Короб'їн,,,,,
rec_1734_r_4,,Ревізькі казки,r,4-а ревізія,,,https://drive.google.com/file/d/1gdS-oQwSMZ8w87rzdofmrAv-7XL44rq4/view?usp=drivesdk,,,,06.1782,RU_PROKHOROVO,Єгор'євський повіт / Рязанське намісництво,Михайло Олексійович Короб'їн; Олександр Олексійович Короб'їн;Петро Олексійович Короб'їн,,,,,
rec_1735_r_5,,Ревізькі казки,r,5-а ревізія,,,https://drive.google.com/file/d/1kivBkSbABCY-pXDxiZNOmZOWyuiKW3yD/view?usp=drivesdk,,,,24.06.1795,RU_PROKHOROVO,Єгор'євський повіт / Рязанське намісництво,Микола Тимофійович Колтовський,,,,,
rec_1735_r_4,,Ревізькі казки,r,4-а ревізія,,,https://drive.google.com/file/d/1gdS-oQwSMZ8w87rzdofmrAv-7XL44rq4/view?usp=drivesdk,,,,06.1782,RU_PROKHOROVO,Єгор'євський повіт / Рязанське намісництво,Михайло Олексійович Короб'їн; Олександр Олексійович Короб'їн;Петро Олексійович Короб'їн,,,,,
rec_1737_r_5,,Ревізькі казки,r,5-а ревізія,,,https://drive.google.com/file/d/11RrSCwgKT2xT5FNhiONqDQfFxqVnwrA0/view?usp=drivesdk,,,,24.06.1795,RU_KHARINSKAYA,Єгор'євський повіт / Рязанське намісництво,Микола Тимофійович Колтовський,,,,,
rec_1737_r_4,,Ревізькі казки,r,4-а ревізія,,,https://drive.google.com/file/d/1z8VFyxuiE2H_1dmt2jmdu73NNj0_fpb7/view?usp=drivesdk,,,,06.1782,RU_KHARINSKAYA,Єгор'євський повіт / Рязанське намісництво,Михайло Олексійович Короб'їн; Олександр Олексійович Короб'їн;Петро Олексійович Короб'їн,,,,,
rec_1738_r_5,,Ревізькі казки,r,5-а ревізія,,,https://drive.google.com/file/d/11oWPPL0GR9kiqP-jLVrpqU0IXOId7yL6/view?usp=drivesdk,,,,24.06.1795,RU_KHARINSKAYA,Єгор'євський повіт / Рязанське намісництво,Микола Тимофійович Колтовський,,,,,
rec_1738_r_4,,Ревізькі казки,r,4-а ревізія,,,https://drive.google.com/file/d/1GE_PAmmHJI79WBNgo95OCw_Ku5k_0tSY/view?usp=drivesdk,,,,06.1782,RU_KHARINSKAYA,Єгор'євський повіт / Рязанське намісництво,Михайло Олексійович Короб'їн; Олександр Олексійович Короб'їн;Петро Олексійович Короб'їн,,,,,
rec_1739_r_5,,Ревізькі казки,r,5-а ревізія,,,https://drive.google.com/file/d/11oWPPL0GR9kiqP-jLVrpqU0IXOId7yL6/view?usp=drivesdk,,,,24.06.1795,RU_KHARINSKAYA,Єгор'євський повіт / Рязанське намісництво,Микола Тимофійович Колтовський,,,,,
rec_1739_r_4,,Ревізькі казки,r,4-а ревізія,,,https://drive.google.com/file/d/1_InwJUAzJy1GbGNkOKEhH9dUY3pKeKPb/view?usp=drivesdk,,,,06.1782,RU_KHARINSKAYA,Єгор'євський повіт / Рязанське намісництво,Михайло Олексійович Короб'їн; Олександр Олексійович Короб'їн;Петро Олексійович Короб'їн,,,,,
rec_1743_r_4,,Ревізькі казки,r,4-а ревізія,,,https://drive.google.com/file/d/1g0S4XF7btjp2eKu4JqeITHzLdWyg65ZI/view?usp=drivesdk,,,,06.1782,RU_YANINO,Єгор'євський повіт / Рязанське намісництво,Михайло Олексійович Короб'їн; Олександр Олексійович Короб'їн;Петро Олексійович Короб'їн,,,,,
rec_1764_r_4,,Ревізькі казки,r,4-а ревізія,,,https://drive.google.com/file/d/1_InwJUAzJy1GbGNkOKEhH9dUY3pKeKPb/view?usp=drivesdk,,,,06.1782,RU_KHARINSKAYA,Єгор'євський повіт / Рязанське намісництво,Михайло Олексійович Короб'їн; Олександр Олексійович Короб'їн;Петро Олексійович Короб'їн,,,,,
rec_1766_r_4,,Ревізькі казки,r,4-а ревізія,,,https://drive.google.com/file/d/1uWq9Mb7C-zRkYxqF4GvbNcJuDUwKyOh1/view?usp=drivesdk,,,,06.1782,RU_KHARINSKAYA,Єгор'євський повіт / Рязанське намісництво,Михайло Олексійович Короб'їн; Олександр Олексійович Короб'їн;Петро Олексійович Короб'їн,,,,,
rec_1776_r_4,,Ревізькі казки,r,4-а ревізія,,,https://drive.google.com/file/d/1T6fMs-Usvch-H__l0IeVc1djQ_poa7Sv/view?usp=drive_link,,,,06.1782,RU_PROKHOROVO,Єгор'євський повіт / Рязанське намісництво,Михайло Олексійович Короб'їн; Олександр Олексійович Короб'їн;Петро Олексійович Короб'їн,,,,,
rec_1777_r_5,,Ревізькі казки,r,5-а ревізія,,,https://drive.google.com/file/d/1Qjv6TaU4rd5LqZC49Q4UfLexX9FNf4yP/view?usp=drivesdk,,,,24.06.1795,RU_PROKHOROVO,Єгор'євський повіт / Рязанське намісництво,Микола Тимофійович Колтовський,,,,,
rec_1777_r_4,,Ревізькі казки,r,4-а ревізія,,,https://drive.google.com/file/d/1T6fMs-Usvch-H__l0IeVc1djQ_poa7Sv/view?usp=drive_link,,,,06.1782,RU_PROKHOROVO,Єгор'євський повіт / Рязанське намісництво,Михайло Олексійович Короб'їн; Олександр Олексійович Короб'їн;Петро Олексійович Короб'їн,,,,,
rec_1778_r_4,,Ревізькі казки,r,4-а ревізія,,,https://drive.google.com/file/d/1uWq9Mb7C-zRkYxqF4GvbNcJuDUwKyOh1/view?usp=drivesdk,,,,06.1782,RU_KHARINSKAYA,Єгор'євський повіт / Рязанське намісництво,Михайло Олексійович Короб'їн; Олександр Олексійович Короб'їн;Петро Олексійович Короб'їн,,,,,
rec_1779_r_5,,Ревізькі казки,r,5-а ревізія,,,https://drive.google.com/file/d/1hHc-kw9XUGabeTt2U2Ag3yAtxJNFN3Us/view?usp=drive_link,,,,24.06.1795,RU_KHARINSKAYA,Єгор'євський повіт / Рязанське намісництво,Микола Тимофійович Колтовський,,,,,
rec_1779_r_4,,Ревізькі казки,r,4-а ревізія,,,https://drive.google.com/file/d/1uWq9Mb7C-zRkYxqF4GvbNcJuDUwKyOh1/view?usp=drivesdk,,,,06.1782,RU_KHARINSKAYA,Єгор'євський повіт / Рязанське намісництво,Михайло Олексійович Короб'їн; Олександр Олексійович Короб'їн;Петро Олексійович Короб'їн,,,,,
rec_1780_r_5,,Ревізькі казки,r,5-а ревізія,,,https://drive.google.com/file/d/1wbQm6bqRkpyO5-PVBjPJ-eV-vok45-9r/view?usp=drivesdk,,,,24.06.1795,RU_YURINSKAYA,Єгор'євський повіт / Рязанське намісництво,Микола Тимофійович Колтовський,,,,,
rec_1780_r_4-1,,Ревізькі казки,r,4-а ревізія,,,https://drive.google.com/file/d/1hvLGThPs71zBQSfLeeHzZkdreTFjPxng/view?usp=drivesdk,,,,06.1782,RU_YURINSKAYA,Єгор'євський повіт / Рязанське намісництво,Михайло Олексійович Короб'їн; Олександр Олексійович Короб'їн;Петро Олексійович Короб'їн,,,,,
rec_1780_r_4-2,,Ревізькі казки,r,4-а ревізія,,,https://drive.google.com/file/d/1Q95P10vqus-lr25SgQnHMDtfdNWZEXXW/view?usp=drivesdk,,,,06.1782,RU_PROKHOROVO,Єгор'євський повіт / Рязанське намісництво,Михайло Олексійович Короб'їн; Олександр Олексійович Короб'їн;Петро Олексійович Короб'їн,,,,,
rec_1781_r_4,,Ревізькі казки,r,4-а ревізія,,,https://drive.google.com/file/d/1hvLGThPs71zBQSfLeeHzZkdreTFjPxng/view?usp=drivesdk,,,,06.1782,RU_YURINSKAYA,Єгор'євський повіт / Рязанське намісництво,Михайло Олексійович Короб'їн; Олександр Олексійович Короб'їн;Петро Олексійович Короб'їн,,,,,
rec_1784_r_4,,Ревізькі казки,r,4-а ревізія,,,https://drive.google.com/file/d/1NW9Cpk15_cB6OPdwWHHPMkQlxsSzRQx7/view?usp=drivesdk,,,,06.1782,RU_YANINO,Єгор'євський повіт / Рязанське намісництво,Михайло Олексійович Короб'їн; Олександр Олексійович Короб'їн;Петро Олексійович Короб'їн,,,,,
rec_1785_r_4,,Ревізькі казки,r,4-а ревізія,,,https://drive.google.com/file/d/1NW9Cpk15_cB6OPdwWHHPMkQlxsSzRQx7/view?usp=drivesdk,,,,06.1782,RU_YANINO,Єгор'євський повіт / Рязанське намісництво,Михайло Олексійович Короб'їн; Олександр Олексійович Короб'їн;Петро Олексійович Короб'їн,,,,,
rec_1787_r_4,,Ревізькі казки,r,4-а ревізія,,,https://drive.google.com/file/d/1a04udeIdZKxw9WoTOl5VSioEcK7E5cEK/view?usp=drivesdk,,,,06.1782,RU_YURINSKAYA,Єгор'євський повіт / Рязанське намісництво,Михайло Олексійович Короб'їн; Олександр Олексійович Короб'їн;Петро Олексійович Короб'їн,,,,,
rec_1790_r_5,,Ревізькі казки,r,5-а ревізія,,,https://drive.google.com/file/d/1TEICezh-XjyTsyx-xfco2TeSck2g_2OJ/view?usp=drivesdk,,,,24.06.1795,RU_YANINO,Єгор'євський повіт / Рязанське намісництво,Микола Тимофійович Колтовський,,,,,
rec_1790_r_4,,Ревізькі казки,r,4-а ревізія,,,https://drive.google.com/file/d/1PBCw--UQdjMSasrBL7vwol6VTNr1egoS/view?usp=drivesdk,,,,06.1782,RU_YANINO,Єгор'євський повіт / Рязанське намісництво,Михайло Олексійович Короб'їн; Олександр Олексійович Короб'їн;Петро Олексійович Короб'їн,,,,,
rec_1791_r_5,,Ревізькі казки,r,5-а ревізія,,,https://drive.google.com/file/d/1TEICezh-XjyTsyx-xfco2TeSck2g_2OJ/view?usp=drivesdk,,,,24.06.1795,RU_YANINO,Єгор'євський повіт / Рязанське намісництво,Микола Тимофійович Колтовський,,,,,
rec_1791_r_4,,Ревізькі казки,r,4-а ревізія,,,https://drive.google.com/file/d/1PBCw--UQdjMSasrBL7vwol6VTNr1egoS/view?usp=drivesdk,,,,06.1782,RU_YANINO,Єгор'євський повіт / Рязанське намісництво,Михайло Олексійович Короб'їн; Олександр Олексійович Короб'їн;Петро Олексійович Короб'їн,,,,,
rec_3468_r_4,,Ревізькі казки,r,4-а ревізія,,,https://drive.google.com/file/d/1gdS-oQwSMZ8w87rzdofmrAv-7XL44rq4/view?usp=drivesdk,,,,06.1782,RU_PROKHOROVO,Єгор'євський повіт / Рязанське намісництво,Михайло Олексійович Короб'їн; Олександр Олексійович Короб'їн;Петро Олексійович Короб'їн,,,,,
rec_3469_r_4,,Ревізькі казки,r,4-а ревізія,,,https://drive.google.com/file/d/1gdS-oQwSMZ8w87rzdofmrAv-7XL44rq4/view?usp=drivesdk,,,,06.1782,RU_PROKHOROVO,Єгор'євський повіт / Рязанське намісництво,Михайло Олексійович Короб'їн; Олександр Олексійович Короб'їн;Петро Олексійович Короб'їн,,,,,
rec_3560_r_4,,Ревізькі казки,r,4-а ревізія,,,https://drive.google.com/file/d/1hvLGThPs71zBQSfLeeHzZkdreTFjPxng/view?usp=drivesdk,,,,06.1782,RU_YURINSKAYA,Єгор'євський повіт / Рязанське намісництво,Михайло Олексійович Короб'їн; Олександр Олексійович Короб'їн;Петро Олексійович Короб'їн,,,,,
rec_3561_r_4,,Ревізькі казки,r,4-а ревізія,,,https://drive.google.com/file/d/1hvLGThPs71zBQSfLeeHzZkdreTFjPxng/view?usp=drivesdk,,,,06.1782,RU_YURINSKAYA,Єгор'євський повіт / Рязанське намісництво,Михайло Олексійович Короб'їн; Олександр Олексійович Короб'їн;Петро Олексійович Короб'їн,,,,,
rec_3580_r_4,,Ревізькі казки,r,4-а ревізія,,,https://drive.google.com/file/d/1PBCw--UQdjMSasrBL7vwol6VTNr1egoS/view?usp=drivesdk,,,,06.1782,RU_YANINO,Єгор'євський повіт / Рязанське намісництво,Михайло Олексійович Короб'їн; Олександр Олексійович Короб'їн;Петро Олексійович Короб'їн,,,,,
rec_16_r_9,,Ревізькі казки,r,9-а ревізія,,,https://drive.google.com/file/d/1Vpgt_bWipou5u3aLPkEaLrndGvUopwet/view?usp=drivesdk,,https://www.familysearch.org/ark:/61903/3:1:3QS7-L9M3-HKJ6?i=538&wc=M6MK-7WL%3A224254401%2C226324801%2C226811401&cc=1929530&lang=en&groupId=1929530,,25.09.1850,RU_GAVRILKOVO,Вишньоволоцький повіт / Тверська губернія,Єлизавета Федорівна Гречишникова,,,,,
rec_16_r_10,,Ревізькі казки,r,10-а ревізія,,,https://drive.google.com/file/d/1rfpQ1iQ9FL6hOGdqJRGap9A6px8oZmSz/view?usp=drivesdk,,https://www.familysearch.org/ark:/61903/3:1:33S7-L115-BT7?i=29&wc=M6MK-8Z9%3A224254401%2C226324801%2C226949301&cc=1929530&lang=en&groupId=1929530,,10.01.1858,RU_GAVRILKOVO,Вишньоволоцький повіт / Тверська губернія,Єлизавета Федорівна Гречишникова,,,,,
rec_17_r_9,,Ревізькі казки,r,9-а ревізія,,,https://drive.google.com/file/d/12zCj_cOHWOuMfdQHRj913uV7_JQeYEt6/view?usp=drivesdk,,https://www.familysearch.org/ark:/61903/3:1:3QS7-L9M3-HK39?i=537&wc=M6MK-7WL%3A224254401%2C226324801%2C226811401&cc=1929530&lang=en&groupId=1929530,,25.09.1850,RU_GAVRILKOVO,Вишньоволоцький повіт / Тверська губернія,Єлизавета Федорівна Гречишникова,,,,,
rec_17_r_10,,Ревізькі казки,r,10-а ревізія,,,https://drive.google.com/file/d/1rfpQ1iQ9FL6hOGdqJRGap9A6px8oZmSz/view?usp=drivesdk,,https://www.familysearch.org/ark:/61903/3:1:33S7-L115-BT7?i=29&wc=M6MK-8Z9%3A224254401%2C226324801%2C226949301&cc=1929530&lang=en&groupId=1929530,,10.01.1858,RU_GAVRILKOVO,Вишньоволоцький повіт / Тверська губернія,Єлизавета Федорівна Гречишникова,,,,,
rec_18_r_9,,Ревізькі казки,r,9-а ревізія,,,https://drive.google.com/file/d/1ft1yJJfjhlan2P_y02bM28FCefE7beZI/view?usp=drivesdk,,https://www.familysearch.org/ark:/61903/3:1:3QS7-89M3-KXBH?i=432&wc=M6MK-QP8%3A224254401%2C226324801%2C226823801&cc=1929530&lang=en&groupId=1929530,,14.10.1850,RU_KOZLOVO_S,Вишньоволоцький повіт / Тверська губернія,Капітоліна Іванівна Максимова,,,,,
rec_18_r_10,,Ревізькі казки,r,10-а ревізія,,,https://drive.google.com/file/d/1q5JrAlJNfP8hMGA7SZIQfJx0-IX4KTxR/view?usp=drivesdk,,https://www.familysearch.org/ark:/61903/3:1:33S7-L11Y-LSC?i=398&wc=M6MK-HNL%3A224254401%2C226324801%2C226925601&cc=1929530&lang=en&groupId=1929530,,15.04.1858,RU_KOZLOVO_S,Вишньоволоцький повіт / Тверська губернія,Агей Силович Максимов,,,,,
rec_19_r_9,,Ревізькі казки,r,9-а ревізія,,,https://drive.google.com/file/d/16w4NdAYuj1ROQkf3UC_44Wd1FPP9ATjH/view?usp=drivesdk,,https://www.familysearch.org/ark:/61903/3:1:3QS7-89M3-KX5B?i=454&wc=M6MK-QP8%3A224254401%2C226324801%2C226823801&cc=1929530&lang=en&groupId=1929530,,14.10.1850,RU_BOLSHOE_PLOSKOE,Вишньоволоцький повіт / Тверська губернія,Капітоліна Іванівна Максимова,,,,,
rec_19_r_10,,Ревізькі казки,r,10-а ревізія,,,https://drive.google.com/file/d/1GWqBIYbpW7D5vUMHJkULRl5HZ76E8NI8/view?usp=drivesdk,,https://www.familysearch.org/ark:/61903/3:1:33S7-811Y-LRZ?i=423&wc=M6MK-HNL%3A224254401%2C226324801%2C226925601&cc=1929530&lang=en&groupId=1929530,,15.04.1858,RU_BOLSHOE_PLOSKOE,Вишньоволоцький повіт / Тверська губернія,Агей Силович Максимов,,,,,
rec_20_r_10,,Ревізькі казки,r,10-а ревізія,,,https://drive.google.com/file/d/1ln9PgMdo9YZzC5Y30QZ4cqeejbhXsATC/view?usp=drivesdk,,https://www.familysearch.org/ark:/61903/3:1:33S7-L11Y-Z22?i=732&wc=M6MK-X68%3A224254401%2C226324801%2C227030001&cc=1929530&lang=en&groupId=1929530,,20.03.1858,RU_DOMOSLAVL,Цирибушевське сільське товариство / Ясеновська волость / Вишньоволоцький повіт / Тверська губернія,⁠Міністерство державного майна Російської імперії,,,,,
rec_21_r_10,,Ревізькі казки,r,10-а ревізія,,,https://drive.google.com/file/d/14cRHfMkGwT-AinHxPCVX7GhKMdFTzxWX/view?usp=drivesdk,,https://www.familysearch.org/ark:/61903/3:1:33S7-L11Y-78P?i=49&wc=M6MK-F68%3A224254401%2C226324801%2C227054601&cc=1929530&lang=en&groupId=1929530,,30.04.1858,RU_KOZLOVO_D,Осеченський сільський приказ / Вишньоволоцький повіт / Тверська губернія,Удільне відомство,,,,,
rec_22_r_10,,Ревізькі казки,r,10-а ревізія,,,https://drive.google.com/file/d/1jp80-GlR8obBquUQF9-6uzI9Cw4aAnVP/view?usp=drivesdk,,https://www.familysearch.org/ark:/61903/3:1:33S7-811Y-7C6?i=56&wc=M6MK-F68%3A224254401%2C226324801%2C227054601&cc=1929530&lang=en&groupId=1929530,,30.04.1858,RU_ZYBUNOVO,Осеченський сільський приказ / Вишньоволоцький повіт / Тверська губернія,Удільне відомство,,,,,
rec_32_r_6,,Ревізькі казки,r,6-а ревізія,,,https://drive.google.com/file/d/1XQGEqNSa3FT_Q9hHIHMNQfximUW_at1P/view?usp=drivesdk,,https://www.familysearch.org/ark:/61903/3:1:3QS7-L9MM-X93Y-5?i=539&cc=1929530&cat=1985631&lang=en&groupId=1929530,,09.1811,RU_GAVRILKOVO,Вишньоволоцький повіт / Тверська губернія,Євдокія Йосипівна Стогова;Євграф Федорович Стогов;Єлизавета Федорівна Стогова,,,,,
rec_32_r_7,,Ревізькі казки,r,7-а ревізія,,,https://drive.google.com/file/d/1xtz4jqmC66jTi_CA_t8GDHiQXXRKRLLD/view?usp=drivesdk,,https://www.familysearch.org/ark:/61903/3:1:3QS7-89M3-1SF6?i=41&wc=M6MV-B38%3A224254401%2C226324801%2C226605901&cc=1929530&lang=en&groupId=1929530,,06.1816,RU_GAVRILKOVO,Вишньоволоцький повіт / Тверська губернія,Євдокія Йосипівна Стогова;Євграф Федорович Стогов;Єлизавета Федорівна Стогова,,,,,
rec_32_r_8,,Ревізькі казки,r,8-а ревізія,,,https://drive.google.com/file/d/1j9yb4U9pkFwgejWIrDvofENvx1_c4VmB/view?usp=drivesdk,,https://www.familysearch.org/ark:/61903/3:1:3QS7-89M3-4QBY?i=404&wc=M6MV-B68%3A224254401%2C226324801%2C226662401&cc=1929530&lang=en&groupId=1929530,,23.03.1834,RU_GAVRILKOVO,Вишньоволоцький повіт / Тверська губернія,Єлизавета Федорівна Стогова,,,,,
rec_32_r_9,,Ревізькі казки,r,9-а ревізія,,,https://drive.google.com/file/d/1Vpgt_bWipou5u3aLPkEaLrndGvUopwet/view?usp=drivesdk,,https://www.familysearch.org/ark:/61903/3:1:3QS7-L9M3-HKJ6?i=538&wc=M6MK-7WL%3A224254401%2C226324801%2C226811401&cc=1929530&lang=en&groupId=1929530,,25.09.1850,RU_GAVRILKOVO,Вишньоволоцький повіт / Тверська губернія,Єлизавета Федорівна Гречишникова,,,,,
rec_32_r_10,,Ревізькі казки,r,10-а ревізія,,,https://drive.google.com/file/d/1rfpQ1iQ9FL6hOGdqJRGap9A6px8oZmSz/view?usp=drivesdk,,https://www.familysearch.org/ark:/61903/3:1:33S7-L115-BT7?i=29&wc=M6MK-8Z9%3A224254401%2C226324801%2C226949301&cc=1929530&lang=en&groupId=1929530,,10.01.1858,RU_GAVRILKOVO,Вишньоволоцький повіт / Тверська губернія,Єлизавета Федорівна Гречишникова,,,,,
rec_33_r_7,,Ревізькі казки,r,7-а ревізія,,,https://drive.google.com/file/d/1lxod6QRzRXW48tKsToMFrBkIICDYyTAR/view?usp=drivesdk,,https://www.familysearch.org/ark:/61903/3:1:3QS7-L9M3-1S6S?i=38&wc=M6MV-B38%3A224254401%2C226324801%2C226605901&cc=1929530&lang=en&groupId=1929530,,06.1816,RU_DVORISHCHE,Вишньоволоцький повіт / Тверська губернія,Євдокія Йосипівна Стогова;Євграф Федорович Стогов;Єлизавета Федорівна Стогова,,,,,
rec_33_r_8,,Ревізькі казки,r,8-а ревізія,,,https://drive.google.com/file/d/1j9yb4U9pkFwgejWIrDvofENvx1_c4VmB/view?usp=drivesdk,,https://www.familysearch.org/ark:/61903/3:1:3QS7-89M3-4QBY?i=404&wc=M6MV-B68%3A224254401%2C226324801%2C226662401&cc=1929530&lang=en&groupId=1929530,,23.03.1834,RU_GAVRILKOVO,Вишньоволоцький повіт / Тверська губернія,Єлизавета Федорівна Стогова,,,,,
rec_33_r_9,,Ревізькі казки,r,9-а ревізія,,,https://drive.google.com/file/d/1Vpgt_bWipou5u3aLPkEaLrndGvUopwet/view?usp=drivesdk,,https://www.familysearch.org/ark:/61903/3:1:3QS7-L9M3-HKJ6?i=538&wc=M6MK-7WL%3A224254401%2C226324801%2C226811401&cc=1929530&lang=en&groupId=1929530,,25.09.1850,RU_GAVRILKOVO,Вишньоволоцький повіт / Тверська губернія,Єлизавета Федорівна Гречишникова,,,,,
rec_33_r_10,,Ревізькі казки,r,10-а ревізія,,,https://drive.google.com/file/d/1rfpQ1iQ9FL6hOGdqJRGap9A6px8oZmSz/view?usp=drivesdk,,https://www.familysearch.org/ark:/61903/3:1:33S7-L115-BT7?i=29&wc=M6MK-8Z9%3A224254401%2C226324801%2C226949301&cc=1929530&lang=en&groupId=1929530,,10.01.1858,RU_GAVRILKOVO,Вишньоволоцький повіт / Тверська губернія,Єлизавета Федорівна Гречишникова,,,,,
rec_34_r_8,,Ревізькі казки,r,8-а ревізія,,,https://drive.google.com/file/d/1wWf2hYtBu4M-X-fmoOJPNl2RLocducDD/view?usp=drivesdk,,https://www.familysearch.org/ark:/61903/3:1:3QSQ-G9M3-47Z1?i=403&wc=M6MV-B68%3A224254401%2C226324801%2C226662401&cc=1929530&lang=en&groupId=1929530,,23.03.1834,RU_GAVRILKOVO,Вишньоволоцький повіт / Тверська губернія,Єлизавета Федорівна Стогова,,,,,
rec_34_r_9,,Ревізькі казки,r,9-а ревізія,,,https://drive.google.com/file/d/12zCj_cOHWOuMfdQHRj913uV7_JQeYEt6/view?usp=drivesdk,,https://www.familysearch.org/ark:/61903/3:1:3QS7-L9M3-HK39?i=537&wc=M6MK-7WL%3A224254401%2C226324801%2C226811401&cc=1929530&lang=en&groupId=1929530,,25.09.1850,RU_GAVRILKOVO,Вишньоволоцький повіт / Тверська губернія,Єлизавета Федорівна Гречишникова,,,,,
rec_34_r_10,,Ревізькі казки,r,10-а ревізія,,,https://drive.google.com/file/d/17bG8xAGTKD8yi8OrZAcvcSOE3zOFJjqc/view?usp=drivesdk,,https://www.familysearch.org/ark:/61903/3:1:33S7-8115-BMD?i=28&wc=M6MK-8Z9%3A224254401%2C226324801%2C226949301&cc=1929530&lang=en&groupId=1929530,,10.01.1858,RU_GAVRILKOVO,Вишньоволоцький повіт / Тверська губернія,Єлизавета Федорівна Гречишникова,,,,,
rec_35_r_8,,Ревізькі казки,r,8-а ревізія,,,https://drive.google.com/file/d/1j9yb4U9pkFwgejWIrDvofENvx1_c4VmB/view?usp=drivesdk,,https://www.familysearch.org/ark:/61903/3:1:3QS7-89M3-4QBY?i=404&wc=M6MV-B68%3A224254401%2C226324801%2C226662401&cc=1929530&lang=en&groupId=1929530,,23.03.1834,RU_GAVRILKOVO,Вишньоволоцький повіт / Тверська губернія,Єлизавета Федорівна Стогова,,,,,
rec_35_r_9,,Ревізькі казки,r,9-а ревізія,,,https://drive.google.com/file/d/12zCj_cOHWOuMfdQHRj913uV7_JQeYEt6/view?usp=drivesdk,,https://www.familysearch.org/ark:/61903/3:1:3QS7-L9M3-HK39?i=537&wc=M6MK-7WL%3A224254401%2C226324801%2C226811401&cc=1929530&lang=en&groupId=1929530,,25.09.1850,RU_GAVRILKOVO,Вишньоволоцький повіт / Тверська губернія,Єлизавета Федорівна Гречишникова,,,,,
rec_35_r_10,,Ревізькі казки,r,10-а ревізія,,,https://drive.google.com/file/d/17bG8xAGTKD8yi8OrZAcvcSOE3zOFJjqc/view?usp=drivesdk,,https://www.familysearch.org/ark:/61903/3:1:33S7-8115-BMD?i=28&wc=M6MK-8Z9%3A224254401%2C226324801%2C226949301&cc=1929530&lang=en&groupId=1929530,,10.01.1858,RU_GAVRILKOVO,Вишньоволоцький повіт / Тверська губернія,Єлизавета Федорівна Гречишникова,,,,,
rec_36_r_8,,Ревізькі казки,r,8-а ревізія,,,https://drive.google.com/file/d/1SMUVRSF6iL-wo8lntOvIVJG1UcT1_GUM/view?usp=drivesdk,,https://www.familysearch.org/ark:/61903/3:1:3QS7-L9M3-WKPR?i=775&wc=M6MV-BP8%3A224254401%2C226324801%2C226671701&cc=1929530&lang=en&groupId=1929530,,12.03.1834,RU_KOZLOVO_S,Вишньоволоцький повіт / Тверська губернія,Капітоліна Іванівна Максимова,,,,,
rec_36_r_9,,Ревізькі казки,r,9-а ревізія,,,https://drive.google.com/file/d/1ft1yJJfjhlan2P_y02bM28FCefE7beZI/view?usp=drivesdk,,https://www.familysearch.org/ark:/61903/3:1:3QS7-89M3-KXBH?i=432&wc=M6MK-QP8%3A224254401%2C226324801%2C226823801&cc=1929530&lang=en&groupId=1929530,,14.10.1850,RU_KOZLOVO_S,Вишньоволоцький повіт / Тверська губернія,Капітоліна Іванівна Максимова,,,,,
rec_36_r_10,,Ревізькі казки,r,10-а ревізія,,,https://drive.google.com/file/d/1q5JrAlJNfP8hMGA7SZIQfJx0-IX4KTxR/view?usp=drivesdk,,https://www.familysearch.org/ark:/61903/3:1:33S7-L11Y-LSC?i=398&wc=M6MK-HNL%3A224254401%2C226324801%2C226925601&cc=1929530&lang=en&groupId=1929530,,15.04.1858,RU_KOZLOVO_S,Вишньоволоцький повіт / Тверська губернія,Агей Силович Максимов,,,,,
rec_37_r_7,,Ревізькі казки,r,7-а ревізія,,,https://drive.google.com/file/d/1G60YMu6ruslaJ9aLA3ejvc-68MjZlCfo/view?usp=drivesdk,,https://www.familysearch.org/ark:/61903/3:1:3QS7-89MM-K76X?i=211&wc=M6MV-GTL%3A224254401%2C226324801%2C226509001&cc=1929530&lang=en&groupId=1929530,,03.1816,RU_KOZLOVO_S,Вишньоволоцький повіт / Тверська губернія,Іван Терентійович Сназін,,,,,
rec_37_r_8,,Ревізькі казки,r,8-а ревізія,,,https://drive.google.com/file/d/1RRsbL_dezB9-cdsUr5U9bLGGXT__Ccd9/view?usp=drivesdk,,https://www.familysearch.org/ark:/61903/3:1:3QS7-89M3-WJL6?i=776&wc=M6MV-BP8%3A224254401%2C226324801%2C226671701&cc=1929530&lang=en&groupId=1929530,,12.03.1834,RU_KOZLOVO_S,Вишньоволоцький повіт / Тверська губернія,Капітоліна Іванівна Максимова,,,,,
rec_37_r_9,,Ревізькі казки,r,9-а ревізія,,,https://drive.google.com/file/d/1ft1yJJfjhlan2P_y02bM28FCefE7beZI/view?usp=drivesdk,,https://www.familysearch.org/ark:/61903/3:1:3QS7-89M3-KXBH?i=432&wc=M6MK-QP8%3A224254401%2C226324801%2C226823801&cc=1929530&lang=en&groupId=1929530,,14.10.1850,RU_KOZLOVO_S,Вишньоволоцький повіт / Тверська губернія,Капітоліна Іванівна Максимова,,,,,
rec_37_r_10,,Ревізькі казки,r,10-а ревізія,,,https://drive.google.com/file/d/1q5JrAlJNfP8hMGA7SZIQfJx0-IX4KTxR/view?usp=drivesdk,,https://www.familysearch.org/ark:/61903/3:1:33S7-L11Y-LSC?i=398&wc=M6MK-HNL%3A224254401%2C226324801%2C226925601&cc=1929530&lang=en&groupId=1929530,,15.04.1858,RU_KOZLOVO_S,Вишньоволоцький повіт / Тверська губернія,Агей Силович Максимов,,,,,
rec_38_r_6,,Ревізькі казки,r,6-а ревізія,,,https://drive.google.com/file/d/1m7C1YRfeQ5XkHQDAXHDsicDkK8FgqqBv/view?usp=drivesdk,,https://www.familysearch.org/ark:/61903/3:1:3QSQ-G9M3-G99Z-4?i=82&wc=M6MV-LTL%3A224254401%2C226324801%2C226483201&cc=1929530&lang=en&groupId=1929530,,22.12.1811,RU_BOLSHOE_PLOSKOE,Вишньоволоцький повіт / Тверська губернія,Іван Терентійович Сназін,,,,,
rec_38_r_7,,Ревізькі казки,r,7-а ревізія,,,https://drive.google.com/file/d/1STyuLl9DRV_9a9NdfCnwJBn2UiT05bbB/view?usp=drivesdk,,https://www.familysearch.org/ark:/61903/3:1:3QS7-89MM-K7HT?i=271&wc=M6MV-GTL%3A224254401%2C226324801%2C226509001&cc=1929530&lang=en&groupId=1929530,,03.1816,RU_BOLSHOE_PLOSKOE,Вишньоволоцький повіт / Тверська губернія,Іван Терентійович Сназін,,,,,
rec_38_r_8,,Ревізькі казки,r,8-а ревізія,,,https://drive.google.com/file/d/1HbtEOtKgGLJbWvF4da9zgVOd0sOLwtVr/view?usp=drivesdk,,https://www.familysearch.org/ark:/61903/3:1:3QS7-L9M3-WKG1?i=785&wc=M6MV-BP8%3A224254401%2C226324801%2C226671701&cc=1929530&lang=en&groupId=1929530,,12.03.1834,RU_BOLSHOE_PLOSKOE,Вишньоволоцький повіт / Тверська губернія,Капітоліна Іванівна Максимова,,,,,
rec_38_r_9,,Ревізькі казки,r,9-а ревізія,,,https://drive.google.com/file/d/16w4NdAYuj1ROQkf3UC_44Wd1FPP9ATjH/view?usp=drivesdk,,https://www.familysearch.org/ark:/61903/3:1:3QS7-89M3-KX5B?i=454&wc=M6MK-QP8%3A224254401%2C226324801%2C226823801&cc=1929530&lang=en&groupId=1929530,,14.10.1850,RU_BOLSHOE_PLOSKOE,Вишньоволоцький повіт / Тверська губернія,Капітоліна Іванівна Максимова,,,,,
rec_38_r_10,,Ревізькі казки,r,10-а ревізія,,,https://drive.google.com/file/d/1GWqBIYbpW7D5vUMHJkULRl5HZ76E8NI8/view?usp=drivesdk,,https://www.familysearch.org/ark:/61903/3:1:33S7-811Y-LRZ?i=423&wc=M6MK-HNL%3A224254401%2C226324801%2C226925601&cc=1929530&lang=en&groupId=1929530,,15.04.1858,RU_BOLSHOE_PLOSKOE,Вишньоволоцький повіт / Тверська губернія,Агей Силович Максимов,,,,,
rec_39_r_7,,Ревізькі казки,r,7-а ревізія,,,https://drive.google.com/file/d/1vu9id2FLeK45l0Size5CK7sP3fsRUYs1/view?usp=drivesdk,,https://www.familysearch.org/ark:/61903/3:1:3QSQ-G9MM-KQYP?i=238&wc=M6MV-GTL%3A224254401%2C226324801%2C226509001&cc=1929530&lang=uk&groupId=1929530,,03.1816,RU_GORODOK,Вишньоволоцький повіт / Тверська губернія,Іван Терентійович Сназін,,,,,
rec_39_r_8,,Ревізькі казки,r,8-а ревізія,,,https://drive.google.com/file/d/1HbtEOtKgGLJbWvF4da9zgVOd0sOLwtVr/view?usp=drivesdk,,https://www.familysearch.org/ark:/61903/3:1:3QS7-L9M3-WKG1?i=785&wc=M6MV-BP8%3A224254401%2C226324801%2C226671701&cc=1929530&lang=en&groupId=1929530,,12.03.1834,RU_BOLSHOE_PLOSKOE,Вишньоволоцький повіт / Тверська губернія,Капітоліна Іванівна Максимова,,,,,
rec_39_r_9,,Ревізькі казки,r,9-а ревізія,,,https://drive.google.com/file/d/16w4NdAYuj1ROQkf3UC_44Wd1FPP9ATjH/view?usp=drivesdk,,https://www.familysearch.org/ark:/61903/3:1:3QS7-89M3-KX5B?i=454&wc=M6MK-QP8%3A224254401%2C226324801%2C226823801&cc=1929530&lang=en&groupId=1929530,,14.10.1850,RU_BOLSHOE_PLOSKOE,Вишньоволоцький повіт / Тверська губернія,Капітоліна Іванівна Максимова,,,,,
rec_39_r_10,,Ревізькі казки,r,10-а ревізія,,,https://drive.google.com/file/d/1GWqBIYbpW7D5vUMHJkULRl5HZ76E8NI8/view?usp=drivesdk,,https://www.familysearch.org/ark:/61903/3:1:33S7-811Y-LRZ?i=423&wc=M6MK-HNL%3A224254401%2C226324801%2C226925601&cc=1929530&lang=en&groupId=1929530,,15.04.1858,RU_BOLSHOE_PLOSKOE,Вишньоволоцький повіт / Тверська губернія,Агей Силович Максимов,,,,,
rec_40_r_8,,Ревізькі казки,r,8-а ревізія,,,https://drive.google.com/file/d/1fsCj9rCgKKu1xrNPtRpWAyIVvlh-eCKQ/view?usp=drivesdk,,https://www.familysearch.org/ark:/61903/3:1:3QSQ-G9M3-WKX8?i=306&wc=M6MK-9M9%3A224254401%2C226324801%2C226696901&cc=1929530&lang=en&groupId=1929530,,17.04.1834,RU_DOMOSLAVL,Бабська вотчина / 1-ша Ясеновська волость / Вишньоволоцький повіт / Тверська губернія,Міністерство фінансів Російської імперії,,,,,
rec_40_r_9,,Ревізькі казки,r,9-а ревізія,,,https://drive.google.com/file/d/1N1vWpeRKBcz8yrAp6M0mWQMcSmveVQMY/view?usp=drivesdk,,https://www.familysearch.org/ark:/61903/3:1:3QS7-L9MQ-MNWY?i=164&wc=M6MK-H23%3A224254401%2C226324801%2C226896701&cc=1929530&lang=en&groupId=1929530,,02.10.1850,RU_DOMOSLAVL,Цирибушевське сільське товариство / Артюхінська волость / Вишньоволоцький повіт / Тверська губернія,⁠Міністерство державного майна Російської імперії,,,,,
rec_40_r_10,,Ревізькі казки,r,10-а ревізія,,,https://drive.google.com/file/d/1ln9PgMdo9YZzC5Y30QZ4cqeejbhXsATC/view?usp=drivesdk,,https://www.familysearch.org/ark:/61903/3:1:33S7-L11Y-Z22?i=732&wc=M6MK-X68%3A224254401%2C226324801%2C227030001&cc=1929530&lang=en&groupId=1929530,,20.03.1858,RU_DOMOSLAVL,Цирибушевське сільське товариство / Ясеновська волость / Вишньоволоцький повіт / Тверська губернія,⁠Міністерство державного майна Російської імперії,,,,,
rec_41_r_8,,Ревізькі казки,r,8-а ревізія,,,https://drive.google.com/file/d/1i1tigiLbJhLXDRNDxTUHhovqBiqt2WVA/view?usp=drivesdk,,https://www.familysearch.org/ark:/61903/3:1:3QSQ-G9M3-HL6J?i=218&wc=M6MK-M29%3A224254401%2C226324801%2C226710501&cc=1929530&lang=en&groupId=1929530,,10.04.1834,RU_KARABIKHA,Осеченський сільський приказ / Вишньоволоцький повіт / Тверська губернія,Удільне відомство,,,,,
rec_41_r_9,,Ревізькі казки,r,9-а ревізія,,,https://drive.google.com/file/d/1N1vWpeRKBcz8yrAp6M0mWQMcSmveVQMY/view?usp=drivesdk,,https://www.familysearch.org/ark:/61903/3:1:3QS7-L9MQ-MNWY?i=164&wc=M6MK-H23%3A224254401%2C226324801%2C226896701&cc=1929530&lang=en&groupId=1929530,,02.10.1850,RU_DOMOSLAVL,Цирибушевське сільське товариство / Артюхінська волость / Вишньоволоцький повіт / Тверська губернія,⁠Міністерство державного майна Російської імперії,,,,,
rec_41_r_10,,Ревізькі казки,r,10-а ревізія,,,https://drive.google.com/file/d/1ln9PgMdo9YZzC5Y30QZ4cqeejbhXsATC/view?usp=drivesdk,,https://www.familysearch.org/ark:/61903/3:1:33S7-L11Y-Z22?i=732&wc=M6MK-X68%3A224254401%2C226324801%2C227030001&cc=1929530&lang=en&groupId=1929530,,20.03.1858,RU_DOMOSLAVL,Цирибушевське сільське товариство / Ясеновська волость / Вишньоволоцький повіт / Тверська губернія,⁠Міністерство державного майна Російської імперії,,,,,
rec_42_r_7,,Ревізькі казки,r,7-а ревізія,,,https://drive.google.com/file/d/1yfiqxUZ9UA7Kyzgp1abieewqZSg1UFN6/view?usp=drivesdk,,https://www.familysearch.org/ark:/61903/3:1:3QS7-89MM-LF92?i=1136&wc=M6MV-LZ9%3A224254401%2C226324801%2C226539201&cc=1929530&lang=en&groupId=1929530,,08.03.1816,RU_KOZLOVO_D,Осеченська Карельська вотчина / Осеченський сільський приказ / Вишньоволоцький повіт / Тверська губернія,Удільне відомство,,,,,
rec_42_r_8,,Ревізькі казки,r,8-а ревізія,,,https://drive.google.com/file/d/1UNhmqd0UBbmgKQJ71xY191nqx0QbN8zE/view?usp=drivesdk,,https://www.familysearch.org/ark:/61903/3:1:3QS7-L9MQ-697Z-K?i=753&cc=1929530&lang=en&groupId=1929530,,10.04.1834,RU_KOZLOVO_D,Осеченський сільський приказ / Вишньоволоцький повіт / Тверська губернія,Удільне відомство,,,,,
rec_42_r_9,,Ревізькі казки,r,9-а ревізія,,,https://drive.google.com/file/d/1ClUC8ijXewanS64duQK9vU_wn7SK7q0K/view?usp=drivesdk,,https://www.familysearch.org/ark:/61903/3:1:3QS7-89M3-Y9S5-8?i=279&wc=M699-VWG%3A224254401%2C234793301%2C226863201&cc=1929530&lang=en&groupId=1929530,,29.10.1850,RU_KOZLOVO_D,Осеченський сільський приказ / Вишньоволоцький повіт / Тверська губернія,Удільне відомство,,,,,
rec_42_r_10,,Ревізькі казки,r,10-а ревізія,,,https://drive.google.com/file/d/14cRHfMkGwT-AinHxPCVX7GhKMdFTzxWX/view?usp=drivesdk,,https://www.familysearch.org/ark:/61903/3:1:33S7-L11Y-78P?i=49&wc=M6MK-F68%3A224254401%2C226324801%2C227054601&cc=1929530&lang=en&groupId=1929530,,30.04.1858,RU_KOZLOVO_D,Осеченський сільський приказ / Вишньоволоцький повіт / Тверська губернія,Удільне відомство,,,,,
rec_43_r_8,,Ревізькі казки,r,8-а ревізія,,,https://drive.google.com/file/d/1FRcGmpMqFt35X2ttFXvtSnWGYYRylI9q/view?usp=drivesdk,,https://www.familysearch.org/ark:/61903/3:1:3QS7-L9MQ-6973-5?i=759&cc=1929530&lang=en&groupId=1929530,,10.04.1834,RU_ZYBUNOVO,Осеченський сільський приказ / Вишньоволоцький повіт / Тверська губернія,Удільне відомство,,,,,
rec_43_r_9,,Ревізькі казки,r,9-а ревізія,,,https://drive.google.com/file/d/1ClUC8ijXewanS64duQK9vU_wn7SK7q0K/view?usp=drivesdk,,https://www.familysearch.org/ark:/61903/3:1:3QS7-89M3-Y9S5-8?i=279&wc=M699-VWG%3A224254401%2C234793301%2C226863201&cc=1929530&lang=en&groupId=1929530,,29.10.1850,RU_KOZLOVO_D,Осеченський сільський приказ / Вишньоволоцький повіт / Тверська губернія,Удільне відомство,,,,,
rec_43_r_10,,Ревізькі казки,r,10-а ревізія,,,https://drive.google.com/file/d/14cRHfMkGwT-AinHxPCVX7GhKMdFTzxWX/view?usp=drivesdk,,https://www.familysearch.org/ark:/61903/3:1:33S7-L11Y-78P?i=49&wc=M6MK-F68%3A224254401%2C226324801%2C227054601&cc=1929530&lang=en&groupId=1929530,,30.04.1858,RU_KOZLOVO_D,Осеченський сільський приказ / Вишньоволоцький повіт / Тверська губернія,Удільне відомство,,,,,
rec_44_r_7,,Ревізькі казки,r,7-а ревізія,,,https://drive.google.com/file/d/14p-rRbYOKG2labka1CBpLj-wAPvNpnCh/view?usp=drivesdk,,https://www.familysearch.org/ark:/61903/3:1:3QS7-89MM-LFMX?i=1141&wc=M6MV-LZ9%3A224254401%2C226324801%2C226539201&cc=1929530&lang=en&groupId=1929530,,08.03.1816,RU_ZYBUNOVO,Осеченська Карельська вотчина / Осеченський сільський приказ / Вишньоволоцький повіт / Тверська губернія,Удільне відомство,,,,,
rec_44_r_8,,Ревізькі казки,r,8-а ревізія,,,https://drive.google.com/file/d/1FRcGmpMqFt35X2ttFXvtSnWGYYRylI9q/view?usp=drivesdk,,https://www.familysearch.org/ark:/61903/3:1:3QS7-L9MQ-6973-5?i=759&cc=1929530&lang=en&groupId=1929530,,10.04.1834,RU_ZYBUNOVO,Осеченський сільський приказ / Вишньоволоцький повіт / Тверська губернія,Удільне відомство,,,,,
rec_44_r_9,,Ревізькі казки,r,9-а ревізія,,,https://drive.google.com/file/d/1uNK6wq1hMFtp9wgN3giOjUIFKAgsLS5v/view?usp=drivesdk,,https://www.familysearch.org/ark:/61903/3:1:3QS7-89M3-Y9SL-C?i=289&wc=M699-VWG%3A224254401%2C234793301%2C226863201&cc=1929530&lang=en&groupId=1929530,,29.10.1850,RU_ZYBUNOVO,Осеченський сільський приказ / Вишньоволоцький повіт / Тверська губернія,Удільне відомство,,,,,
rec_44_r_10,,Ревізькі казки,r,10-а ревізія,,,https://drive.google.com/file/d/1jp80-GlR8obBquUQF9-6uzI9Cw4aAnVP/view?usp=drivesdk,,https://www.familysearch.org/ark:/61903/3:1:33S7-811Y-7C6?i=56&wc=M6MK-F68%3A224254401%2C226324801%2C227054601&cc=1929530&lang=en&groupId=1929530,,30.04.1858,RU_ZYBUNOVO,Осеченський сільський приказ / Вишньоволоцький повіт / Тверська губернія,Удільне відомство,,,,,
rec_45_r_8,,Ревізькі казки,r,8-а ревізія,,,https://drive.google.com/file/d/1DXlki0HSbrd4qyHktFYj-BatTHBHGeL8/view?usp=drivesdk,,https://www.familysearch.org/ark:/61903/3:1:3QSQ-G9MQ-6972-Z?i=757&cc=1929530&lang=en&groupId=1929530,,10.04.1834,RU_ZYBUNOVO,Осеченський сільський приказ / Вишньоволоцький повіт / Тверська губернія,Удільне відомство,,,,,
rec_45_r_9,,Ревізькі казки,r,9-а ревізія,,,https://drive.google.com/file/d/1uNK6wq1hMFtp9wgN3giOjUIFKAgsLS5v/view?usp=drivesdk,,https://www.familysearch.org/ark:/61903/3:1:3QS7-89M3-Y9SL-C?i=289&wc=M699-VWG%3A224254401%2C234793301%2C226863201&cc=1929530&lang=en&groupId=1929530,,29.10.1850,RU_ZYBUNOVO,Осеченський сільський приказ / Вишньоволоцький повіт / Тверська губернія,Удільне відомство,,,,,
rec_45_r_10,,Ревізькі казки,r,10-а ревізія,,,https://drive.google.com/file/d/1jp80-GlR8obBquUQF9-6uzI9Cw4aAnVP/view?usp=drivesdk,,https://www.familysearch.org/ark:/61903/3:1:33S7-811Y-7C6?i=56&wc=M6MK-F68%3A224254401%2C226324801%2C227054601&cc=1929530&lang=en&groupId=1929530,,30.04.1858,RU_ZYBUNOVO,Осеченський сільський приказ / Вишньоволоцький повіт / Тверська губернія,Удільне відомство,,,,,
rec_46_r_8,,Ревізькі казки,r,8-а ревізія,,,https://drive.google.com/file/d/1ByaelCKZSiXiDGamUAgu0f7F4CUKumWD/view?usp=drivesdk,,https://www.familysearch.org/ark:/61903/3:1:3QSQ-G9MQ-697F-F?i=758&cc=1929530&lang=en&groupId=1929530,,10.04.1834,RU_ZYBUNOVO,Осеченський сільський приказ / Вишньоволоцький повіт / Тверська губернія,Удільне відомство,,,,,
rec_46_r_9,,Ревізькі казки,r,9-а ревізія,,,https://drive.google.com/file/d/15tTStGUxFULdNgDjPNVpYJEavme1j3p9/view?usp=drivesdk,,https://www.familysearch.org/ark:/61903/3:1:3QS7-89M3-Y9S5-T?i=286&wc=M699-VWG%3A224254401%2C234793301%2C226863201&cc=1929530&lang=en&groupId=1929530,,29.10.1850,RU_ZYBUNOVO,Осеченський сільський приказ / Вишньоволоцький повіт / Тверська губернія,Удільне відомство,,,,,
rec_46_r_10,,Ревізькі казки,r,10-а ревізія,,,https://drive.google.com/file/d/1E70nnge31poHY89I2e0pBhYkX3Yr14RF/view?usp=drivesdk,,https://www.familysearch.org/ark:/61903/3:1:33S7-L11Y-QYD?i=54&wc=M6MK-F68%3A224254401%2C226324801%2C227054601&cc=1929530&lang=en&groupId=1929530,,30.04.1858,RU_ZYBUNOVO,Осеченський сільський приказ / Вишньоволоцький повіт / Тверська губернія,Удільне відомство,,,,,
rec_47_r_8,,Ревізькі казки,r,8-а ревізія,,,https://drive.google.com/file/d/1uErKCbaABN0YDkScI8am4UKkU6x5BujB/view?usp=drivesdk,,https://www.familysearch.org/ark:/61903/3:1:3QSQ-G9M3-H5ZM?i=448&wc=M6MK-M29%3A224254401%2C226324801%2C226710501&cc=1929530&lang=en&groupId=1929530,,10.04.1834,RU_RUSSKAYA_GORA,Осеченський сільський приказ / Вишньоволоцький повіт / Тверська губернія,Удільне відомство,,,,,
rec_47_r_9,,Ревізькі казки,r,9-а ревізія,,,https://drive.google.com/file/d/15tTStGUxFULdNgDjPNVpYJEavme1j3p9/view?usp=drivesdk,,https://www.familysearch.org/ark:/61903/3:1:3QS7-89M3-Y9S5-T?i=286&wc=M699-VWG%3A224254401%2C234793301%2C226863201&cc=1929530&lang=en&groupId=1929530,,29.10.1850,RU_ZYBUNOVO,Осеченський сільський приказ / Вишньоволоцький повіт / Тверська губернія,Удільне відомство,,,,,
rec_47_r_10,,Ревізькі казки,r,10-а ревізія,,,https://drive.google.com/file/d/1E70nnge31poHY89I2e0pBhYkX3Yr14RF/view?usp=drivesdk,,https://www.familysearch.org/ark:/61903/3:1:33S7-L11Y-QYD?i=54&wc=M6MK-F68%3A224254401%2C226324801%2C227054601&cc=1929530&lang=en&groupId=1929530,,30.04.1858,RU_ZYBUNOVO,Осеченський сільський приказ / Вишньоволоцький повіт / Тверська губернія,Удільне відомство,,,,,
rec_64_r_5,,Ревізькі казки,r,5-а ревізія,,,https://drive.google.com/file/d/1UBjd7A6Mcrs7H3x0BmFT_OQnN_7N54Lm/view?usp=drivesdk,,https://www.familysearch.org/ark:/61903/3:1:3QS7-89MM-MWJ7?i=207&wc=M6MV-N68%3A224254401%2C226324801%2C226421401&cc=1929530&lang=en&groupId=1929530,,06.1795,RU_GAVRILKOVO,Двірцева Трестенська вотчина / 1-ша Осеченська волость / Вишньоволоцький повіт / Тверське намісництво,Двірцеве відомство,,,,,
rec_64_r_6,,Ревізькі казки,r,6-а ревізія,,,https://drive.google.com/file/d/1XQGEqNSa3FT_Q9hHIHMNQfximUW_at1P/view?usp=drivesdk,,https://www.familysearch.org/ark:/61903/3:1:3QS7-L9MM-X93Y-5?i=539&cc=1929530&cat=1985631&lang=en&groupId=1929530,,09.1811,RU_GAVRILKOVO,Вишньоволоцький повіт / Тверська губернія,Євдокія Йосипівна Стогова;Євграф Федорович Стогов;Єлизавета Федорівна Стогова,,,,,
rec_64_r_7,,Ревізькі казки,r,7-а ревізія,,,https://drive.google.com/file/d/1xtz4jqmC66jTi_CA_t8GDHiQXXRKRLLD/view?usp=drivesdk,,https://www.familysearch.org/ark:/61903/3:1:3QS7-89M3-1SF6?i=41&wc=M6MV-B38%3A224254401%2C226324801%2C226605901&cc=1929530&lang=en&groupId=1929530,,06.1816,RU_GAVRILKOVO,Вишньоволоцький повіт / Тверська губернія,Євдокія Йосипівна Стогова;Євграф Федорович Стогов;Єлизавета Федорівна Стогова,,,,,
rec_64_r_8,,Ревізькі казки,r,8-а ревізія,,,https://drive.google.com/file/d/1j9yb4U9pkFwgejWIrDvofENvx1_c4VmB/view?usp=drivesdk,,https://www.familysearch.org/ark:/61903/3:1:3QS7-89M3-4QBY?i=404&wc=M6MV-B68%3A224254401%2C226324801%2C226662401&cc=1929530&lang=en&groupId=1929530,,23.03.1834,RU_GAVRILKOVO,Вишньоволоцький повіт / Тверська губернія,Єлизавета Федорівна Стогова,,,,,
rec_64_r_9,,Ревізькі казки,r,9-а ревізія,,,https://drive.google.com/file/d/1Vpgt_bWipou5u3aLPkEaLrndGvUopwet/view?usp=drivesdk,,https://www.familysearch.org/ark:/61903/3:1:3QS7-L9M3-HKJ6?i=538&wc=M6MK-7WL%3A224254401%2C226324801%2C226811401&cc=1929530&lang=en&groupId=1929530,,25.09.1850,RU_GAVRILKOVO,Вишньоволоцький повіт / Тверська губернія,Єлизавета Федорівна Гречишникова,,,,,
rec_65_r_5,,Ревізькі казки,r,5-а ревізія,,,https://drive.google.com/file/d/1pAHyqa0SVEKsvg5zEihGKhoyaFK5QSY1/view?usp=drivesdk,,https://www.familysearch.org/ark:/61903/3:1:3QS7-L9MM-M7TW?i=196&wc=M6MV-N68%3A224254401%2C226324801%2C226421401&cc=1929530&lang=en&groupId=1929530,,06.1795,RU_DVORISHCHE,Двірцева Трестенська вотчина / 1-ша Осеченська волость / Вишньоволоцький повіт / Тверське намісництво,Двірцеве відомство,,,,,
rec_65_r_7,,Ревізькі казки,r,7-а ревізія,,,https://drive.google.com/file/d/1xtz4jqmC66jTi_CA_t8GDHiQXXRKRLLD/view?usp=drivesdk,,https://www.familysearch.org/ark:/61903/3:1:3QS7-89M3-1SF6?i=41&wc=M6MV-B38%3A224254401%2C226324801%2C226605901&cc=1929530&lang=en&groupId=1929530,,06.1816,RU_GAVRILKOVO,Вишньоволоцький повіт / Тверська губернія,Євдокія Йосипівна Стогова;Євграф Федорович Стогов;Єлизавета Федорівна Стогова,,,,,
rec_65_r_8,,Ревізькі казки,r,8-а ревізія,,,https://drive.google.com/file/d/1j9yb4U9pkFwgejWIrDvofENvx1_c4VmB/view?usp=drivesdk,,https://www.familysearch.org/ark:/61903/3:1:3QS7-89M3-4QBY?i=404&wc=M6MV-B68%3A224254401%2C226324801%2C226662401&cc=1929530&lang=en&groupId=1929530,,23.03.1834,RU_GAVRILKOVO,Вишньоволоцький повіт / Тверська губернія,Єлизавета Федорівна Стогова,,,,,
rec_66_r_4,,Ревізькі казки,r,4-а ревізія,,,https://drive.google.com/file/d/1tSOlNAtWg-_-ahH69_Jifokh6j5pWj7T/view?usp=drivesdk,,https://www.familysearch.org/ark:/61903/3:1:33SQ-G11B-9Z8W?i=319&cc=1929530&cat=784335&lang=en&groupId=1929530,,05.1782,RU_DVORISHCHE,Двірцева Трестенська волость / Вишньоволоцький повіт / Тверське намісництво,Двірцеве відомство,,,,,
rec_66_r_5,,Ревізькі казки,r,5-а ревізія,,,https://drive.google.com/file/d/1GVNqjHGUsuUGrwkbnQ6Cr-nGCZmpFkvg/view?usp=drivesdk,,https://www.familysearch.org/ark:/61903/3:1:3QS7-L9MM-M7P7?i=200&wc=M6MV-N68%3A224254401%2C226324801%2C226421401&cc=1929530&lang=en&groupId=1929530,,06.1795,RU_DVORISHCHE,Двірцева Трестенська вотчина / 1-ша Осеченська волость / Вишньоволоцький повіт / Тверське намісництво,Двірцеве відомство,,,,,
rec_66_r_6,,Ревізькі казки,r,6-а ревізія,,,https://drive.google.com/file/d/1XQGEqNSa3FT_Q9hHIHMNQfximUW_at1P/view?usp=drivesdk,,https://www.familysearch.org/ark:/61903/3:1:3QS7-L9MM-X93Y-5?i=539&cc=1929530&cat=1985631&lang=en&groupId=1929530,,09.1811,RU_DVORISHCHE,Вишньоволоцький повіт / Тверська губернія,Євдокія Йосипівна Стогова;Євграф Федорович Стогов;Єлизавета Федорівна Стогова,,,,,
rec_67_r_4,,Ревізькі казки,r,4-а ревізія,,,https://drive.google.com/file/d/1zOCUeQJ3f815B8RSWwYnSkziV6S00CWj/view?usp=drivesdk,,https://www.familysearch.org/ark:/61903/3:1:33SQ-G11B-9ZDB?i=318&cc=1929530&cat=784335&lang=en&groupId=1929530,,05.1782,RU_DVORISHCHE,Двірцева Трестенська волость / Вишньоволоцький повіт / Тверське намісництво,Двірцеве відомство,,,,,
rec_67_r_5-1,,Ревізькі казки,r,5-а ревізія,,,https://drive.google.com/file/d/1LX2ScHeu7uVputCskADx2pLjWVCkxjj6/view?usp=drivesdk,,https://www.familysearch.org/ark:/61903/3:1:3QS7-L9MM-M71P?i=199&wc=M6MV-N68%253A224254401%252C226324801%252C226421401&cc=1929530&lang=en&groupId=1929530,,06.1795,RU_DVORISHCHE,Двірцева Трестенська вотчина / 1-ша Осеченська волость / Вишньоволоцький повіт / Тверське намісництво,Двірцеве відомство,,,,,
rec_67_r_5-2,,Ревізькі казки,r,5-а ревізія,,,https://drive.google.com/file/d/1-u1VCl8qfTntJEHz3uyTCYsPjGEBd6vq/view?usp=drivesdk,,https://www.familysearch.org/ark:/61903/3:1:3QS7-89MM-MWGW?i=198&wc=M6MV-N68%253A224254401%252C226324801%252C226421401&cc=1929530&lang=en&groupId=1929530,,06.1795,RU_DVORISHCHE,Двірцева Трестенська вотчина / 1-ша Осеченська волость / Вишньоволоцький повіт / Тверське намісництво,Двірцеве відомство,,,,,
rec_67_r_7,,Ревізькі казки,r,7-а ревізія,,,https://drive.google.com/file/d/1lxod6QRzRXW48tKsToMFrBkIICDYyTAR/view?usp=drivesdk,,https://www.familysearch.org/ark:/61903/3:1:3QS7-L9M3-1S6S?i=38&wc=M6MV-B38%3A224254401%2C226324801%2C226605901&cc=1929530&lang=en&groupId=1929530,,06.1816,RU_DVORISHCHE,Вишньоволоцький повіт / Тверська губернія,Євдокія Йосипівна Стогова;Євграф Федорович Стогов;Єлизавета Федорівна Стогова,,,,,
rec_67_r_8,,Ревізькі казки,r,8-а ревізія,,,https://drive.google.com/file/d/16Kr6puBKA0_T5S5aWDPeEp6zhFnNL58C/view?usp=drivesdk,,https://www.familysearch.org/ark:/61903/3:1:3QS7-L9M3-47DF?i=418&wc=M6MV-B68%3A224254401%2C226324801%2C226662401&cc=1929530&lang=en&groupId=1929530,,23.03.1834,RU_DVORISHCHE,Вишньоволоцький повіт / Тверська губернія,Єлизавета Федорівна Стогова,,,,,
rec_68_r_4,,Ревізькі казки,r,4-а ревізія,,,https://drive.google.com/file/d/1jn8sZlNRdXaqWSFmjxPlP4khPBAEP_LE/view?usp=drivesdk,,https://www.familysearch.org/ark:/61903/3:1:33S7-811B-9H6H?i=317&cc=1929530&cat=784335&lang=en&groupId=1929530,,05.1782,RU_DVORISHCHE,Двірцева Трестенська волость / Вишньоволоцький повіт / Тверське намісництво,Двірцеве відомство,,,,,
rec_68_r_5,,Ревізькі казки,r,5-а ревізія,,,https://drive.google.com/file/d/1-u1VCl8qfTntJEHz3uyTCYsPjGEBd6vq/view?usp=drivesdk,,https://www.familysearch.org/ark:/61903/3:1:3QS7-89MM-MWGW?i=198&wc=M6MV-N68%253A224254401%252C226324801%252C226421401&cc=1929530&lang=en&groupId=1929530,,06.1795,RU_DVORISHCHE,Двірцева Трестенська вотчина / 1-ша Осеченська волость / Вишньоволоцький повіт / Тверське намісництво,Двірцеве відомство,,,,,
rec_68_r_6,,Ревізькі казки,r,6-а ревізія,,,https://drive.google.com/file/d/1bLMD_YayV8u6qYhUDy37wdARunXGW5vh/view?usp=drivesdk,,https://www.familysearch.org/ark:/61903/3:1:3QS7-89MM-X9SH-1?i=538&cc=1929530&cat=1985631&lang=en&groupId=1929530,,09.1811,RU_DVORISHCHE,Вишньоволоцький повіт / Тверська губернія,Євдокія Йосипівна Стогова;Євграф Федорович Стогов;Єлизавета Федорівна Стогова,,,,,
rec_68_r_7,,Ревізькі казки,r,7-а ревізія,,,https://drive.google.com/file/d/1FryKR7nQNCo0Bf5YWTRVc6Tqs-JDNPcO/view?usp=drivesdk,,https://www.familysearch.org/ark:/61903/3:1:3QS7-L9M3-1SVQ?i=37&wc=M6MV-B38%3A224254401%2C226324801%2C226605901&cc=1929530&lang=en&groupId=1929530,,06.1816,RU_DVORISHCHE,Вишньоволоцький повіт / Тверська губернія,Євдокія Йосипівна Стогова;Євграф Федорович Стогов;Єлизавета Федорівна Стогова,,,,,
rec_68_r_8,,Ревізькі казки,r,8-а ревізія,,,https://drive.google.com/file/d/1wWf2hYtBu4M-X-fmoOJPNl2RLocducDD/view?usp=drivesdk,,https://www.familysearch.org/ark:/61903/3:1:3QSQ-G9M3-47Z1?i=403&wc=M6MV-B68%3A224254401%2C226324801%2C226662401&cc=1929530&lang=en&groupId=1929530,,23.03.1834,RU_GAVRILKOVO,Вишньоволоцький повіт / Тверська губернія,Єлизавета Федорівна Стогова,,,,,
rec_68_r_9,,Ревізькі казки,r,9-а ревізія,,,https://drive.google.com/file/d/12zCj_cOHWOuMfdQHRj913uV7_JQeYEt6/view?usp=drivesdk,,https://www.familysearch.org/ark:/61903/3:1:3QS7-L9M3-HK39?i=537&wc=M6MK-7WL%3A224254401%2C226324801%2C226811401&cc=1929530&lang=en&groupId=1929530,,25.09.1850,RU_GAVRILKOVO,Вишньоволоцький повіт / Тверська губернія,Єлизавета Федорівна Гречишникова,,,,,
rec_69_r_5,,Ревізькі казки,r,5-а ревізія,,,https://drive.google.com/file/d/1qTjkKvPS0d5t4vFKyqMnupMxYJ5nIcu4/view?usp=drivesdk,,https://www.familysearch.org/ark:/61903/3:1:3QS7-89MM-MWX2?i=206&wc=M6MV-N68%3A224254401%2C226324801%2C226421401&cc=1929530&lang=en&groupId=1929530,,06.1795,RU_GAVRILKOVO,Двірцева Трестенська вотчина / 1-ша Осеченська волость / Вишньоволоцький повіт / Тверське намісництво,Двірцеве відомство,,,,,
rec_69_r_7,,Ревізькі казки,r,7-а ревізія,,,https://drive.google.com/file/d/1FryKR7nQNCo0Bf5YWTRVc6Tqs-JDNPcO/view?usp=drivesdk,,https://www.familysearch.org/ark:/61903/3:1:3QS7-L9M3-1SVQ?i=37&wc=M6MV-B38%3A224254401%2C226324801%2C226605901&cc=1929530&lang=en&groupId=1929530,,06.1816,RU_DVORISHCHE,Вишньоволоцький повіт / Тверська губернія,Євдокія Йосипівна Стогова;Євграф Федорович Стогов;Єлизавета Федорівна Стогова,,,,,
rec_69_r_8,,Ревізькі казки,r,8-а ревізія,,,https://drive.google.com/file/d/1wWf2hYtBu4M-X-fmoOJPNl2RLocducDD/view?usp=drivesdk,,https://www.familysearch.org/ark:/61903/3:1:3QSQ-G9M3-47Z1?i=403&wc=M6MV-B68%3A224254401%2C226324801%2C226662401&cc=1929530&lang=en&groupId=1929530,,23.03.1834,RU_GAVRILKOVO,Вишньоволоцький повіт / Тверська губернія,Єлизавета Федорівна Стогова,,,,,
rec_70_r_5,,Ревізькі казки,r,5-а ревізія,,,https://drive.google.com/file/d/1bGPKL6uAPKEGEhP4w8CxFoft_7SF53j0/view?usp=drivesdk,,https://www.familysearch.org/ark:/61903/3:1:3QS7-L9MM-M7YJ?i=209&wc=M6MV-N68%3A224254401%2C226324801%2C226421401&cc=1929530&lang=en&groupId=1929530,,06.1795,RU_GAVRILKOVO,Двірцева Трестенська вотчина / 1-ша Осеченська волость / Вишньоволоцький повіт / Тверське намісництво,Двірцеве відомство,,,,,
rec_70_r_6,,Ревізькі казки,r,6-а ревізія,,,https://drive.google.com/file/d/14NrNokzazafCFJ1SH7q1VP94YHZnLCQQ/view?usp=drivesdk,,https://www.familysearch.org/ark:/61903/3:1:3QS7-89MM-X9S6-W?i=540&cc=1929530&cat=1985631&lang=en&groupId=1929530,,09.1811,RU_GAVRILKOVO,Вишньоволоцький повіт / Тверська губернія,Євдокія Йосипівна Стогова;Євграф Федорович Стогов;Єлизавета Федорівна Стогова,,,,,
rec_70_r_7,,Ревізькі казки,r,7-а ревізія,,,https://drive.google.com/file/d/1pp85qkkC6FlZkyGUW9wAuyXguMxwEsfD/view?usp=drivesdk,,https://www.familysearch.org/ark:/61903/3:1:3QS7-L9M3-1SDH?i=42&wc=M6MV-B38%3A224254401%2C226324801%2C226605901&cc=1929530&lang=en&groupId=1929530,,06.1816,RU_GAVRILKOVO,Вишньоволоцький повіт / Тверська губернія,Євдокія Йосипівна Стогова;Євграф Федорович Стогов;Єлизавета Федорівна Стогова,,,,,
rec_71_r_5,,Ревізькі казки,r,5-а ревізія,,,https://drive.google.com/file/d/1LX2ScHeu7uVputCskADx2pLjWVCkxjj6/view?usp=drivesdk,,https://www.familysearch.org/ark:/61903/3:1:3QS7-L9MM-M71P?i=199&wc=M6MV-N68%3A224254401%2C226324801%2C226421401&cc=1929530&lang=en&groupId=1929530,,06.1795,RU_DVORISHCHE,Двірцева Трестенська вотчина / 1-ша Осеченська волость / Вишньоволоцький повіт / Тверське намісництво,Двірцеве відомство,,,,,
rec_71_r_7,,Ревізькі казки,r,7-а ревізія,,,https://drive.google.com/file/d/1pp85qkkC6FlZkyGUW9wAuyXguMxwEsfD/view?usp=drivesdk,,https://www.familysearch.org/ark:/61903/3:1:3QS7-L9M3-1SDH?i=42&wc=M6MV-B38%3A224254401%2C226324801%2C226605901&cc=1929530&lang=en&groupId=1929530,,06.1816,RU_GAVRILKOVO,Вишньоволоцький повіт / Тверська губернія,Євдокія Йосипівна Стогова;Євграф Федорович Стогов;Єлизавета Федорівна Стогова,,,,,
rec_71_r_8,,Ревізькі казки,r,8-а ревізія,,,https://drive.google.com/file/d/1j9yb4U9pkFwgejWIrDvofENvx1_c4VmB/view?usp=drivesdk,,https://www.familysearch.org/ark:/61903/3:1:3QS7-89M3-4QBY?i=404&wc=M6MV-B68%3A224254401%2C226324801%2C226662401&cc=1929530&lang=en&groupId=1929530,,23.03.1834,RU_GAVRILKOVO,Вишньоволоцький повіт / Тверська губернія,Єлизавета Федорівна Стогова,,,,,
rec_72_r_5,,Ревізькі казки,r,5-а ревізія,,,https://drive.google.com/file/d/1zC4B9CpfwRkiTO_6rTKTd00wujrY_xI6/view?usp=drivesdk,,https://www.familysearch.org/ark:/61903/3:1:3QSQ-G9MM-MWT2?i=3&wc=M6MV-N68%3A224254401%2C226324801%2C226421401&cc=1929530&lang=en&groupId=1929530,,06.1795,RU_KOZLOVO_S,Двірцева Козловська вотчина / 1-ша Осеченська волость / Вишньоволоцький повіт / Тверське намісництво,Двірцеве відомство,,,,,
rec_72_r_6,,Ревізькі казки,r,6-а ревізія,,,https://drive.google.com/file/d/1g2q-6vJFrTjwjU2zG4iOseNm7XuPI_qG/view?usp=drivesdk,,https://www.familysearch.org/ark:/61903/3:1:3QSQ-G9M3-G99N-H?i=61&wc=M6MV-LTL%3A224254401%2C226324801%2C226483201&cc=1929530&lang=en&groupId=1929530,,22.12.1811,RU_KOZLOVO_S,Вишньоволоцький повіт / Тверська губернія,Іван Терентійович Сназін,,,,,
rec_72_r_7,,Ревізькі казки,r,7-а ревізія,,,https://drive.google.com/file/d/1z6CIQmlWL24gq7Qm-gQiqMlh1zuMIBQI/view?usp=drivesdk,,https://www.familysearch.org/ark:/61903/3:1:3QS7-L9MM-KQFM?i=210&wc=M6MV-GTL%3A224254401%2C226324801%2C226509001&cc=1929530&lang=en&groupId=1929530,,03.1816,RU_KOZLOVO_S,Вишньоволоцький повіт / Тверська губернія,Іван Терентійович Сназін,,,,,
rec_72_r_8,,Ревізькі казки,r,8-а ревізія,,,https://drive.google.com/file/d/1SMUVRSF6iL-wo8lntOvIVJG1UcT1_GUM/view?usp=drivesdk,,https://www.familysearch.org/ark:/61903/3:1:3QS7-L9M3-WKPR?i=775&wc=M6MV-BP8%3A224254401%2C226324801%2C226671701&cc=1929530&lang=en&groupId=1929530,,12.03.1834,RU_KOZLOVO_S,Вишньоволоцький повіт / Тверська губернія,Капітоліна Іванівна Максимова,,,,,
rec_72_r_9,,Ревізькі казки,r,9-а ревізія,,,https://drive.google.com/file/d/1ft1yJJfjhlan2P_y02bM28FCefE7beZI/view?usp=drivesdk,,https://www.familysearch.org/ark:/61903/3:1:3QS7-89M3-KXBH?i=432&wc=M6MK-QP8%3A224254401%2C226324801%2C226823801&cc=1929530&lang=en&groupId=1929530,,14.10.1850,RU_KOZLOVO_S,Вишньоволоцький повіт / Тверська губернія,Капітоліна Іванівна Максимова,,,,,
rec_73_r_5,,Ревізькі казки,r,5-а ревізія,,,https://drive.google.com/file/d/1hfHhjRDS1y2sX2_wzjza1E_LrIoUmPgL/view?usp=drivesdk,,https://www.familysearch.org/ark:/61903/3:1:3QS7-L9MM-MWV3?i=58&wc=M6MV-N68%3A224254401%2C226324801%2C226421401&cc=1929530&lang=en&groupId=1929530,,06.1795,RU_PASYNKI,Двірцева Козловська вотчина / 1-ша Осеченська волость / Вишньоволоцький повіт / Тверське намісництво,Двірцеве відомство,,,,,
rec_73_r_7,,Ревізькі казки,r,7-а ревізія,,,https://drive.google.com/file/d/1z6CIQmlWL24gq7Qm-gQiqMlh1zuMIBQI/view?usp=drivesdk,,https://www.familysearch.org/ark:/61903/3:1:3QS7-L9MM-KQFM?i=210&wc=M6MV-GTL%3A224254401%2C226324801%2C226509001&cc=1929530&lang=en&groupId=1929530,,03.1816,RU_KOZLOVO_S,Вишньоволоцький повіт / Тверська губернія,Іван Терентійович Сназін,,,,,
rec_74_r_6,,Ревізькі казки,r,6-а ревізія,,,https://drive.google.com/file/d/1g2q-6vJFrTjwjU2zG4iOseNm7XuPI_qG/view?usp=drivesdk,,https://www.familysearch.org/ark:/61903/3:1:3QSQ-G9M3-G99N-H?i=61&wc=M6MV-LTL%3A224254401%2C226324801%2C226483201&cc=1929530&lang=en&groupId=1929530,,22.12.1811,RU_KOZLOVO_S,Вишньоволоцький повіт / Тверська губернія,Іван Терентійович Сназін,,,,,
rec_74_r_7,,Ревізькі казки,r,7-а ревізія,,,https://drive.google.com/file/d/1G60YMu6ruslaJ9aLA3ejvc-68MjZlCfo/view?usp=drivesdk,,https://www.familysearch.org/ark:/61903/3:1:3QS7-89MM-K76X?i=211&wc=M6MV-GTL%3A224254401%2C226324801%2C226509001&cc=1929530&lang=en&groupId=1929530,,03.1816,RU_KOZLOVO_S,Вишньоволоцький повіт / Тверська губернія,Іван Терентійович Сназін,,,,,
rec_74_r_8,,Ревізькі казки,r,8-а ревізія,,,https://drive.google.com/file/d/1RRsbL_dezB9-cdsUr5U9bLGGXT__Ccd9/view?usp=drivesdk,,https://www.familysearch.org/ark:/61903/3:1:3QS7-89M3-WJL6?i=776&wc=M6MV-BP8%3A224254401%2C226324801%2C226671701&cc=1929530&lang=en&groupId=1929530,,12.03.1834,RU_KOZLOVO_S,Вишньоволоцький повіт / Тверська губернія,Капітоліна Іванівна Максимова,,,,,
rec_75_r_5,,Ревізькі казки,r,5-а ревізія,,,https://drive.google.com/file/d/1R7uNaF6lFCejA4hdFuhpYVitkJ1d6RSU/view?usp=drivesdk,,https://www.familysearch.org/ark:/61903/3:1:3QS7-L9MM-MWTT?i=5&wc=M6MV-N68%3A224254401%2C226324801%2C226421401&cc=1929530&lang=en&groupId=1929530,,06.1795,RU_TIMOSHKINO,Двірцева Козловська вотчина / 1-ша Осеченська волость / Вишньоволоцький повіт / Тверське намісництво,Двірцеве відомство,,,,,
rec_75_r_7,,Ревізькі казки,r,7-а ревізія,,,https://drive.google.com/file/d/1G60YMu6ruslaJ9aLA3ejvc-68MjZlCfo/view?usp=drivesdk,,https://www.familysearch.org/ark:/61903/3:1:3QS7-89MM-K76X?i=211&wc=M6MV-GTL%3A224254401%2C226324801%2C226509001&cc=1929530&lang=en&groupId=1929530,,03.1816,RU_KOZLOVO_S,Вишньоволоцький повіт / Тверська губернія,Іван Терентійович Сназін,,,,,
rec_75_r_8,,Ревізькі казки,r,8-а ревізія,,,https://drive.google.com/file/d/1RRsbL_dezB9-cdsUr5U9bLGGXT__Ccd9/view?usp=drivesdk,,https://www.familysearch.org/ark:/61903/3:1:3QS7-89M3-WJL6?i=776&wc=M6MV-BP8%3A224254401%2C226324801%2C226671701&cc=1929530&lang=en&groupId=1929530,,12.03.1834,RU_KOZLOVO_S,Вишньоволоцький повіт / Тверська губернія,Капітоліна Іванівна Максимова,,,,,
rec_75_r_9,,Ревізькі казки,r,9-а ревізія,,,https://drive.google.com/file/d/1Ieog2S8sVTlLLHAGQ_mPuLAAm_KjQkCM/view?usp=drive_link,,https://www.familysearch.org/ark:/61903/3:1:3QSQ-G9M3-KXNL?i=434&wc=M6MK-QP8%3A224254401%2C226324801%2C226823801&cc=1929530&lang=en&groupId=1929530,,14.10.1850,RU_KOZLOVO_S,Вишньоволоцький повіт / Тверська губернія,Капітоліна Іванівна Максимова,,,,,
rec_76_r_4,,Ревізькі казки,r,4-а ревізія,,,https://drive.google.com/file/d/1IPVtApfgKDOa9ffJAh-CXF9VZB9_T1_g/view?usp=drivesdk,,https://www.familysearch.org/ark:/61903/3:1:33S7-811B-97DW?i=192&cc=1929530&cat=784335&lang=en&groupId=1929530,,06.1782,RU_BOLSHOE_PLOSKOE,Двірцева Козловська волость / Вишньоволоцький повіт / Тверське намісництво,Двірцеве відомство,,,,,
rec_76_r_5,,Ревізькі казки,r,5-а ревізія,,,https://drive.google.com/file/d/1FQ6Rqv8W5Tt_c8jx9X7gN0x62YRVAzAn/view?usp=drivesdk,,https://www.familysearch.org/ark:/61903/3:1:3QSQ-G9MM-MWBZ?i=55&wc=M6MV-N68%3A224254401%2C226324801%2C226421401&cc=1929530&lang=en&groupId=1929530,,26.06.1795,RU_BOLSHOE_PLOSKOE,Двірцева Козловська вотчина / 1-ша Осеченська волость / Вишньоволоцький повіт / Тверське намісництво,Двірцеве відомство,,,,,
rec_76_r_6,,Ревізькі казки,r,6-а ревізія,,,https://drive.google.com/file/d/1m7C1YRfeQ5XkHQDAXHDsicDkK8FgqqBv/view?usp=drivesdk,,https://www.familysearch.org/ark:/61903/3:1:3QSQ-G9M3-G99Z-4?i=82&wc=M6MV-LTL%3A224254401%2C226324801%2C226483201&cc=1929530&lang=en&groupId=1929530,,22.12.1811,RU_BOLSHOE_PLOSKOE,Вишньоволоцький повіт / Тверська губернія,Іван Терентійович Сназін,,,,,
rec_76_r_7,,Ревізькі казки,r,7-а ревізія,,,https://drive.google.com/file/d/1STyuLl9DRV_9a9NdfCnwJBn2UiT05bbB/view?usp=drivesdk,,https://www.familysearch.org/ark:/61903/3:1:3QS7-89MM-K7HT?i=271&wc=M6MV-GTL%3A224254401%2C226324801%2C226509001&cc=1929530&lang=en&groupId=1929530,,03.1816,RU_BOLSHOE_PLOSKOE,Вишньоволоцький повіт / Тверська губернія,Іван Терентійович Сназін,,,,,
rec_76_r_8,,Ревізькі казки,r,8-а ревізія,,,https://drive.google.com/file/d/1HbtEOtKgGLJbWvF4da9zgVOd0sOLwtVr/view?usp=drivesdk,,https://www.familysearch.org/ark:/61903/3:1:3QS7-L9M3-WKG1?i=785&wc=M6MV-BP8%3A224254401%2C226324801%2C226671701&cc=1929530&lang=en&groupId=1929530,,12.03.1834,RU_BOLSHOE_PLOSKOE,Вишньоволоцький повіт / Тверська губернія,Капітоліна Іванівна Максимова,,,,,
rec_76_r_9,,Ревізькі казки,r,9-а ревізія,,,https://drive.google.com/file/d/16w4NdAYuj1ROQkf3UC_44Wd1FPP9ATjH/view?usp=drivesdk,,https://www.familysearch.org/ark:/61903/3:1:3QS7-89M3-KX5B?i=454&wc=M6MK-QP8%3A224254401%2C226324801%2C226823801&cc=1929530&lang=en&groupId=1929530,,14.10.1850,RU_BOLSHOE_PLOSKOE,Вишньоволоцький повіт / Тверська губернія,Капітоліна Іванівна Максимова,,,,,
rec_76_r_10,,Ревізькі казки,r,10-а ревізія,,,https://drive.google.com/file/d/1GWqBIYbpW7D5vUMHJkULRl5HZ76E8NI8/view?usp=drivesdk,,https://www.familysearch.org/ark:/61903/3:1:33S7-811Y-LRZ?i=423&wc=M6MK-HNL%3A224254401%2C226324801%2C226925601&cc=1929530&lang=en&groupId=1929530,,15.04.1858,RU_BOLSHOE_PLOSKOE,Вишньоволоцький повіт / Тверська губернія,Агей Силович Максимов,,,,,
rec_77_r_4,,Ревізькі казки,r,4-а ревізія,,,https://drive.google.com/file/d/15Nad1E7jHOmO_rGqrwYRRzQAWqkTfEqJ/view?usp=drivesdk,,https://www.familysearch.org/ark:/61903/3:1:33S7-L11B-94HC?i=175&cc=1929530&cat=784335&lang=en&groupId=1929530,,06.1782,RU_GORODOK,Двірцева Козловська волость / Вишньоволоцький повіт / Тверське намісництво,Двірцеве відомство,,,,,
rec_77_r_5,,Ревізькі казки,r,5-а ревізія,,,https://drive.google.com/file/d/1IeKwT0ewRzgRaBZTVX1a5SUZEDQrQzLH/view?usp=drivesdk,,https://www.familysearch.org/ark:/61903/3:1:3QS7-L9MM-MWKV?i=40&wc=M6MV-N68%3A224254401%2C226324801%2C226421401&cc=1929530&lang=en&groupId=1929530,,26.06.1795,RU_GORODOK,Двірцева Козловська вотчина / 1-ша Осеченська волость / Вишньоволоцький повіт / Тверське намісництво,Двірцеве відомство,,,,,
rec_77_r_7,,Ревізькі казки,r,7-а ревізія,,,https://drive.google.com/file/d/1STyuLl9DRV_9a9NdfCnwJBn2UiT05bbB/view?usp=drivesdk,,https://www.familysearch.org/ark:/61903/3:1:3QS7-89MM-K7HT?i=271&wc=M6MV-GTL%3A224254401%2C226324801%2C226509001&cc=1929530&lang=en&groupId=1929530,,03.1816,RU_BOLSHOE_PLOSKOE,Вишньоволоцький повіт / Тверська губернія,Іван Терентійович Сназін,,,,,
rec_78_r_5,,Ревізькі казки,r,5-а ревізія,,,https://drive.google.com/file/d/1IeKwT0ewRzgRaBZTVX1a5SUZEDQrQzLH/view?usp=drivesdk,,https://www.familysearch.org/ark:/61903/3:1:3QS7-L9MM-MWKV?i=40&wc=M6MV-N68%3A224254401%2C226324801%2C226421401&cc=1929530&lang=en&groupId=1929530,,26.06.1795,RU_GORODOK,Двірцева Козловська вотчина / 1-ша Осеченська волость / Вишньоволоцький повіт / Тверське намісництво,Двірцеве відомство,,,,,
rec_78_r_6,,Ревізькі казки,r,6-а ревізія,,,https://drive.google.com/file/d/1BtB8yDGme485_XRsDcPmkTKoauCeexML/view?usp=drivesdk,,https://www.familysearch.org/ark:/61903/3:1:3QS7-L9M3-GBT3?i=71&wc=M6MV-LTL%3A224254401%2C226324801%2C226483201&cc=1929530&lang=en&groupId=1929530,,22.12.1811,RU_GORODOK,Вишньоволоцький повіт / Тверська губернія,Іван Терентійович Сназін,,,,,
rec_78_r_7,,Ревізькі казки,r,7-а ревізія,,,https://drive.google.com/file/d/1vu9id2FLeK45l0Size5CK7sP3fsRUYs1/view?usp=drivesdk,,https://www.familysearch.org/ark:/61903/3:1:3QSQ-G9MM-KQYP?i=238&wc=M6MV-GTL%3A224254401%2C226324801%2C226509001&cc=1929530&lang=uk&groupId=1929530,,03.1816,RU_GORODOK,Вишньоволоцький повіт / Тверська губернія,Іван Терентійович Сназін,,,,,
rec_78_r_8,,Ревізькі казки,r,8-а ревізія,,,https://drive.google.com/file/d/1fNyRn7I2QdtmImP6LirOcDHRj5Dfo2Qv/view?usp=drivesdk,,https://www.familysearch.org/ark:/61903/3:1:3QS7-L9M3-4W7F?i=194&wc=M6MV-B68%3A224254401%2C226324801%2C226662401&cc=1929530&lang=en&groupId=1929530,,13.04.1834,RU_GORODOK,Вишньоволоцький повіт / Тверська губернія,Олексій Іванович Сназін,,,,,
rec_78_r_9,,Ревізькі казки,r,9-а ревізія,,,https://drive.google.com/file/d/1NmpA9wdrinGo1KR7aqhMiZVtCn1qav6X/view?usp=drivesdk,,https://www.familysearch.org/ark:/61903/3:1:3QS7-89M3-CDM7?i=251&wc=M6MK-QTL%3A224254401%2C226324801%2C226772701&cc=1929530&lang=en&groupId=1929530,,14.10.1850,RU_GORODOK,Вишньоволоцький повіт / Тверська губернія,Олексій Іванович Сназін,,,,,
rec_79_r_4,,Ревізькі казки,r,4-а ревізія,,,https://drive.google.com/file/d/1xeTNUXog80lIbQvBDXQvM5z5nLEMo6--/view?usp=drive_link,,https://www.familysearch.org/ark:/61903/3:1:33SQ-G11B-9ZBG?i=227&cc=1929530&cat=784335&lang=en&groupId=1929530,,06.1782,RU_NIKULINO,Двірцева Козловська волость / Вишньоволоцький повіт / Тверське намісництво,Двірцеве відомство,,,,,
rec_79_r_5,,Ревізькі казки,r,5-а ревізія,,,https://drive.google.com/file/d/1bdvzl3_MCa0X8UmARcV8sa-WFO_1z21K/view?usp=drivesdk,,https://www.familysearch.org/ark:/61903/3:1:3QSQ-G9MM-MWRT?i=20&wc=M6MV-N68%3A224254401%2C226324801%2C226421401&cc=1929530&lang=en&groupId=1929530,,26.06.1795,RU_NIKULINO,Двірцева Козловська вотчина / 1-ша Осеченська волость / Вишньоволоцький повіт / Тверське намісництво,Двірцеве відомство,,,,,
rec_79_r_7,,Ревізькі казки,r,7-а ревізія,,,https://drive.google.com/file/d/1vu9id2FLeK45l0Size5CK7sP3fsRUYs1/view?usp=drivesdk,,https://www.familysearch.org/ark:/61903/3:1:3QSQ-G9MM-KQYP?i=238&wc=M6MV-GTL%3A224254401%2C226324801%2C226509001&cc=1929530&lang=uk&groupId=1929530,,03.1816,RU_GORODOK,Вишньоволоцький повіт / Тверська губернія,Іван Терентійович Сназін,,,,,
rec_79_r_8,,Ревізькі казки,r,8-а ревізія,,,https://drive.google.com/file/d/1fNyRn7I2QdtmImP6LirOcDHRj5Dfo2Qv/view?usp=drivesdk,,https://www.familysearch.org/ark:/61903/3:1:3QS7-L9M3-4W7F?i=194&wc=M6MV-B68%3A224254401%2C226324801%2C226662401&cc=1929530&lang=en&groupId=1929530,,13.04.1834,RU_GORODOK,Вишньоволоцький повіт / Тверська губернія,Олексій Іванович Сназін,,,,,
rec_79_r_9,,Ревізькі казки,r,9-а ревізія,,,https://drive.google.com/file/d/1NmpA9wdrinGo1KR7aqhMiZVtCn1qav6X/view?usp=drivesdk,,https://www.familysearch.org/ark:/61903/3:1:3QS7-89M3-CDM7?i=251&wc=M6MK-QTL%3A224254401%2C226324801%2C226772701&cc=1929530&lang=en&groupId=1929530,,14.10.1850,RU_GORODOK,Вишньоволоцький повіт / Тверська губернія,Олексій Іванович Сназін,,,,,
rec_79_r_10,,Ревізькі казки,r,10-а ревізія,,,https://drive.google.com/file/d/1MAn-5PL43T6Hr8CSHZeu_pEpkCYN8_Vw/view?usp=drivesdk,,https://www.familysearch.org/ark:/61903/3:1:33S7-811T-XKR?i=679&wc=M6MK-868%3A224254401%2C226324801%2C226989701&cc=1929530&lang=en&groupId=1929530,,08.05.1858,RU_GORODOK,Вишньоволоцький повіт / Тверська губернія,Олексій Іванович Сназін,,,,,
rec_80_r_6,,Ревізькі казки,r,6-а ревізія,,,https://drive.google.com/file/d/1Wdmy2VdATg2v0t3DDyAIH3g5vFipvR3C/view?usp=drivesdk,,https://www.familysearch.org/ark:/61903/3:1:3QS7-L9MM-FPZ7?i=251&wc=M6MV-LZS%3A224254401%2C226324801%2C226462101&cc=1929530&lang=en&groupId=1929530,,09.1811,RU_DOMOSLAVL,Економічна Бабська вотчина / 1-ша Ясеновська волость / Вишньоволоцький повіт / Тверська губернія,Міністерство фінансів Російської імперії,,,,,
rec_80_r_7,,Ревізькі казки,r,7-а ревізія,,,https://drive.google.com/file/d/1ICZApBMEvOo5aBMhd7aYoz2JCfSgOmg_/view?usp=drivesdk,,https://www.familysearch.org/ark:/61903/3:1:3QSQ-G9MM-2BNM?i=343&wc=M6MV-LZ9%3A224254401%2C226324801%2C226539201&cc=1929530&lang=en&groupId=1929530,,14.03.1816,RU_DOMOSLAVL,Економічна Бабська вотчина / 1-ша Ясеновська волость / Вишньоволоцький повіт / Тверська губернія,Міністерство фінансів Російської імперії,,,,,
rec_80_r_8,,Ревізькі казки,r,8-а ревізія,,,https://drive.google.com/file/d/1fsCj9rCgKKu1xrNPtRpWAyIVvlh-eCKQ/view?usp=drivesdk,,https://www.familysearch.org/ark:/61903/3:1:3QSQ-G9M3-WKX8?i=306&wc=M6MK-9M9%3A224254401%2C226324801%2C226696901&cc=1929530&lang=en&groupId=1929530,,17.04.1834,RU_DOMOSLAVL,Бабська вотчина / 1-ша Ясеновська волость / Вишньоволоцький повіт / Тверська губернія,Міністерство фінансів Російської імперії,,,,,
rec_80_r_9,,Ревізькі казки,r,9-а ревізія,,,https://drive.google.com/file/d/1N1vWpeRKBcz8yrAp6M0mWQMcSmveVQMY/view?usp=drivesdk,,https://www.familysearch.org/ark:/61903/3:1:3QS7-L9MQ-MNWY?i=164&wc=M6MK-H23%3A224254401%2C226324801%2C226896701&cc=1929530&lang=en&groupId=1929530,,02.10.1850,RU_DOMOSLAVL,Цирибушевське сільське товариство / Артюхінська волость / Вишньоволоцький повіт / Тверська губернія,⁠Міністерство державного майна Російської імперії,,,,,
rec_80_r_10,,Ревізькі казки,r,10-а ревізія,,,https://drive.google.com/file/d/1ln9PgMdo9YZzC5Y30QZ4cqeejbhXsATC/view?usp=drivesdk,,https://www.familysearch.org/ark:/61903/3:1:33S7-L11Y-Z22?i=732&wc=M6MK-X68%3A224254401%2C226324801%2C227030001&cc=1929530&lang=en&groupId=1929530,,20.03.1858,RU_DOMOSLAVL,Цирибушевське сільське товариство / Ясеновська волость / Вишньоволоцький повіт / Тверська губернія,⁠Міністерство державного майна Російської імперії,,,,,
rec_81_r_7,,Ревізькі казки,r,7-а ревізія,,,https://drive.google.com/file/d/1NHVpZh9mFiSVEL_RigS3B1nApQt_V60f/view?usp=drivesdk,,https://www.familysearch.org/ark:/61903/3:1:3QS7-L9MM-2P15?i=345&wc=M6MV-LZ9%3A224254401%2C226324801%2C226539201&cc=1929530&lang=en&groupId=1929530,,14.03.1816,RU_DOMOSLAVL,Економічна Бабська вотчина / 1-ша Ясеновська волость / Вишньоволоцький повіт / Тверська губернія,Міністерство фінансів Російської імперії,,,,,
rec_81_r_8,,Ревізькі казки,r,8-а ревізія,,,https://drive.google.com/file/d/1TXs3AkQ_4ZLT4_8fdXHOuOSIeDIWtBeY/view?usp=drivesdk,,https://www.familysearch.org/ark:/61903/3:1:3QSQ-G9M3-WKDZ?i=307&wc=M6MK-9M9%3A224254401%2C226324801%2C226696901&cc=1929530&lang=en&groupId=1929530,,17.04.1834,RU_DOMOSLAVL,Бабська вотчина / 1-ша Ясеновська волость / Вишньоволоцький повіт / Тверська губернія,Міністерство фінансів Російської імперії,,,,,
rec_81_r_9,,Ревізькі казки,r,9-а ревізія,,,https://drive.google.com/file/d/1N1vWpeRKBcz8yrAp6M0mWQMcSmveVQMY/view?usp=drivesdk,,https://www.familysearch.org/ark:/61903/3:1:3QS7-L9MQ-MNWY?i=164&wc=M6MK-H23%3A224254401%2C226324801%2C226896701&cc=1929530&lang=en&groupId=1929530,,02.10.1850,RU_DOMOSLAVL,Цирибушевське сільське товариство / Артюхінська волость / Вишньоволоцький повіт / Тверська губернія,⁠Міністерство державного майна Російської імперії,,,,,
rec_81_r_10,,Ревізькі казки,r,10-а ревізія,,,https://drive.google.com/file/d/1ln9PgMdo9YZzC5Y30QZ4cqeejbhXsATC/view?usp=drivesdk,,https://www.familysearch.org/ark:/61903/3:1:33S7-L11Y-Z22?i=732&wc=M6MK-X68%3A224254401%2C226324801%2C227030001&cc=1929530&lang=en&groupId=1929530,,20.03.1858,RU_DOMOSLAVL,Цирибушевське сільське товариство / Ясеновська волость / Вишньоволоцький повіт / Тверська губернія,⁠Міністерство державного майна Російської імперії,,,,,
rec_82_r_5,,Ревізькі казки,r,5-а ревізія,,,https://drive.google.com/file/d/1wojMzkeFY5O-mzsPTzLIQQewANluU61K/view?usp=drivesdk,,https://www.familysearch.org/ark:/61903/3:1:3QS7-L9MM-MNTL?i=938&wc=M6MV-N68%3A224254401%2C226324801%2C226421401&cc=1929530&lang=en&groupId=1929530,,06.1795,RU_KARABIKHA,Двірцева Осеченська Карельська волость / Вишньоволоцький повіт / Тверське намісництво,Двірцеве відомство,,,,,
rec_82_r_6,,Ревізькі казки,r,6-а ревізія,,,https://drive.google.com/file/d/1j81OnjCUdQMniuihGKkXyYn5_cEsH_X7/view?usp=drivesdk,,https://www.familysearch.org/ark:/61903/3:1:3QS7-89MM-FST8?i=496&wc=M6MV-LZS%3A224254401%2C226324801%2C226462101&cc=1929530&lang=en&groupId=1929530,,07.1811,RU_KARABIKHA,Осеченська Карельська вотчина / Осеченський сільський приказ / Вишньоволоцький повіт / Тверська губернія,Удільне відомство,,,,,
rec_82_r_7,,Ревізькі казки,r,7-а ревізія,,,https://drive.google.com/file/d/17TNTM7kl1I_I2sHeQ1lnA0FaEdKQWekk/view?usp=drivesdk,,https://www.familysearch.org/ark:/61903/3:1:3QS7-89MM-LFH8?i=1142&wc=M6MV-LZ9%3A224254401%2C226324801%2C226539201&cc=1929530&lang=en&groupId=1929530,,08.03.1816,RU_KARABIKHA,Осеченська Карельська вотчина / Осеченський сільський приказ / Вишньоволоцький повіт / Тверська губернія,Удільне відомство,,,,,
rec_82_r_8,,Ревізькі казки,r,8-а ревізія,,,https://drive.google.com/file/d/1i1tigiLbJhLXDRNDxTUHhovqBiqt2WVA/view?usp=drivesdk,,https://www.familysearch.org/ark:/61903/3:1:3QSQ-G9M3-HL6J?i=218&wc=M6MK-M29%3A224254401%2C226324801%2C226710501&cc=1929530&lang=en&groupId=1929530,,10.04.1834,RU_KARABIKHA,Осеченський сільський приказ / Вишньоволоцький повіт / Тверська губернія,Удільне відомство,,,,,
rec_82_r_9,,Ревізькі казки,r,9-а ревізія,,,https://drive.google.com/file/d/1Y3X5PHvYJW4BdyXu7W1aWMbYyqFhZmVX/view?usp=drivesdk,,https://www.familysearch.org/ark:/61903/3:1:3QSQ-G9M3-Y9WT-9?i=308&wc=M699-VWG%3A224254401%2C234793301%2C226863201&cc=1929530&lang=en&groupId=1929530,,29.10.1850,RU_KARABIKHA,Осеченський сільський приказ / Вишньоволоцький повіт / Тверська губернія,Удільне відомство,,,,,
rec_83_r_7,,Ревізькі казки,r,7-а ревізія,,,https://drive.google.com/file/d/1mnnvZZDrRGpxQew-dSeVNXA_wnaBmZoF/view?usp=drivesdk,,https://www.familysearch.org/ark:/61903/3:1:3QS7-89MM-LN9S?i=962&wc=M6MV-LZ9%3A224254401%2C226324801%2C226539201&cc=1929530&lang=en&groupId=1929530,,08.03.1816,RU_FEDOVO,Осеченська Карельська вотчина / Осеченський сільський приказ / Вишньоволоцький повіт / Тверська губернія,Удільне відомство,,,,,
rec_83_r_8,,Ревізькі казки,r,8-а ревізія,,,https://drive.google.com/file/d/1i1tigiLbJhLXDRNDxTUHhovqBiqt2WVA/view?usp=drivesdk,,https://www.familysearch.org/ark:/61903/3:1:3QSQ-G9M3-HL6J?i=218&wc=M6MK-M29%3A224254401%2C226324801%2C226710501&cc=1929530&lang=en&groupId=1929530,,10.04.1834,RU_KARABIKHA,Осеченський сільський приказ / Вишньоволоцький повіт / Тверська губернія,Удільне відомство,,,,,
rec_84_r_5,,Ревізькі казки,r,5-а ревізія,,,https://drive.google.com/file/d/14JRLRPQpJZnjNMxnu3ssdq1lMkE7aZoi/view?usp=drive_link,,https://www.familysearch.org/ark:/61903/3:1:3QS7-L9MM-MJ3J?i=925&wc=M6MV-N68%25253A224254401%25252C226324801%25252C226421401&cc=1929530&lang=en&groupId=1929530,,26.06.1795,RU_KOZLOVO_D,Двірцева Осеченська Карельська волость / Вишньоволоцький повіт / Тверське намісництво,Двірцеве відомство,,,,,
rec_84_r_6,,Ревізькі казки,r,6-а ревізія,,,https://drive.google.com/file/d/1e-h29DmLpKpsf13wFs2F5OIpMwWMy7Mg/view?usp=drivesdk,,https://www.familysearch.org/ark:/61903/3:1:3QS7-L9MM-FSC2?i=494&wc=M6MV-LZS%3A224254401%2C226324801%2C226462101&cc=1929530&lang=en&groupId=1929530,,08.1811,RU_KOZLOVO_D,Осеченська Карельська вотчина / Осеченський сільський приказ / Вишньоволоцький повіт / Тверська губернія,Удільне відомство,,,,,
rec_84_r_7,,Ревізькі казки,r,7-а ревізія,,,https://drive.google.com/file/d/1yfiqxUZ9UA7Kyzgp1abieewqZSg1UFN6/view?usp=drivesdk,,https://www.familysearch.org/ark:/61903/3:1:3QS7-89MM-LF92?i=1136&wc=M6MV-LZ9%3A224254401%2C226324801%2C226539201&cc=1929530&lang=en&groupId=1929530,,08.03.1816,RU_KOZLOVO_D,Осеченська Карельська вотчина / Осеченський сільський приказ / Вишньоволоцький повіт / Тверська губернія,Удільне відомство,,,,,
rec_84_r_8,,Ревізькі казки,r,8-а ревізія,,,https://drive.google.com/file/d/1UNhmqd0UBbmgKQJ71xY191nqx0QbN8zE/view?usp=drivesdk,,https://www.familysearch.org/ark:/61903/3:1:3QS7-L9MQ-697Z-K?i=753&cc=1929530&lang=en&groupId=1929530,,10.04.1834,RU_KOZLOVO_D,Осеченський сільський приказ / Вишньоволоцький повіт / Тверська губернія,Удільне відомство,,,,,
rec_84_r_9,,Ревізькі казки,r,9-а ревізія,,,https://drive.google.com/file/d/1ClUC8ijXewanS64duQK9vU_wn7SK7q0K/view?usp=drivesdk,,https://www.familysearch.org/ark:/61903/3:1:3QS7-89M3-Y9S5-8?i=279&wc=M699-VWG%3A224254401%2C234793301%2C226863201&cc=1929530&lang=en&groupId=1929530,,29.10.1850,RU_KOZLOVO_D,Осеченський сільський приказ / Вишньоволоцький повіт / Тверська губернія,Удільне відомство,,,,,
rec_85_r_5,,Ревізькі казки,r,5-а ревізія,,,https://drive.google.com/file/d/1lcE_sbyu9whsQtJdVB5WAhIWkE43UMgR/view?usp=drive_link,,https://www.familysearch.org/ark:/61903/3:1:3QS7-L9MM-M854?i=65&wc=M6MV-N38%3A224254401%2C226324801%2C226412901&cc=1929530&lang=en&groupId=1929530,,06.1795,RU_KALYAGINO,Економічна Бабська вотчина / Вишньоволоцький повіт / Тверське намісництво,Тверська казенна палата,,,,,
rec_85_r_7,,Ревізькі казки,r,7-а ревізія,,,https://drive.google.com/file/d/1yfiqxUZ9UA7Kyzgp1abieewqZSg1UFN6/view?usp=drivesdk,,https://www.familysearch.org/ark:/61903/3:1:3QS7-89MM-LF92?i=1136&wc=M6MV-LZ9%3A224254401%2C226324801%2C226539201&cc=1929530&lang=en&groupId=1929530,,08.03.1816,RU_KOZLOVO_D,Осеченська Карельська вотчина / Осеченський сільський приказ / Вишньоволоцький повіт / Тверська губернія,Удільне відомство,,,,,
rec_85_r_8,,Ревізькі казки,r,8-а ревізія,,,https://drive.google.com/file/d/1UNhmqd0UBbmgKQJ71xY191nqx0QbN8zE/view?usp=drivesdk,,https://www.familysearch.org/ark:/61903/3:1:3QS7-L9MQ-697Z-K?i=753&cc=1929530&lang=en&groupId=1929530,,10.04.1834,RU_KOZLOVO_D,Осеченський сільський приказ / Вишньоволоцький повіт / Тверська губернія,Удільне відомство,,,,,
rec_86_r_5,,Ревізькі казки,r,5-а ревізія,,,https://drive.google.com/file/d/1NZqAmLaVocX9C8h9g8Vi4Ar0jstopuwp/view?usp=drivesdk,,https://www.familysearch.org/ark:/61903/3:1:3QS7-89MM-MJV7?i=933&wc=M6MV-N68%3A224254401%2C226324801%2C226421401&cc=1929530&lang=en&groupId=1929530,,06.1795,RU_ZYBUNOVO,Двірцева Осеченська Карельська волость / Вишньоволоцький повіт / Тверське намісництво,Двірцеве відомство,,,,,
rec_86_r_6,,Ревізькі казки,r,6-а ревізія,,,https://drive.google.com/file/d/1AH1l-sy8XhFLkLeiGW-FCjwavrqS0Hwg/view?usp=drivesdk,,https://www.familysearch.org/ark:/61903/3:1:3QS7-89MM-FSV2?i=495&wc=M6MV-LZS%3A224254401%2C226324801%2C226462101&cc=1929530&lang=en&groupId=1929530,,08.1811,RU_ZYBUNOVO,Осеченська Карельська вотчина / Осеченський сільський приказ / Вишньоволоцький повіт / Тверська губернія,Удільне відомство,,,,,
rec_86_r_7,,Ревізькі казки,r,7-а ревізія,,,https://drive.google.com/file/d/14p-rRbYOKG2labka1CBpLj-wAPvNpnCh/view?usp=drivesdk,,https://www.familysearch.org/ark:/61903/3:1:3QS7-89MM-LFMX?i=1141&wc=M6MV-LZ9%3A224254401%2C226324801%2C226539201&cc=1929530&lang=en&groupId=1929530,,08.03.1816,RU_ZYBUNOVO,Осеченська Карельська вотчина / Осеченський сільський приказ / Вишньоволоцький повіт / Тверська губернія,Удільне відомство,,,,,
rec_86_r_8,,Ревізькі казки,r,8-а ревізія,,,https://drive.google.com/file/d/1FRcGmpMqFt35X2ttFXvtSnWGYYRylI9q/view?usp=drivesdk,,https://www.familysearch.org/ark:/61903/3:1:3QS7-L9MQ-6973-5?i=759&cc=1929530&lang=en&groupId=1929530,,10.04.1834,RU_ZYBUNOVO,Осеченський сільський приказ / Вишньоволоцький повіт / Тверська губернія,Удільне відомство,,,,,
rec_86_r_9,,Ревізькі казки,r,9-а ревізія,,,https://drive.google.com/file/d/1uNK6wq1hMFtp9wgN3giOjUIFKAgsLS5v/view?usp=drivesdk,,https://www.familysearch.org/ark:/61903/3:1:3QS7-89M3-Y9SL-C?i=289&wc=M699-VWG%3A224254401%2C234793301%2C226863201&cc=1929530&lang=en&groupId=1929530,,29.10.1850,RU_ZYBUNOVO,Осеченський сільський приказ / Вишньоволоцький повіт / Тверська губернія,Удільне відомство,,,,,
rec_86_r_10,,Ревізькі казки,r,10-а ревізія,,,https://drive.google.com/file/d/1jp80-GlR8obBquUQF9-6uzI9Cw4aAnVP/view?usp=drivesdk,,https://www.familysearch.org/ark:/61903/3:1:33S7-811Y-7C6?i=56&wc=M6MK-F68%3A224254401%2C226324801%2C227054601&cc=1929530&lang=en&groupId=1929530,,30.04.1858,RU_ZYBUNOVO,Осеченський сільський приказ / Вишньоволоцький повіт / Тверська губернія,Удільне відомство,,,,,
rec_87_r_5,,Ревізькі казки,r,5-а ревізія,,,https://drive.google.com/file/d/1zeXp9EmdTT1u4pDe0v0pg3YiAr3Aa2qo/view?usp=drivesdk,,https://www.familysearch.org/ark:/61903/3:1:3QSQ-G9MM-MF57?i=913&wc=M6MV-N68%3A224254401%2C226324801%2C226421401&cc=1929530&lang=en&groupId=1929530,,06.1795,RU_BUDILOVO,Двірцева Осеченська Карельська волость / Вишньоволоцький повіт / Тверське намісництво,Двірцеве відомство,,,,,
rec_87_r_7,,Ревізькі казки,r,7-а ревізія,,,https://drive.google.com/file/d/14p-rRbYOKG2labka1CBpLj-wAPvNpnCh/view?usp=drivesdk,,https://www.familysearch.org/ark:/61903/3:1:3QS7-89MM-LFMX?i=1141&wc=M6MV-LZ9%3A224254401%2C226324801%2C226539201&cc=1929530&lang=en&groupId=1929530,,08.03.1816,RU_ZYBUNOVO,Осеченська Карельська вотчина / Осеченський сільський приказ / Вишньоволоцький повіт / Тверська губернія,Удільне відомство,,,,,
rec_87_r_8,,Ревізькі казки,r,8-а ревізія,,,https://drive.google.com/file/d/1FRcGmpMqFt35X2ttFXvtSnWGYYRylI9q/view?usp=drivesdk,,https://www.familysearch.org/ark:/61903/3:1:3QS7-L9MQ-6973-5?i=759&cc=1929530&lang=en&groupId=1929530,,10.04.1834,RU_ZYBUNOVO,Осеченський сільський приказ / Вишньоволоцький повіт / Тверська губернія,Удільне відомство,,,,,
rec_87_r_9,,Ревізькі казки,r,9-а ревізія,,,https://drive.google.com/file/d/1uNK6wq1hMFtp9wgN3giOjUIFKAgsLS5v/view?usp=drivesdk,,https://www.familysearch.org/ark:/61903/3:1:3QS7-89M3-Y9SL-C?i=289&wc=M699-VWG%3A224254401%2C234793301%2C226863201&cc=1929530&lang=en&groupId=1929530,,29.10.1850,RU_ZYBUNOVO,Осеченський сільський приказ / Вишньоволоцький повіт / Тверська губернія,Удільне відомство,,,,,
rec_87_r_10,,Ревізькі казки,r,10-а ревізія,,,https://drive.google.com/file/d/1jp80-GlR8obBquUQF9-6uzI9Cw4aAnVP/view?usp=drivesdk,,https://www.familysearch.org/ark:/61903/3:1:33S7-811Y-7C6?i=56&wc=M6MK-F68%3A224254401%2C226324801%2C227054601&cc=1929530&lang=en&groupId=1929530,,30.04.1858,RU_ZYBUNOVO,Осеченський сільський приказ / Вишньоволоцький повіт / Тверська губернія,Удільне відомство,,,,,
rec_90_r_5,,Ревізькі казки,r,5-а ревізія,,,https://drive.google.com/file/d/1oH4e35ZBap3NIbHwx9VBjnyW50PHOe1J/view?usp=drive_link,,https://www.familysearch.org/ark:/61903/3:1:3QS7-89MM-MJXJ?i=930&wc=M6MV-N68%3A224254401%2C226324801%2C226421401&cc=1929530&lang=en&groupId=1929530,,06.1795,RU_ZYBUNOVO,Двірцева Осеченська Карельська волость / Вишньоволоцький повіт / Тверське намісництво,Двірцеве відомство,,,,,
rec_90_r_6,,Ревізькі казки,r,6-а ревізія,,,https://drive.google.com/file/d/1AH1l-sy8XhFLkLeiGW-FCjwavrqS0Hwg/view?usp=drivesdk,,https://www.familysearch.org/ark:/61903/3:1:3QS7-89MM-FSV2?i=495&wc=M6MV-LZS%3A224254401%2C226324801%2C226462101&cc=1929530&lang=en&groupId=1929530,,08.1811,RU_ZYBUNOVO,Осеченська Карельська вотчина / Осеченський сільський приказ / Вишньоволоцький повіт / Тверська губернія,Удільне відомство,,,,,
rec_90_r_7,,Ревізькі казки,r,7-а ревізія,,,https://drive.google.com/file/d/1h20K6EANWndVsERkQFxEUWSjxY97ES5-/view?usp=drivesdk,,https://www.familysearch.org/ark:/61903/3:1:3QS7-89MM-LF7S?i=1139&wc=M6MV-LZ9%3A224254401%2C226324801%2C226539201&cc=1929530&lang=en&groupId=1929530,,08.03.1816,RU_ZYBUNOVO,Осеченська Карельська вотчина / Осеченський сільський приказ / Вишньоволоцький повіт / Тверська губернія,Удільне відомство,,,,,
rec_90_r_8,,Ревізькі казки,r,8-а ревізія,,,https://drive.google.com/file/d/1DXlki0HSbrd4qyHktFYj-BatTHBHGeL8/view?usp=drivesdk,,https://www.familysearch.org/ark:/61903/3:1:3QSQ-G9MQ-6972-Z?i=757&cc=1929530&lang=en&groupId=1929530,,10.04.1834,RU_ZYBUNOVO,Осеченський сільський приказ / Вишньоволоцький повіт / Тверська губернія,Удільне відомство,,,,,
rec_90_r_9,,Ревізькі казки,r,9-а ревізія,,,https://drive.google.com/file/d/1uNK6wq1hMFtp9wgN3giOjUIFKAgsLS5v/view?usp=drivesdk,,https://www.familysearch.org/ark:/61903/3:1:3QS7-89M3-Y9SL-C?i=289&wc=M699-VWG%3A224254401%2C234793301%2C226863201&cc=1929530&lang=en&groupId=1929530,,29.10.1850,RU_ZYBUNOVO,Осеченський сільський приказ / Вишньоволоцький повіт / Тверська губернія,Удільне відомство,,,,,
rec_90_r_10,,Ревізькі казки,r,10-а ревізія,,,https://drive.google.com/file/d/1jp80-GlR8obBquUQF9-6uzI9Cw4aAnVP/view?usp=drivesdk,,https://www.familysearch.org/ark:/61903/3:1:33S7-811Y-7C6?i=56&wc=M6MK-F68%3A224254401%2C226324801%2C227054601&cc=1929530&lang=en&groupId=1929530,,30.04.1858,RU_ZYBUNOVO,Осеченський сільський приказ / Вишньоволоцький повіт / Тверська губернія,Удільне відомство,,,,,
rec_91_r_7,,Ревізькі казки,r,7-а ревізія,,,https://drive.google.com/file/d/1ikuBhKdeDzu7MT6IpTbD7mfUA5NKTGK8/view?usp=drivesdk,,https://www.familysearch.org/ark:/61903/3:1:3QS7-89MM-LF91?i=1173&wc=M6MV-LZ9%3A224254401%2C226324801%2C226539201&cc=1929530&lang=en&groupId=1929530,,08.03.1816,RU_KOSKOVO,Осеченська Карельська вотчина / Осеченський сільський приказ / Вишньоволоцький повіт / Тверська губернія,Удільне відомство,,,,,
rec_91_r_8,,Ревізькі казки,r,8-а ревізія,,,https://drive.google.com/file/d/1DXlki0HSbrd4qyHktFYj-BatTHBHGeL8/view?usp=drivesdk,,https://www.familysearch.org/ark:/61903/3:1:3QSQ-G9MQ-6972-Z?i=757&cc=1929530&lang=en&groupId=1929530,,10.04.1834,RU_ZYBUNOVO,Осеченський сільський приказ / Вишньоволоцький повіт / Тверська губернія,Удільне відомство,,,,,
rec_92_r_6,,Ревізькі казки,r,6-а ревізія,,,https://drive.google.com/file/d/1MBQ7pGLACzoWR-jSz-FuiWD38qxGfoMe/view?usp=drivesdk,,https://www.familysearch.org/ark:/61903/3:1:3QS7-89MM-FSKT?i=493&wc=M6MV-LZS%3A224254401%2C226324801%2C226462101&cc=1929530&lang=en&groupId=1929530,,08.1811,RU_KOZLOVO_D,Осеченська Карельська вотчина / Осеченський сільський приказ / Вишньоволоцький повіт / Тверська губернія,Удільне відомство,,,,,
rec_92_r_7,,Ревізькі казки,r,7-а ревізія,,,https://drive.google.com/file/d/1o3p2q0MMaozdWAgFwwXS1farKiDMt-Dr/view?usp=drive_link,,https://www.familysearch.org/ark:/61903/3:1:3QS7-L9MM-L6TM?i=1133&wc=M6MV-LZ9%3A224254401%2C226324801%2C226539201&cc=1929530&lang=uk&groupId=1929530,,08.03.1816,RU_KOZLOVO_D,Осеченська Карельська вотчина / Осеченський сільський приказ / Вишньоволоцький повіт / Тверська губернія,Удільне відомство,,,,,
rec_92_r_8,,Ревізькі казки,r,8-а ревізія,,,https://drive.google.com/file/d/1nG6L4UyKrVdT1GVTkqwkIaYpPzSb1wAm/view?usp=drivesdk,,https://www.familysearch.org/ark:/61903/3:1:3QS7-L9MQ-697D-D?i=749&cc=1929530&lang=en&groupId=1929530,,10.04.1834,RU_KOZLOVO_D,Осеченський сільський приказ / Вишньоволоцький повіт / Тверська губернія,Удільне відомство,,,,,
rec_92_r_9,,Ревізькі казки,r,9-а ревізія,,,https://drive.google.com/file/d/1EjxPU2ziXrTk_SzKHkZCcMXZO62hZVWv/view?usp=drivesdk,,https://www.familysearch.org/ark:/61903/3:1:3QSQ-G9M3-Y943-B?i=282&wc=M699-VWG%3A224254401%2C234793301%2C226863201&cc=1929530&lang=en&groupId=1929530,,29.10.1850,RU_KOZLOVO_D,Осеченський сільський приказ / Вишньоволоцький повіт / Тверська губернія,Удільне відомство,,,,,
rec_93_r_7,,Ревізькі казки,r,7-а ревізія,,,https://drive.google.com/file/d/1h20K6EANWndVsERkQFxEUWSjxY97ES5-/view?usp=drivesdk,,https://www.familysearch.org/ark:/61903/3:1:3QS7-89MM-LF7S?i=1139&wc=M6MV-LZ9%3A224254401%2C226324801%2C226539201&cc=1929530&lang=en&groupId=1929530,,08.03.1816,RU_ZYBUNOVO,Осеченська Карельська вотчина / Осеченський сільський приказ / Вишньоволоцький повіт / Тверська губернія,Удільне відомство,,,,,
rec_93_r_8,,Ревізькі казки,r,8-а ревізія,,,https://drive.google.com/file/d/1nG6L4UyKrVdT1GVTkqwkIaYpPzSb1wAm/view?usp=drivesdk,,https://www.familysearch.org/ark:/61903/3:1:3QS7-L9MQ-697D-D?i=749&cc=1929530&lang=en&groupId=1929530,,10.04.1834,RU_KOZLOVO_D,Осеченський сільський приказ / Вишньоволоцький повіт / Тверська губернія,Удільне відомство,,,,,
rec_94_r_5,,Ревізькі казки,r,5-а ревізія,,,https://drive.google.com/file/d/1nECQVwB0wuD-04kGt0nZtmQ-RatLbQef/view?usp=drivesdk,,https://www.familysearch.org/ark:/61903/3:1:3QS7-L9MM-MV2W?i=544&wc=M6MV-N68%3A224254401%2C226324801%2C226421401&cc=1929530&lang=en&groupId=1929530,,06.1795,RU_RUSSKAYA_GORA,Двірцева Осеченська Старожильська волость / Вишньоволоцький повіт / Тверське намісництво,Двірцеве відомство,,,,,
rec_94_r_6,,Ревізькі казки,r,6-а ревізія,,,https://drive.google.com/file/d/1YcJTMKk1u43KXhSSVMvIHFB4ilPpY2CF/view?usp=drivesdk,,https://www.familysearch.org/ark:/61903/3:1:3QS7-89MM-FS2Y?i=514&wc=M6MV-LZS%3A224254401%2C226324801%2C226462101&cc=1929530&lang=en&groupId=1929530,,07.1811,RU_RUSSKAYA_GORA,Осеченська Старожильська вотчина / Осеченський сільський приказ / Вишньоволоцький повіт / Тверська губернія,Удільне відомство,,,,,
rec_94_r_7,,Ревізькі казки,r,7-а ревізія,,,https://drive.google.com/file/d/1dubjn3j_0IwC17YesQo-DQAUudOR3gkL/view?usp=drivesdk,,https://www.familysearch.org/ark:/61903/3:1:3QS7-L9MM-L8CS?i=749&wc=M6MV-LZ9%3A224254401%2C226324801%2C226539201&cc=1929530&lang=en&groupId=1929530,,08.03.1816,RU_RUSSKAYA_GORA,Осеченська Старожильська вотчина / Осеченський сільський приказ / Вишньоволоцький повіт / Тверська губернія,Удільне відомство,,,,,
rec_94_r_8,,Ревізькі казки,r,8-а ревізія,,,https://drive.google.com/file/d/1uErKCbaABN0YDkScI8am4UKkU6x5BujB/view?usp=drivesdk,,https://www.familysearch.org/ark:/61903/3:1:3QSQ-G9M3-H5ZM?i=448&wc=M6MK-M29%3A224254401%2C226324801%2C226710501&cc=1929530&lang=en&groupId=1929530,,10.04.1834,RU_RUSSKAYA_GORA,Осеченський сільський приказ / Вишньоволоцький повіт / Тверська губернія,Удільне відомство,,,,,
rec_94_r_9,,Ревізькі казки,r,9-а ревізія,,,https://drive.google.com/file/d/11pIWCSgLc1MVbn5y2PrUswypvMlJ8mjh/view?usp=drivesdk,,https://www.familysearch.org/ark:/61903/3:1:3QS7-89M3-Y9SW-C?i=398&wc=M699-VWG%3A224254401%2C234793301%2C226863201&cc=1929530&lang=en&groupId=1929530,,29.10.1850,RU_RUSSKAYA_GORA,Осеченський сільський приказ / Вишньоволоцький повіт / Тверська губернія,Удільне відомство,,,,,
rec_94_r_10,,Ревізькі казки,r,10-а ревізія,,,https://drive.google.com/file/d/13PvYsz1AEHTJAXfaNXrrkl_6pyI6E-Gx/view?usp=drivesdk,,https://www.familysearch.org/ark:/61903/3:1:33S7-L11Y-Q59?i=156&wc=M6MK-F68%3A224254401%2C226324801%2C227054601&cc=1929530&lang=en&groupId=1929530,,30.04.1858,RU_RUSSKAYA_GORA,Осеченський сільський приказ / Вишньоволоцький повіт / Тверська губернія,Удільне відомство,,,,,
rec_95_r_5,,Ревізькі казки,r,5-а ревізія,,,https://drive.google.com/file/d/16zoJCJAs_rgyCsoOcyrgEYok37Exchxz/view?usp=drivesdk,,https://www.familysearch.org/ark:/61903/3:1:3QS7-89MM-MK43?i=541&wc=M6MV-N68%3A224254401%2C226324801%2C226421401&cc=1929530&lang=en&groupId=1929530,,06.1795,RU_RUSSKAYA_GORA,Двірцева Осеченська Старожильська волость / Вишньоволоцький повіт / Тверське намісництво,Двірцеве відомство,,,,,
rec_95_r_7,,Ревізькі казки,r,7-а ревізія,,,https://drive.google.com/file/d/1dubjn3j_0IwC17YesQo-DQAUudOR3gkL/view?usp=drivesdk,,https://www.familysearch.org/ark:/61903/3:1:3QS7-L9MM-L8CS?i=749&wc=M6MV-LZ9%3A224254401%2C226324801%2C226539201&cc=1929530&lang=en&groupId=1929530,,08.03.1816,RU_RUSSKAYA_GORA,Осеченська Старожильська вотчина / Осеченський сільський приказ / Вишньоволоцький повіт / Тверська губернія,Удільне відомство,,,,,
rec_95_r_8,,Ревізькі казки,r,8-а ревізія,,,https://drive.google.com/file/d/1uErKCbaABN0YDkScI8am4UKkU6x5BujB/view?usp=drivesdk,,https://www.familysearch.org/ark:/61903/3:1:3QSQ-G9M3-H5ZM?i=448&wc=M6MK-M29%3A224254401%2C226324801%2C226710501&cc=1929530&lang=en&groupId=1929530,,10.04.1834,RU_RUSSKAYA_GORA,Осеченський сільський приказ / Вишньоволоцький повіт / Тверська губернія,Удільне відомство,,,,,
rec_128_r_4-1,,Ревізькі казки,r,4-а ревізія,,,https://drive.google.com/file/d/1c6u0cfoY_Sq8aTPj-UqvZeJdjCimb5iE/view?usp=drivesdk,,https://www.familysearch.org/ark:/61903/3:1:33S7-L11B-9ZKG?i=331&cc=1929530&cat=784335&lang=en&groupId=1929530,,05.1782,RU_BORKI,Двірцева Трестенська волость / Вишньоволоцький повіт / Тверське намісництво,Двірцеве відомство,,,,,
rec_128_r_4-2,,Ревізькі казки,r,4-а ревізія,,,https://drive.google.com/file/d/1LPZv9ue4g3nYObArRYTbUxlcFcjFNu3-/view?usp=drivesdk,,https://www.familysearch.org/ark:/61903/3:1:33S7-L11B-9ZXY?i=336&cc=1929530&cat=784335&lang=en&groupId=1929530,,05.1782,RU_GAVRILKOVO,Двірцева Трестенська волость / Вишньоволоцький повіт / Тверське намісництво,Двірцеве відомство,,,,,
rec_128_r_5,,Ревізькі казки,r,5-а ревізія,,,https://drive.google.com/file/d/1UBjd7A6Mcrs7H3x0BmFT_OQnN_7N54Lm/view?usp=drivesdk,,https://www.familysearch.org/ark:/61903/3:1:3QS7-89MM-MWJ7?i=207&wc=M6MV-N68%3A224254401%2C226324801%2C226421401&cc=1929530&lang=en&groupId=1929530,,06.1795,RU_GAVRILKOVO,Двірцева Трестенська вотчина / 1-ша Осеченська волость / Вишньоволоцький повіт / Тверське намісництво,Двірцеве відомство,,,,,
rec_129_r_4,,Ревізькі казки,r,4-а ревізія,,,https://drive.google.com/file/d/1LPZv9ue4g3nYObArRYTbUxlcFcjFNu3-/view?usp=drivesdk,,https://www.familysearch.org/ark:/61903/3:1:33S7-L11B-9ZXY?i=336&cc=1929530&cat=784335&lang=en&groupId=1929530,,05.1782,RU_GAVRILKOVO,Двірцева Трестенська волость / Вишньоволоцький повіт / Тверське намісництво,Двірцеве відомство,,,,,
rec_129_r_5-1,,Ревізькі казки,r,5-а ревізія,,,https://drive.google.com/file/d/1UBjd7A6Mcrs7H3x0BmFT_OQnN_7N54Lm/view?usp=drivesdk,,https://www.familysearch.org/ark:/61903/3:1:3QS7-89MM-MWJ7?i=207&wc=M6MV-N68%3A224254401%2C226324801%2C226421401&cc=1929530&lang=en&groupId=1929530,,06.1795,RU_GAVRILKOVO,Двірцева Трестенська вотчина / 1-ша Осеченська волость / Вишньоволоцький повіт / Тверське намісництво,Двірцеве відомство,,,,,
rec_129_r_5-2,,Ревізькі казки,r,5-а ревізія,,,https://drive.google.com/file/d/1GVNqjHGUsuUGrwkbnQ6Cr-nGCZmpFkvg/view?usp=drivesdk,,https://www.familysearch.org/ark:/61903/3:1:3QS7-L9MM-M7P7?i=200&wc=M6MV-N68%3A224254401%2C226324801%2C226421401&cc=1929530&lang=en&groupId=1929530,,06.1795,RU_DVORISHCHE,Двірцева Трестенська вотчина / 1-ша Осеченська волость / Вишньоволоцький повіт / Тверське намісництво,Двірцеве відомство,,,,,
rec_130_r_4,,Ревізькі казки,r,4-а ревізія,,,https://drive.google.com/file/d/1omqp68lW5av0ZvEfvI-Il643TH6QxZdE/view?usp=drivesdk,,https://www.familysearch.org/ark:/61903/3:1:33S7-811B-9HGW?i=314&cc=1929530&cat=784335&lang=en&groupId=1929530,,05.1782,RU_DVORISHCHE,Двірцева Трестенська волость / Вишньоволоцький повіт / Тверське намісництво,Двірцеве відомство,,,,,
rec_130_r_5,,Ревізькі казки,r,5-а ревізія,,,https://drive.google.com/file/d/1pAHyqa0SVEKsvg5zEihGKhoyaFK5QSY1/view?usp=drivesdk,,https://www.familysearch.org/ark:/61903/3:1:3QS7-L9MM-M7TW?i=196&wc=M6MV-N68%3A224254401%2C226324801%2C226421401&cc=1929530&lang=en&groupId=1929530,,06.1795,RU_DVORISHCHE,Двірцева Трестенська вотчина / 1-ша Осеченська волость / Вишньоволоцький повіт / Тверське намісництво,Двірцеве відомство,,,,,
rec_130_r_6,,Ревізькі казки,r,6-а ревізія,,,https://drive.google.com/file/d/1bLMD_YayV8u6qYhUDy37wdARunXGW5vh/view?usp=drivesdk,,https://www.familysearch.org/ark:/61903/3:1:3QS7-89MM-X9SH-1?i=538&cc=1929530&cat=1985631&lang=en&groupId=1929530,,09.1811,RU_DVORISHCHE,Вишньоволоцький повіт / Тверська губернія,Євдокія Йосипівна Стогова;Євграф Федорович Стогов;Єлизавета Федорівна Стогова,,,,,
rec_131_r_4,,Ревізькі казки,r,4-а ревізія,,,https://drive.google.com/file/d/1omqp68lW5av0ZvEfvI-Il643TH6QxZdE/view?usp=drivesdk,,https://www.familysearch.org/ark:/61903/3:1:33S7-811B-9HGW?i=314&cc=1929530&cat=784335&lang=en&groupId=1929530,,05.1782,RU_DVORISHCHE,Двірцева Трестенська волость / Вишньоволоцький повіт / Тверське намісництво,Двірцеве відомство,,,,,
rec_131_r_5,,Ревізькі казки,r,5-а ревізія,,,https://drive.google.com/file/d/1pAHyqa0SVEKsvg5zEihGKhoyaFK5QSY1/view?usp=drivesdk,,https://www.familysearch.org/ark:/61903/3:1:3QS7-L9MM-M7TW?i=196&wc=M6MV-N68%3A224254401%2C226324801%2C226421401&cc=1929530&lang=en&groupId=1929530,,06.1795,RU_DVORISHCHE,Двірцева Трестенська вотчина / 1-ша Осеченська волость / Вишньоволоцький повіт / Тверське намісництво,Двірцеве відомство,,,,,
rec_132_r_4,,Ревізькі казки,r,4-а ревізія,,,https://drive.google.com/file/d/1tSOlNAtWg-_-ahH69_Jifokh6j5pWj7T/view?usp=drivesdk,,https://www.familysearch.org/ark:/61903/3:1:33SQ-G11B-9Z8W?i=319&cc=1929530&cat=784335&lang=en&groupId=1929530,,05.1782,RU_DVORISHCHE,Двірцева Трестенська волость / Вишньоволоцький повіт / Тверське намісництво,Двірцеве відомство,,,,,
rec_132_r_5,,Ревізькі казки,r,5-а ревізія,,,https://drive.google.com/file/d/1GVNqjHGUsuUGrwkbnQ6Cr-nGCZmpFkvg/view?usp=drivesdk,,https://www.familysearch.org/ark:/61903/3:1:3QS7-L9MM-M7P7?i=200&wc=M6MV-N68%3A224254401%2C226324801%2C226421401&cc=1929530,,06.1795,RU_DVORISHCHE,Двірцева Трестенська вотчина / 1-ша Осеченська волость / Вишньоволоцький повіт / Тверське намісництво,Двірцеве відомство,,,,,
rec_132_r_6,,Ревізькі казки,r,6-а ревізія,,,https://drive.google.com/file/d/1XQGEqNSa3FT_Q9hHIHMNQfximUW_at1P/view?usp=drivesdk,,https://www.familysearch.org/ark:/61903/3:1:3QS7-L9MM-X93Y-5?i=539&cc=1929530&cat=1985631&lang=en&groupId=1929530,,09.1811,RU_DVORISHCHE,Вишньоволоцький повіт / Тверська губернія,Євдокія Йосипівна Стогова;Євграф Федорович Стогов;Єлизавета Федорівна Стогова,,,,,
rec_133_r_3,,Ревізькі казки,r,3-а ревізія,,,https://drive.google.com/file/d/149hBAim4ggxacWSM39RRM2GRNTtLgreu/view?usp=drivesdk,,,,07.1762,RU_BEREZOVKA,Двірцевий Толмачевський погост / Новгородський повіт / Новгородська провінція / Новгородська губернія,Двірцеве відомство,,,,,
rec_133_r_4-1,,Ревізькі казки,r,4-а ревізія,,,https://drive.google.com/file/d/1yiF8bo2wHguCNuufSL7hxySezSNe09M6/view?usp=drivesdk,,https://www.familysearch.org/ark:/61903/3:1:33S7-L11B-94KK?i=150&cc=1929530&cat=1985631&lang=en&groupId=1929530,,06.1782,RU_BEREZOVKA,Двірцева Толмачевська волость / Вишньоволоцький повіт / Тверське намісництво,Двірцеве відомство,,,,,
rec_133_r_4-2,,Ревізькі казки,r,4-а ревізія,,,https://drive.google.com/file/d/1tSOlNAtWg-_-ahH69_Jifokh6j5pWj7T/view?usp=drivesdk,,https://www.familysearch.org/ark:/61903/3:1:33SQ-G11B-9Z8W?i=319&cc=1929530&cat=784335&lang=en&groupId=1929530,,05.1782,RU_DVORISHCHE,Двірцева Трестенська волость / Вишньоволоцький повіт / Тверське намісництво,Двірцеве відомство,,,,,
rec_133_r_5,,Ревізькі казки,r,5-а ревізія,,,https://drive.google.com/file/d/1GVNqjHGUsuUGrwkbnQ6Cr-nGCZmpFkvg/view?usp=drivesdk,,https://www.familysearch.org/ark:/61903/3:1:3QS7-L9MM-M7P7?i=200&wc=M6MV-N68%3A224254401%2C226324801%2C226421401&cc=1929530&lang=en&groupId=1929530,,06.1795,RU_DVORISHCHE,Двірцева Трестенська вотчина / 1-ша Осеченська волость / Вишньоволоцький повіт / Тверське намісництво,Двірцеве відомство,,,,,
rec_134_r_2,,Ревізькі казки,r,2-а ревізія,,,https://drive.google.com/file/d/1MxFRm6mWmL07O0DJYwriSQ0c4AoBSEBd/view?usp=drivesdk,,,,03.08.1745,RU_DVORISHCHE,Двірцева Трестенська волость / Новгородський повіт / Новгородська провінція / Новгородська губернія,Двірцеве відомство,,,,,
rec_134_r_4,,Ревізькі казки,r,4-а ревізія,,,https://drive.google.com/file/d/1jn8sZlNRdXaqWSFmjxPlP4khPBAEP_LE/view?usp=drivesdk,,https://www.familysearch.org/ark:/61903/3:1:33S7-811B-9H6H?i=317&cc=1929530&cat=784335&lang=en&groupId=1929530,,05.1782,RU_DVORISHCHE,Двірцева Трестенська волость / Вишньоволоцький повіт / Тверське намісництво,Двірцеве відомство,,,,,
rec_134_r_5,,Ревізькі казки,r,5-а ревізія,,,https://drive.google.com/file/d/1-u1VCl8qfTntJEHz3uyTCYsPjGEBd6vq/view?usp=drivesdk,,https://www.familysearch.org/ark:/61903/3:1:3QS7-89MM-MWGW?i=198&wc=M6MV-N68%253A224254401%252C226324801%252C226421401&cc=1929530,,06.1795,RU_DVORISHCHE,Двірцева Трестенська вотчина / 1-ша Осеченська волость / Вишньоволоцький повіт / Тверське намісництво,Двірцеве відомство,,,,,
rec_134_r_6,,Ревізькі казки,r,6-а ревізія,,,https://drive.google.com/file/d/1bLMD_YayV8u6qYhUDy37wdARunXGW5vh/view?usp=drivesdk,,https://www.familysearch.org/ark:/61903/3:1:3QS7-89MM-X9SH-1?i=538&cc=1929530&cat=1985631&lang=en&groupId=1929530,,09.1811,RU_DVORISHCHE,Вишньоволоцький повіт / Тверська губернія,Євдокія Йосипівна Стогова;Євграф Федорович Стогов;Єлизавета Федорівна Стогова,,,,,
rec_135_r_4,,Ревізькі казки,r,4-а ревізія,,,https://drive.google.com/file/d/1jn8sZlNRdXaqWSFmjxPlP4khPBAEP_LE/view?usp=drivesdk,,https://www.familysearch.org/ark:/61903/3:1:33S7-811B-9H6H?i=317&cc=1929530&cat=784335&lang=en&groupId=1929530,,05.1782,RU_DVORISHCHE,Двірцева Трестенська волость / Вишньоволоцький повіт / Тверське намісництво,Двірцеве відомство,,,,,
rec_135_r_5,,Ревізькі казки,r,5-а ревізія,,,https://drive.google.com/file/d/1-u1VCl8qfTntJEHz3uyTCYsPjGEBd6vq/view?usp=drivesdk,,https://www.familysearch.org/ark:/61903/3:1:3QS7-89MM-MWGW?i=198&wc=M6MV-N68%253A224254401%252C226324801%252C226421401&cc=1929530,,06.1795,RU_DVORISHCHE,Двірцева Трестенська вотчина / 1-ша Осеченська волость / Вишньоволоцький повіт / Тверське намісництво,Двірцеве відомство,,,,,
rec_136_r_4,,Ревізькі казки,r,4-а ревізія,,,https://drive.google.com/file/d/1tSOlNAtWg-_-ahH69_Jifokh6j5pWj7T/view?usp=drivesdk,,https://www.familysearch.org/ark:/61903/3:1:33SQ-G11B-9Z8W?i=319&cc=1929530&cat=784335&lang=en&groupId=1929530,,05.1782,RU_DVORISHCHE,Двірцева Трестенська волость / Вишньоволоцький повіт / Тверське намісництво,Двірцеве відомство,,,,,
rec_137_r_4,,Ревізькі казки,r,4-а ревізія,,,https://drive.google.com/file/d/1jn8sZlNRdXaqWSFmjxPlP4khPBAEP_LE/view?usp=drivesdk,,https://www.familysearch.org/ark:/61903/3:1:33S7-811B-9H6H?i=317&cc=1929530&cat=784335&lang=en&groupId=1929530,,05.1782,RU_DVORISHCHE,Двірцева Трестенська волость / Вишньоволоцький повіт / Тверське намісництво,Двірцеве відомство,,,,,
rec_137_r_5,,Ревізькі казки,r,5-а ревізія,,,https://drive.google.com/file/d/1-u1VCl8qfTntJEHz3uyTCYsPjGEBd6vq/view?usp=drivesdk,,https://www.familysearch.org/ark:/61903/3:1:3QS7-89MM-MWGW?i=198&wc=M6MV-N68%253A224254401%252C226324801%252C226421401&cc=1929530&lang=en&groupId=1929530,,06.1795,RU_DVORISHCHE,Двірцева Трестенська вотчина / 1-ша Осеченська волость / Вишньоволоцький повіт / Тверське намісництво,Двірцеве відомство,,,,,
rec_138_r_4,,Ревізькі казки,r,4-а ревізія,,,https://drive.google.com/file/d/1LPZv9ue4g3nYObArRYTbUxlcFcjFNu3-/view?usp=drivesdk,,https://www.familysearch.org/ark:/61903/3:1:33S7-L11B-9ZXY?i=336&cc=1929530&cat=784335&lang=en&groupId=1929530,,05.1782,RU_GAVRILKOVO,Двірцева Трестенська волость / Вишньоволоцький повіт / Тверське намісництво,Двірцеве відомство,,,,,
rec_138_r_5,,Ревізькі казки,r,5-а ревізія,,,https://drive.google.com/file/d/1qTjkKvPS0d5t4vFKyqMnupMxYJ5nIcu4/view?usp=drivesdk,,https://www.familysearch.org/ark:/61903/3:1:3QS7-89MM-MWX2?i=206&wc=M6MV-N68%3A224254401%2C226324801%2C226421401&cc=1929530&lang=en&groupId=1929530,,06.1795,RU_GAVRILKOVO,Двірцева Трестенська вотчина / 1-ша Осеченська волость / Вишньоволоцький повіт / Тверське намісництво,Двірцеве відомство,,,,,
rec_138_r_6,,Ревізькі казки,r,6-а ревізія,,,https://drive.google.com/file/d/1XQGEqNSa3FT_Q9hHIHMNQfximUW_at1P/view?usp=drivesdk,,https://www.familysearch.org/ark:/61903/3:1:3QS7-L9MM-X93Y-5?i=539&cc=1929530&cat=1985631&lang=en&groupId=1929530,,09.1811,RU_GAVRILKOVO,Вишньоволоцький повіт / Тверська губернія,Євдокія Йосипівна Стогова;Євграф Федорович Стогов;Єлизавета Федорівна Стогова,,,,,
rec_138_r_7,,Ревізькі казки,r,7-а ревізія,,,https://drive.google.com/file/d/1WBzXVMH3xqTDB9z5gf7L7XM27DmsSxbw/view?usp=drivesdk,,https://www.familysearch.org/ark:/61903/3:1:3QSQ-G9M3-13MC?i=40&wc=M6MV-B38%3A224254401%2C226324801%2C226605901&cc=1929530&lang=en&groupId=1929530,,06.1816,RU_GAVRILKOVO,Вишньоволоцький повіт / Тверська губернія,Євдокія Йосипівна Стогова;Євграф Федорович Стогов;Єлизавета Федорівна Стогова,,,,,
rec_138_r_8,,Ревізькі казки,r,8-а ревізія,,,https://drive.google.com/file/d/1IaVsNrobNY66Q3Bg4jCXXk67Lyaf7_KT/view?usp=drivesdk,,https://www.familysearch.org/ark:/61903/3:1:3QSQ-G9M3-478M?i=419&wc=M6MV-B68%3A224254401%2C226324801%2C226662401&cc=1929530&lang=en&groupId=1929530,,23.03.1834,RU_DVORISHCHE,Вишньоволоцький повіт / Тверська губернія,Єлизавета Федорівна Стогова,,,,,
rec_138_r_9,,Ревізькі казки,r,9-а ревізія,,,https://drive.google.com/file/d/1m4HYJAPQQpzVgmxWOlHUvNEy5YImaKyE/view?usp=drivesdk,,https://www.familysearch.org/ark:/61903/3:1:3QS7-89M3-HJ52?i=534&wc=M6MK-7WL%3A224254401%2C226324801%2C226811401&cc=1929530&lang=en&groupId=1929530,,25.09.1850,RU_DVORISHCHE,Вишньоволоцький повіт / Тверська губернія,Єлизавета Федорівна Гречишникова,,,,,
rec_139_r_4-1,,Ревізькі казки,r,4-а ревізія,,,https://drive.google.com/file/d/1T3zgbrpK7fv7SGWbGQ24WUn-hUaekk8T/view?usp=drive_link,,,,25.06.1782,RU_STAROE,Двірцева Трестенська волость / Бежецький повіт / Тверське намісництво,Двірцеве відомство,,,,,
rec_139_r_4-2,,Ревізькі казки,r,4-а ревізія,,,https://drive.google.com/file/d/1LPZv9ue4g3nYObArRYTbUxlcFcjFNu3-/view?usp=drivesdk,,https://www.familysearch.org/ark:/61903/3:1:33S7-L11B-9ZXY?i=336&cc=1929530&cat=784335&lang=en&groupId=1929530,,05.1782,RU_GAVRILKOVO,Двірцева Трестенська волость / Вишньоволоцький повіт / Тверське намісництво,Двірцеве відомство,,,,,
rec_139_r_5,,Ревізькі казки,r,5-а ревізія,,,https://drive.google.com/file/d/1qTjkKvPS0d5t4vFKyqMnupMxYJ5nIcu4/view?usp=drivesdk,,https://www.familysearch.org/ark:/61903/3:1:3QS7-89MM-MWX2?i=206&wc=M6MV-N68%3A224254401%2C226324801%2C226421401&cc=1929530&lang=en&groupId=1929530,,06.1795,RU_GAVRILKOVO,Двірцева Трестенська вотчина / 1-ша Осеченська волость / Вишньоволоцький повіт / Тверське намісництво,Двірцеве відомство,,,,,
rec_140_r_4,,Ревізькі казки,r,4-а ревізія,,,https://drive.google.com/file/d/186wAy3UgrtH4T8eUgiL0ClW9punbc0ux/view?usp=drivesdk,,https://www.familysearch.org/ark:/61903/3:1:33SQ-G11B-9ZSN?i=332&cc=1929530&cat=784335&lang=en&groupId=1929530,,05.1782,RU_BORKI,Двірцева Трестенська волость / Вишньоволоцький повіт / Тверське намісництво,Двірцеве відомство,,,,,
rec_140_r_4,,Ревізькі казки,r,4-а ревізія,,,https://drive.google.com/file/d/1iDE9JfblBB1z8XGtEt1H5OyXhCM83jNC/view?usp=drivesdk,,https://www.familysearch.org/ark:/61903/3:1:33S7-811B-9HLF?i=338&cc=1929530&cat=784335&lang=en&groupId=1929530,,05.1782,RU_GAVRILKOVO,Двірцева Трестенська волость / Вишньоволоцький повіт / Тверське намісництво,Двірцеве відомство,,,,,
rec_140_r_5,,Ревізькі казки,r,5-а ревізія,,,https://drive.google.com/file/d/1bGPKL6uAPKEGEhP4w8CxFoft_7SF53j0/view?usp=drivesdk,,https://www.familysearch.org/ark:/61903/3:1:3QS7-L9MM-M7YJ?i=209&wc=M6MV-N68%3A224254401%2C226324801%2C226421401&cc=1929530&lang=en&groupId=1929530,,06.1795,RU_GAVRILKOVO,Двірцева Трестенська вотчина / 1-ша Осеченська волость / Вишньоволоцький повіт / Тверське намісництво,Двірцеве відомство,,,,,
rec_140_r_6,,Ревізькі казки,r,6-а ревізія,,,https://drive.google.com/file/d/14NrNokzazafCFJ1SH7q1VP94YHZnLCQQ/view?usp=drivesdk,,https://www.familysearch.org/ark:/61903/3:1:3QS7-89MM-X9S6-W?i=540&cc=1929530&cat=1985631&lang=en&groupId=1929530,,09.1811,RU_GAVRILKOVO,Вишньоволоцький повіт / Тверська губернія,Євдокія Йосипівна Стогова;Євграф Федорович Стогов;Єлизавета Федорівна Стогова,,,,,
rec_140_r_7,,Ревізькі казки,r,7-а ревізія,,,https://drive.google.com/file/d/1pp85qkkC6FlZkyGUW9wAuyXguMxwEsfD/view?usp=drivesdk,,https://www.familysearch.org/ark:/61903/3:1:3QS7-L9M3-1SDH?i=42&wc=M6MV-B38%3A224254401%2C226324801%2C226605901&cc=1929530&lang=en&groupId=1929530,,06.1816,RU_GAVRILKOVO,Вишньоволоцький повіт / Тверська губернія,Євдокія Йосипівна Стогова;Євграф Федорович Стогов;Єлизавета Федорівна Стогова,,,,,
rec_141_r_4,,Ревізькі казки,r,4-а ревізія,,,https://drive.google.com/file/d/1iDE9JfblBB1z8XGtEt1H5OyXhCM83jNC/view?usp=drivesdk,,https://www.familysearch.org/ark:/61903/3:1:33S7-811B-9HLF?i=338&cc=1929530&cat=784335&lang=en&groupId=1929530,,05.1782,RU_GAVRILKOVO,Двірцева Трестенська волость / Вишньоволоцький повіт / Тверське намісництво,Двірцеве відомство,,,,,
rec_141_r_5,,Ревізькі казки,r,5-а ревізія,,,https://drive.google.com/file/d/1bGPKL6uAPKEGEhP4w8CxFoft_7SF53j0/view?usp=drivesdk,,https://www.familysearch.org/ark:/61903/3:1:3QS7-L9MM-M7YJ?i=209&wc=M6MV-N68%3A224254401%2C226324801%2C226421401&cc=1929530&lang=en&groupId=1929530,,06.1795,RU_GAVRILKOVO,Двірцева Трестенська вотчина / 1-ша Осеченська волость / Вишньоволоцький повіт / Тверське намісництво,Двірцеве відомство,,,,,
rec_142_r_4,,Ревізькі казки,r,4-а ревізія,,,https://drive.google.com/file/d/1zOCUeQJ3f815B8RSWwYnSkziV6S00CWj/view?usp=drivesdk,,https://www.familysearch.org/ark:/61903/3:1:33SQ-G11B-9ZDB?i=318&cc=1929530&cat=784335&lang=en&groupId=1929530,,05.1782,RU_DVORISHCHE,Двірцева Трестенська волость / Вишньоволоцький повіт / Тверське намісництво,Двірцеве відомство,,,,,
rec_142_r_5,,Ревізькі казки,r,5-а ревізія,,,https://drive.google.com/file/d/1LX2ScHeu7uVputCskADx2pLjWVCkxjj6/view?usp=drivesdk,,https://www.familysearch.org/ark:/61903/3:1:3QS7-L9MM-M71P?i=199&wc=M6MV-N68%3A224254401%2C226324801%2C226421401&cc=1929530&lang=en&groupId=1929530,,06.1795,RU_DVORISHCHE,Двірцева Трестенська вотчина / 1-ша Осеченська волость / Вишньоволоцький повіт / Тверське намісництво,Двірцеве відомство,,,,,
rec_142_r_6,,Ревізькі казки,r,6-а ревізія,,,https://drive.google.com/file/d/1bLMD_YayV8u6qYhUDy37wdARunXGW5vh/view?usp=drivesdk,,https://www.familysearch.org/ark:/61903/3:1:3QS7-89MM-X9SH-1?i=538&cc=1929530&cat=1985631&lang=en&groupId=1929530,,09.1811,RU_DVORISHCHE,Вишньоволоцький повіт / Тверська губернія,Євдокія Йосипівна Стогова;Євграф Федорович Стогов;Єлизавета Федорівна Стогова,,,,,
rec_143_r_3,,Ревізькі казки,r,3-а ревізія,,,https://drive.google.com/file/d/1w3LKNWxjnhgg3bubwHb6ZA3U6mjDxPq2/view?usp=drivesdk,,,,07.1762,RU_ZMEEVO,Двірцевий Толмачевський погост / Новгородський повіт / Новгородська провінція / Новгородська губернія,Двірцеве відомство,,,,,
rec_143_r_4-1,,Ревізькі казки,r,4-а ревізія,,,https://drive.google.com/file/d/1EC1mjVYyuLWc3CJ2R7BMbvXGlm4ROYy6/view?usp=drivesdk,,https://www.familysearch.org/ark:/61903/3:1:33S7-L11B-94DG?i=143&cc=1929530&cat=1985631&lang=en&groupId=1929530,,06.1782,RU_GORKA_T,Двірцева Толмачевська волость / Вишньоволоцький повіт / Тверське намісництво,Двірцеве відомство,,,,,
rec_143_r_4-2,,Ревізькі казки,r,4-а ревізія,,,https://drive.google.com/file/d/1zOCUeQJ3f815B8RSWwYnSkziV6S00CWj/view?usp=drivesdk,,https://www.familysearch.org/ark:/61903/3:1:33SQ-G11B-9ZDB?i=318&cc=1929530&cat=784335&lang=en&groupId=1929530,,05.1782,RU_DVORISHCHE,Двірцева Трестенська волость / Вишньоволоцький повіт / Тверське намісництво,Двірцеве відомство,,,,,
rec_143_r_5,,Ревізькі казки,r,5-а ревізія,,,https://drive.google.com/file/d/1LX2ScHeu7uVputCskADx2pLjWVCkxjj6/view?usp=drivesdk,,https://www.familysearch.org/ark:/61903/3:1:3QS7-L9MM-M71P?i=199&wc=M6MV-N68%3A224254401%2C226324801%2C226421401&cc=1929530&lang=en&groupId=1929530,,06.1795,RU_DVORISHCHE,Двірцева Трестенська вотчина / 1-ша Осеченська волость / Вишньоволоцький повіт / Тверське намісництво,Двірцеве відомство,,,,,
rec_144_r_4,,Ревізькі казки,r,4-а ревізія,,,https://drive.google.com/file/d/1s5cnPUxjek_5o3eyt7tdWs_Lo2DKSiin/view?usp=drivesdk,,https://www.familysearch.org/ark:/61903/3:1:33SQ-G11B-9WBQ?i=156&cc=1929530&cat=784335&lang=en&groupId=1929530,,06.1782,RU_KOZLOVO_S,Двірцева Козловська волость / Вишньоволоцький повіт / Тверське намісництво,Двірцеве відомство,,,,,
rec_144_r_5,,Ревізькі казки,r,5-а ревізія,,,https://drive.google.com/file/d/1zC4B9CpfwRkiTO_6rTKTd00wujrY_xI6/view?usp=drivesdk,,https://www.familysearch.org/ark:/61903/3:1:3QSQ-G9MM-MWT2?i=3&wc=M6MV-N68%3A224254401%2C226324801%2C226421401&cc=1929530&lang=en&groupId=1929530,,06.1795,RU_KOZLOVO_S,Двірцева Козловська вотчина / 1-ша Осеченська волость / Вишньоволоцький повіт / Тверське намісництво,Двірцеве відомство,,,,,
rec_144_r_6,,Ревізькі казки,r,6-а ревізія,,,https://drive.google.com/file/d/1g2q-6vJFrTjwjU2zG4iOseNm7XuPI_qG/view?usp=drivesdk,,https://www.familysearch.org/ark:/61903/3:1:3QSQ-G9M3-G99N-H?i=61&wc=M6MV-LTL%3A224254401%2C226324801%2C226483201&cc=1929530&lang=en&groupId=1929530,,22.12.1811,RU_KOZLOVO_S,Вишньоволоцький повіт / Тверська губернія,Іван Терентійович Сназін,,,,,
rec_145_r_4-1,,Ревізькі казки,r,4-а ревізія,,,https://drive.google.com/file/d/1PLXv4s2cX9BnWOzkkvfBfS1M9RiBlaoe/view?usp=drivesdk,,https://www.familysearch.org/ark:/61903/3:1:33SQ-G11B-TJ8?i=926&wc=M6MV-ZTG%3A224254401%2C226324801%2C226325701&cc=1929530&lang=en&groupId=1929530,,30.06.1782,RU_BOLSHOY_DVOR,Двірцева Осеченська Карельська волость / Вишньоволоцький повіт / Тверське намісництво,Двірцеве відомство,,,,,
rec_145_r_4-2,,Ревізькі казки,r,4-а ревізія,,,https://drive.google.com/file/d/1s5cnPUxjek_5o3eyt7tdWs_Lo2DKSiin/view?usp=drivesdk,,https://www.familysearch.org/ark:/61903/3:1:33SQ-G11B-9WBQ?i=156&cc=1929530&cat=784335&lang=en&groupId=1929530,,06.1782,RU_KOZLOVO_S,Двірцева Козловська волость / Вишньоволоцький повіт / Тверське намісництво,Двірцеве відомство,,,,,
rec_145_r_5,,Ревізькі казки,r,5-а ревізія,,,https://drive.google.com/file/d/1zC4B9CpfwRkiTO_6rTKTd00wujrY_xI6/view?usp=drivesdk,,https://www.familysearch.org/ark:/61903/3:1:3QSQ-G9MM-MWT2?i=3&wc=M6MV-N68%3A224254401%2C226324801%2C226421401&cc=1929530&lang=en&groupId=1929530,,06.1795,RU_KOZLOVO_S,Двірцева Козловська вотчина / 1-ша Осеченська волость / Вишньоволоцький повіт / Тверське намісництво,Двірцеве відомство,,,,,
rec_145_r_7,,Ревізькі казки,r,7-а ревізія,,,https://drive.google.com/file/d/1z6CIQmlWL24gq7Qm-gQiqMlh1zuMIBQI/view?usp=drivesdk,,https://www.familysearch.org/ark:/61903/3:1:3QS7-L9MM-KQFM?i=210&wc=M6MV-GTL%3A224254401%2C226324801%2C226509001&cc=1929530&lang=en&groupId=1929530,,03.1816,RU_KOZLOVO_S,Вишньоволоцький повіт / Тверська губернія,Іван Терентійович Сназін,,,,,
rec_146_r_4,,Ревізькі казки,r,4-а ревізія,,,https://drive.google.com/file/d/1cHPoW22fZuVavxqj9GzJof47AVz363RT/view?usp=drivesdk,,https://www.familysearch.org/ark:/61903/3:1:33S7-L11B-98HB?i=194&cc=1929530&cat=784335&lang=en&groupId=1929530,,06.1782,RU_PASYNKI,Двірцева Козловська волость / Вишньоволоцький повіт / Тверське намісництво,Двірцеве відомство,,,,,
rec_146_r_5,,Ревізькі казки,r,5-а ревізія,,,https://drive.google.com/file/d/1xP93KLsUixAlew10ws9q5s8ZR1BElYOI/view?usp=drivesdk,,https://www.familysearch.org/ark:/61903/3:1:3QS7-89MM-MHMK?i=57&wc=M6MV-N68%3A224254401%2C226324801%2C226421401&cc=1929530&lang=en&groupId=1929530,,06.1795,RU_PASYNKI,Двірцева Козловська вотчина / 1-ша Осеченська волость / Вишньоволоцький повіт / Тверське намісництво,Двірцеве відомство,,,,,
rec_146_r_6,,Ревізькі казки,r,6-а ревізія,,,https://drive.google.com/file/d/1Q1h-hOnxp-8hKVszOCdo-ItNypNLMAse/view?usp=drivesdk,,https://www.familysearch.org/ark:/61903/3:1:3QSQ-G9M3-G998-H?i=83&wc=M6MV-LTL%3A224254401%2C226324801%2C226483201&cc=1929530&lang=en&groupId=1929530,,22.12.1811,RU_PASYNKI,Вишньоволоцький повіт / Тверська губернія,Іван Терентійович Сназін,,,,,
rec_146_r_7,,Ревізькі казки,r,7-а ревізія,,,https://drive.google.com/file/d/1gV9DVWPR4u1kfDFa8vIl43BrY6q-m1_1/view?usp=drive_link,,https://www.familysearch.org/ark:/61903/3:1:3QSQ-G9MM-KQ5F?i=277&wc=M6MV-GTL%3A224254401%2C226324801%2C226509001&cc=1929530&lang=uk&groupId=1929530,,03.1816,RU_PASYNKI,Вишньоволоцький повіт / Тверська губернія,Іван Терентійович Сназін,,,,,
rec_146_r_8,,Ревізькі казки,r,8-а ревізія,,,https://drive.google.com/file/d/1ANbSTLrNrNE8QgZBRIhSj9Bnb3gRuMfG/view?usp=drive_link,,https://www.familysearch.org/ark:/61903/3:1:3QS7-89M3-4QNV?i=565&cc=1929530&lang=uk&groupId=1929530,,13.04.1834,RU_PASYNKI,Вишньоволоцький повіт / Тверська губернія,Павло Іванович Сназін,,,,,
rec_147_r_4,,Ревізькі казки,r,4-а ревізія,,,https://drive.google.com/file/d/1n5NVlxhdY7htvS_LpK8ZJZkNlgCd4G3T/view?usp=drivesdk,,https://www.familysearch.org/ark:/61903/3:1:33S7-L11B-94Z7?i=160&cc=1929530&cat=784335&lang=en&groupId=1929530,,06.1782,RU_TIMOSHKINO,Двірцева Козловська волость / Вишньоволоцький повіт / Тверське намісництво,Двірцеве відомство,,,,,
rec_147_r_5-1,,Ревізькі казки,r,5-а ревізія,,,https://drive.google.com/file/d/1QAeoEnilzh1qGQxrX4Gl_7nZNAzOSxOT/view?usp=drivesdk,,https://www.familysearch.org/ark:/61903/3:1:3QSQ-G9MM-MWT9?i=6&wc=M6MV-N68%3A224254401%2C226324801%2C226421401&cc=1929530&lang=en&groupId=1929530,,06.1795,RU_TIMOSHKINO,Двірцева Козловська вотчина / 1-ша Осеченська волость / Вишньоволоцький повіт / Тверське намісництво,Двірцеве відомство,,,,,
rec_147_r_5-2,,Ревізькі казки,r,5-а ревізія,,,https://drive.google.com/file/d/1hfHhjRDS1y2sX2_wzjza1E_LrIoUmPgL/view?usp=drivesdk,,https://www.familysearch.org/ark:/61903/3:1:3QS7-L9MM-MWV3?i=58&wc=M6MV-N68%3A224254401%2C226324801%2C226421401&cc=1929530&lang=en&groupId=1929530,,06.1795,RU_PASYNKI,Двірцева Козловська вотчина / 1-ша Осеченська волость / Вишньоволоцький повіт / Тверське намісництво,Двірцеве відомство,,,,,
rec_147_r_7,,Ревізькі казки,r,7-а ревізія,,,https://drive.google.com/file/d/1gV9DVWPR4u1kfDFa8vIl43BrY6q-m1_1/view?usp=drive_link,,https://www.familysearch.org/ark:/61903/3:1:3QSQ-G9MM-KQ5F?i=277&wc=M6MV-GTL%3A224254401%2C226324801%2C226509001&cc=1929530&lang=uk&groupId=1929530,,03.1816,RU_PASYNKI,Вишньоволоцький повіт / Тверська губернія,Іван Терентійович Сназін,,,,,
rec_148_r_4-1,,Ревізькі казки,r,4-а ревізія,,,https://drive.google.com/file/d/1Nbi-CPPp_3U25TygkhMkUIDCWkC_mt7l/view?usp=drivesdk,,https://www.familysearch.org/ark:/61903/3:1:33S7-811B-9H15?i=225&cc=1929530&cat=784335&lang=uk&groupId=1929530,,06.1782,RU_SPASOKLINYE,Двірцева Козловська волость / Вишньоволоцький повіт / Тверське намісництво,Двірцеве відомство,,,,,
rec_148_r_4-2,,Ревізькі казки,r,4-а ревізія,,,https://drive.google.com/file/d/1-jhcg-1UoJUONV95a-ipDLfCx4xeHD5t/view?usp=drivesdk,,https://www.familysearch.org/ark:/61903/3:1:33S7-811B-9H1B?i=220&cc=1929530&cat=784335&lang=en&groupId=1929530,,06.1782,RU_ARZHANOE,Двірцева Козловська волость / Вишньоволоцький повіт / Тверське намісництво,Двірцеве відомство,,,,,
rec_148_r_5-1,,Ревізькі казки,r,5-а ревізія,,,https://drive.google.com/file/d/1yvoPVrmpIfLhWTyMpoCCfa_yvpKUtQ6r/view?usp=drivesdk,,https://www.familysearch.org/ark:/61903/3:1:3QS7-89MM-M4HN?i=85&wc=M6MV-N68%3A224254401%2C226324801%2C226421401&cc=1929530&lang=en&groupId=1929530,,06.1795,RU_ARZHANOE,Двірцева Козловська вотчина / 1-ша Осеченська волость / Вишньоволоцький повіт / Тверське намісництво,Двірцеве відомство,,,,,
rec_148_r_5-2,,Ревізькі казки,r,5-а ревізія,,,https://drive.google.com/file/d/12qHmpXcfsNop9igfeZd_p5x0aw2pDE2H/view?usp=drivesdk,,https://www.familysearch.org/ark:/61903/3:1:3QS7-89MM-M4F6?i=4&wc=M6MV-N68%3A224254401%2C226324801%2C226421401&cc=1929530&lang=en&groupId=1929530,,06.1795,RU_KOZLOVO_S,Двірцева Козловська вотчина / 1-ша Осеченська волость / Вишньоволоцький повіт / Тверське намісництво,Двірцеве відомство,,,,,
rec_148_r_6,,Ревізькі казки,r,6-а ревізія,,,https://drive.google.com/file/d/1g2q-6vJFrTjwjU2zG4iOseNm7XuPI_qG/view?usp=drivesdk,,https://www.familysearch.org/ark:/61903/3:1:3QSQ-G9M3-G99N-H?i=61&wc=M6MV-LTL%3A224254401%2C226324801%2C226483201&cc=1929530&lang=en&groupId=1929530,,22.12.1811,RU_KOZLOVO_S,Вишньоволоцький повіт / Тверська губернія,Іван Терентійович Сназін,,,,,
rec_148_r_7,,Ревізькі казки,r,7-а ревізія,,,https://drive.google.com/file/d/1G60YMu6ruslaJ9aLA3ejvc-68MjZlCfo/view?usp=drivesdk,,https://www.familysearch.org/ark:/61903/3:1:3QS7-89MM-K76X?i=211&wc=M6MV-GTL%3A224254401%2C226324801%2C226509001&cc=1929530&lang=en&groupId=1929530,,03.1816,RU_KOZLOVO_S,Вишньоволоцький повіт / Тверська губернія,Іван Терентійович Сназін,,,,,
rec_149_r_4-1,,Ревізькі казки,r,4-а ревізія,,,https://drive.google.com/file/d/1fuf4UrCzMzF2v3I73CEOledoqceqQMFs/view?usp=drivesdk,,https://www.familysearch.org/ark:/61903/3:1:33SQ-G11B-984Z?i=204&cc=1929530&cat=784335&lang=en&groupId=1929530,,06.1782,RU_LINDINO,Двірцева Козловська волость / Вишньоволоцький повіт / Тверське намісництво,Двірцеве відомство,,,,,
rec_149_r_4-2,,Ревізькі казки,r,4-а ревізія,,,https://drive.google.com/file/d/1DQeh76Htz83a0FGlcHlRGb1tSckOT365/view?usp=drivesdk,,https://www.familysearch.org/ark:/61903/3:1:33S7-L11B-948H?i=157&cc=1929530&cat=784335&lang=en&groupId=1929530,,06.1782,RU_KOZLOVO_S,Двірцева Козловська волость / Вишньоволоцький повіт / Тверське намісництво,Двірцеве відомство,,,,,
rec_149_r_5-1,,Ревізькі казки,r,5-а ревізія,,,https://drive.google.com/file/d/1zC4B9CpfwRkiTO_6rTKTd00wujrY_xI6/view?usp=drivesdk,,https://www.familysearch.org/ark:/61903/3:1:3QSQ-G9MM-MWT2?i=3&wc=M6MV-N68%3A224254401%2C226324801%2C226421401&cc=1929530&lang=en&groupId=1929530,,06.1795,RU_KOZLOVO_S,Двірцева Козловська вотчина / 1-ша Осеченська волость / Вишньоволоцький повіт / Тверське намісництво,Двірцеве відомство,,,,,
rec_149_r_5-2,,Ревізькі казки,r,5-а ревізія,,,https://drive.google.com/file/d/12qHmpXcfsNop9igfeZd_p5x0aw2pDE2H/view?usp=drivesdk,,https://www.familysearch.org/ark:/61903/3:1:3QS7-89MM-M4F6?i=4&wc=M6MV-N68%3A224254401%2C226324801%2C226421401&cc=1929530&lang=en&groupId=1929530,,06.1795,RU_KOZLOVO_S,Двірцева Козловська вотчина / 1-ша Осеченська волость / Вишньоволоцький повіт / Тверське намісництво,Двірцеве відомство,,,,,
rec_149_r_7,,Ревізькі казки,r,7-а ревізія,,,https://drive.google.com/file/d/1G60YMu6ruslaJ9aLA3ejvc-68MjZlCfo/view?usp=drivesdk,,https://www.familysearch.org/ark:/61903/3:1:3QS7-89MM-K76X?i=211&wc=M6MV-GTL%3A224254401%2C226324801%2C226509001&cc=1929530&lang=en&groupId=1929530,,03.1816,RU_KOZLOVO_S,Вишньоволоцький повіт / Тверська губернія,Іван Терентійович Сназін,,,,,
rec_150_r_4,,Ревізькі казки,r,4-а ревізія,,,https://drive.google.com/file/d/1scVvd5L45bdCle_VIhB_UsInBCAiHbzv/view?usp=drivesdk,,https://www.familysearch.org/ark:/61903/3:1:33S7-L11B-94DH?i=159&cc=1929530&cat=784335&lang=en&groupId=1929530,,06.1782,RU_TIMOSHKINO,Двірцева Козловська волость / Вишньоволоцький повіт / Тверське намісництво,Двірцеве відомство,,,,,
rec_150_r_5,,Ревізькі казки,r,5-а ревізія,,,https://drive.google.com/file/d/1R7uNaF6lFCejA4hdFuhpYVitkJ1d6RSU/view?usp=drivesdk,,https://www.familysearch.org/ark:/61903/3:1:3QS7-L9MM-MWTT?i=5&wc=M6MV-N68%3A224254401%2C226324801%2C226421401&cc=1929530&lang=en&groupId=1929530,,06.1795,RU_TIMOSHKINO,Двірцева Козловська вотчина / 1-ша Осеченська волость / Вишньоволоцький повіт / Тверське намісництво,Двірцеве відомство,,,,,
rec_151_r_3,,Ревізькі казки,r,3-а ревізія,,,https://drive.google.com/file/d/1ILAFnEPkUVo-KGXCFe987R8bViVVX9dB/view?usp=drivesdk,,,,23.07.1762,RU_KHLESTOVO,Новгородський повіт / Новгородська провінція / Новгородська губернія,,,,,,
rec_151_r_4-1,,Ревізькі казки,r,4-а ревізія,,,https://drive.google.com/file/d/1jLIotzvBed7v67T5zCNG14TtHNn-P-Rq/view?usp=drivesdk,,https://www.familysearch.org/ark:/61903/3:1:33S7-L11B-94DH?i=159&cc=1929530&cat=784335&lang=en&groupId=1929530,,12.09.1782,RU_KHLESTOVO,Вишньоволоцький повіт / Тверське намісництво,,,,,,
rec_151_r_4-2,,Ревізькі казки,r,4-а ревізія,,,https://drive.google.com/file/d/1scVvd5L45bdCle_VIhB_UsInBCAiHbzv/view?usp=drivesdk,,https://www.familysearch.org/ark:/61903/3:1:33SQ-G11B-9Z2S?i=305&cc=1929530&cat=1985631&lang=en&groupId=1929530,,06.1782,RU_TIMOSHKINO,Двірцева Козловська волость / Вишньоволоцький повіт / Тверське намісництво,Двірцеве відомство,,,,,
rec_151_r_5,,Ревізькі казки,r,5-а ревізія,,,https://drive.google.com/file/d/1R7uNaF6lFCejA4hdFuhpYVitkJ1d6RSU/view?usp=drivesdk,,https://www.familysearch.org/ark:/61903/3:1:3QS7-L9MM-MWTT?i=5&wc=M6MV-N68%3A224254401%2C226324801%2C226421401&cc=1929530&lang=en&groupId=1929530,,06.1795,RU_TIMOSHKINO,Двірцева Козловська вотчина / 1-ша Осеченська волость / Вишньоволоцький повіт / Тверське намісництво,Двірцеве відомство,,,,,
rec_151_r_7,,Ревізькі казки,r,7-а ревізія,,,https://drive.google.com/file/d/1fgM2HxlOxXHPqxBe43ba1oIV78EPFtu0/view?usp=drivesdk,,https://www.familysearch.org/ark:/61903/3:1:3QS7-L9MM-2L8K?i=85&wc=M6MV-LZ9%3A224254401%2C226324801%2C226539201&cc=1929530&lang=en&groupId=1929530,,26.02.1816,RU_TIMOSHKINO,Вишньоволоцький повіт / Тверська губернія,Толмачівський Івицький удільний сільський приказ,,,,,
rec_152_r_2,,Ревізькі казки,r,2-а ревізія,,,https://drive.google.com/file/d/1oLRKZg4jF8uWVpeSdz7qoG7w3OmGQ7n3/view?usp=drivesdk,,,,17.07.1745,RU_BOLSHOE_PLOSKOE,Новгородський повіт / Новгородська провінція / Новгородська губернія,,,,,,
rec_152_r_4,,Ревізькі казки,r,4-а ревізія,,,https://drive.google.com/file/d/1IPVtApfgKDOa9ffJAh-CXF9VZB9_T1_g/view?usp=drivesdk,,https://www.familysearch.org/ark:/61903/3:1:33S7-811B-97DW?i=192&cc=1929530&cat=784335&lang=en&groupId=1929530,,06.1782,RU_BOLSHOE_PLOSKOE,Двірцева Козловська волость / Вишньоволоцький повіт / Тверське намісництво,Двірцеве відомство,,,,,
rec_153_r_4,,Ревізькі казки,r,4-а ревізія,,,https://drive.google.com/file/d/1IPVtApfgKDOa9ffJAh-CXF9VZB9_T1_g/view?usp=drivesdk,,https://www.familysearch.org/ark:/61903/3:1:33S7-811B-97DW?i=192&cc=1929530&cat=784335&lang=en&groupId=1929530,,06.1782,RU_BOLSHOE_PLOSKOE,Двірцева Козловська волость / Вишньоволоцький повіт / Тверське намісництво,Двірцеве відомство,,,,,
rec_153_r_5,,Ревізькі казки,r,5-а ревізія,,,https://drive.google.com/file/d/1FQ6Rqv8W5Tt_c8jx9X7gN0x62YRVAzAn/view?usp=drivesdk,,https://www.familysearch.org/ark:/61903/3:1:3QSQ-G9MM-MWBZ?i=55&wc=M6MV-N68%3A224254401%2C226324801%2C226421401&cc=1929530&lang=en&groupId=1929530,,26.06.1795,RU_BOLSHOE_PLOSKOE,Двірцева Козловська вотчина / 1-ша Осеченська волость / Вишньоволоцький повіт / Тверське намісництво,Двірцеве відомство,,,,,
rec_154_r_2,,Ревізькі казки,r,2-а ревізія,,,https://drive.google.com/file/d/1z3u2nCK1cCVxHVcVHMNJg5hzUcDopL_C/view?usp=drivesdk,,,,17.07.1745,RU_GORODOK,Новгородський повіт / Новгородська провінція / Новгородська губернія,,,,,,
rec_154_r_4,,Ревізькі казки,r,4-а ревізія,,,https://drive.google.com/file/d/15Nad1E7jHOmO_rGqrwYRRzQAWqkTfEqJ/view?usp=drivesdk,,https://www.familysearch.org/ark:/61903/3:1:33S7-L11B-94HC?i=175&cc=1929530&cat=784335&lang=en&groupId=1929530,,06.1782,RU_GORODOK,Двірцева Козловська волость / Вишньоволоцький повіт / Тверське намісництво,Двірцеве відомство,,,,,
rec_154_r_5,,Ревізькі казки,r,5-а ревізія,,,https://drive.google.com/file/d/1IeKwT0ewRzgRaBZTVX1a5SUZEDQrQzLH/view?usp=drivesdk,,https://www.familysearch.org/ark:/61903/3:1:3QS7-L9MM-MWKV?i=40&wc=M6MV-N68%3A224254401%2C226324801%2C226421401&cc=1929530&lang=en&groupId=1929530,,26.06.1795,RU_GORODOK,Двірцева Козловська вотчина / 1-ша Осеченська волость / Вишньоволоцький повіт / Тверське намісництво,Двірцеве відомство,,,,,
rec_154_r_6,,Ревізькі казки,r,6-а ревізія,,,https://drive.google.com/file/d/1BtB8yDGme485_XRsDcPmkTKoauCeexML/view?usp=drivesdk,,https://www.familysearch.org/ark:/61903/3:1:3QS7-L9M3-GBT3?i=71&wc=M6MV-LTL%3A224254401%2C226324801%2C226483201&cc=1929530&lang=en&groupId=1929530,,22.12.1811,RU_GORODOK,Вишньоволоцький повіт / Тверська губернія,Іван Терентійович Сназін,,,,,
rec_155_r_4,,Ревізькі казки,r,4-а ревізія,,,https://drive.google.com/file/d/15Nad1E7jHOmO_rGqrwYRRzQAWqkTfEqJ/view?usp=drivesdk,,https://www.familysearch.org/ark:/61903/3:1:33S7-L11B-94HC?i=175&cc=1929530&cat=784335&lang=en&groupId=1929530,,06.1782,RU_GORODOK,Двірцева Козловська волость / Вишньоволоцький повіт / Тверське намісництво,Двірцеве відомство,,,,,
rec_155_r_5,,Ревізькі казки,r,5-а ревізія,,,https://drive.google.com/file/d/1IeKwT0ewRzgRaBZTVX1a5SUZEDQrQzLH/view?usp=drivesdk,,https://www.familysearch.org/ark:/61903/3:1:3QS7-L9MM-MWKV?i=40&wc=M6MV-N68%3A224254401%2C226324801%2C226421401&cc=1929530&lang=en&groupId=1929530,,26.06.1795,RU_GORODOK,Двірцева Козловська вотчина / 1-ша Осеченська волость / Вишньоволоцький повіт / Тверське намісництво,Двірцеве відомство,,,,,
rec_155_r_7,,Ревізькі казки,r,7-а ревізія,,,https://drive.google.com/file/d/10TKAnfP5fDLnjX-OHmToZyIzz6nussDF/view?usp=drive_link,,https://www.familysearch.org/ark:/61903/3:1:3QSQ-G9MM-KQBK?i=240&wc=M6MV-GTL%3A224254401%2C226324801%2C226509001&cc=1929530&lang=uk&groupId=1929530,,03.1816,RU_GORODOK,Вишньоволоцький повіт / Тверська губернія,Іван Терентійович Сназін,,,,,
rec_156_r_2,,Ревізькі казки,r,2-а ревізія,,,https://drive.google.com/file/d/1z3u2nCK1cCVxHVcVHMNJg5hzUcDopL_C/view?usp=drivesdk,,,,17.07.1745,RU_GORODOK,Новгородський повіт / Новгородська провінція / Новгородська губернія,,,,,,
rec_156_r_4,,Ревізькі казки,r,4-а ревізія,,,https://drive.google.com/file/d/1022SuOJTiGc75Lzx0DTLxWMOK7668yYZ/view?usp=drivesdk,,https://www.familysearch.org/ark:/61903/3:1:33S7-811B-976F?i=174&cc=1929530&cat=784335&lang=en&groupId=1929530,,06.1782,RU_GORODOK,Двірцева Козловська волость / Вишньоволоцький повіт / Тверське намісництво,Двірцеве відомство,,,,,
rec_156_r_5,,Ревізькі казки,r,5-а ревізія,,,https://drive.google.com/file/d/1IeKwT0ewRzgRaBZTVX1a5SUZEDQrQzLH/view?usp=drivesdk,,https://www.familysearch.org/ark:/61903/3:1:3QS7-L9MM-MWKV?i=40&wc=M6MV-N68%3A224254401%2C226324801%2C226421401&cc=1929530&lang=en&groupId=1929530,,26.06.1795,RU_GORODOK,Двірцева Козловська вотчина / 1-ша Осеченська волость / Вишньоволоцький повіт / Тверське намісництво,Двірцеве відомство,,,,,
rec_156_r_6,,Ревізькі казки,r,6-а ревізія,,,https://drive.google.com/file/d/1aEJyK1SGcEFasjxVmsQizp91bRxBUxTk/view?usp=drivesdk,,https://www.familysearch.org/ark:/61903/3:1:3QSQ-G9M3-G996-B?i=70&wc=M6MV-LTL%3A224254401%2C226324801%2C226483201&cc=1929530&lang=en&groupId=1929530,,22.12.1811,RU_GORODOK,Вишньоволоцький повіт / Тверська губернія,Іван Терентійович Сназін,,,,,
rec_157_r_4-1,,Ревізькі казки,r,4-а ревізія,,,https://drive.google.com/file/d/1QroGG3yy-_Bz_B83v0KwwRJ99q_0xj6l/view?usp=drive_link,,https://www.familysearch.org/ark:/61903/3:1:33S7-L11B-98CS?i=193&cc=1929530&cat=784335&lang=en&groupId=1929530,,06.1782,RU_BOLSHOE_PLOSKOE,Двірцева Козловська волость / Вишньоволоцький повіт / Тверське намісництво,Двірцеве відомство,,,,,
rec_157_r_4-2,,Ревізькі казки,r,4-а ревізія,,,https://drive.google.com/file/d/1022SuOJTiGc75Lzx0DTLxWMOK7668yYZ/view?usp=drivesdk,,https://www.familysearch.org/ark:/61903/3:1:33S7-811B-976F?i=174&cc=1929530&cat=784335&lang=en&groupId=1929530,,06.1782,RU_GORODOK,Двірцева Козловська волость / Вишньоволоцький повіт / Тверське намісництво,Двірцеве відомство,,,,,
rec_157_r_5,,Ревізькі казки,r,5-а ревізія,,,https://drive.google.com/file/d/1IeKwT0ewRzgRaBZTVX1a5SUZEDQrQzLH/view?usp=drivesdk,,https://www.familysearch.org/ark:/61903/3:1:3QS7-L9MM-MWKV?i=40&wc=M6MV-N68%3A224254401%2C226324801%2C226421401&cc=1929530&lang=en&groupId=1929530,,26.06.1795,RU_GORODOK,Двірцева Козловська вотчина / 1-ша Осеченська волость / Вишньоволоцький повіт / Тверське намісництво,Двірцеве відомство,,,,,
rec_157_r_7,,Ревізькі казки,r,7-а ревізія,,,https://drive.google.com/file/d/1vu9id2FLeK45l0Size5CK7sP3fsRUYs1/view?usp=drivesdk,,https://www.familysearch.org/ark:/61903/3:1:3QSQ-G9MM-KQYP?i=238&wc=M6MV-GTL%3A224254401%2C226324801%2C226509001&cc=1929530&lang=uk&groupId=1929530,,03.1816,RU_GORODOK,Вишньоволоцький повіт / Тверська губернія,Іван Терентійович Сназін,,,,,
rec_158_r_2,,Ревізькі казки,r,2-а ревізія,,,https://drive.google.com/file/d/1Xr4tgpdEaIXZL3lxC-RpowQmG91wkBLE/view?usp=drivesdk,,,,17.07.1745,RU_NIKULINO,Новгородський повіт / Новгородська провінція / Новгородська губернія,,,,,,
rec_158_r_4,,Ревізькі казки,r,4-а ревізія,,,https://drive.google.com/file/d/17CQcuK3whqj8BmOX8rpeBARvJJubEXRS/view?usp=drivesdk,,https://www.familysearch.org/ark:/61903/3:1:33SQ-G11B-9ZBX?i=226&cc=1929530&cat=784335&lang=en&groupId=1929530,,06.1782,RU_NIKULINO,Двірцева Козловська волость / Вишньоволоцький повіт / Тверське намісництво,Двірцеве відомство,,,,,
rec_158_r_5,,Ревізькі казки,r,5-а ревізія,,,https://drive.google.com/file/d/1bdvzl3_MCa0X8UmARcV8sa-WFO_1z21K/view?usp=drivesdk,,https://www.familysearch.org/ark:/61903/3:1:3QSQ-G9MM-MWRT?i=20&wc=M6MV-N68%3A224254401%2C226324801%2C226421401&cc=1929530&lang=en&groupId=1929530,,26.06.1795,RU_NIKULINO,Двірцева Козловська вотчина / 1-ша Осеченська волость / Вишньоволоцький повіт / Тверське намісництво,Двірцеве відомство,,,,,
rec_158_r_6,,Ревізькі казки,r,6-а ревізія,,,https://drive.google.com/file/d/1OJVeGM3FzsJtBg4YUcZucROT0XOqd0hn/view?usp=drivesdk,,https://www.familysearch.org/ark:/61903/3:1:3QS7-89M3-G1Y8?i=87&wc=M6MV-LTL%3A224254401%2C226324801%2C226483201&cc=1929530&lang=en&groupId=1929530,,22.12.1811,RU_NIKULINO,Вишньоволоцький повіт / Тверська губернія,Іван Терентійович Сназін,,,,,
rec_158_r_7,,Ревізькі казки,r,7-а ревізія,,,https://drive.google.com/file/d/1FWgqU5PtaDJMpX2IDz-zjbNC9sIbEJ1Y/view?usp=drivesdk,,https://www.familysearch.org/ark:/61903/3:1:3QS7-89MM-K7QS?i=289&wc=M6MV-GTL%3A224254401%2C226324801%2C226509001&cc=1929530&lang=en&groupId=1929530,,14.03.1816,RU_NIKULINO,Вишньоволоцький повіт / Тверська губернія,Іван Терентійович Сназін,,,,,
rec_159_r_3,,Ревізькі казки,r,3-а ревізія,,,https://drive.google.com/file/d/1erDiyZ40ECG6OT2muDKtQoZmgCmRPtX6/view?usp=drivesdk,,,,15.07.1762,RU_DOLGANOVO,Новгородський повіт / Новгородська провінція / Новгородська губернія,,,,,,
rec_159_r_4-1,,Ревізькі казки,r,4-а ревізія,,,https://drive.google.com/file/d/1J9z5ozyqUAWUBzmTTLPgEbZBqVGK7Usc/view?usp=drive_link,,,,18.06.1782,RU_DOLGANOVO,Бежецький повіт / Тверське намісництво,,,,,,
rec_159_r_4-2,,Ревізькі казки,r,4-а ревізія,,,https://drive.google.com/file/d/17CQcuK3whqj8BmOX8rpeBARvJJubEXRS/view?usp=drivesdk,,https://www.familysearch.org/ark:/61903/3:1:33SQ-G11B-9ZBX?i=226&cc=1929530&cat=784335&lang=en&groupId=1929530,,06.1782,RU_NIKULINO,Двірцева Козловська волость / Вишньоволоцький повіт / Тверське намісництво,Двірцеве відомство,,,,,
rec_159_r_5,,Ревізькі казки,r,5-а ревізія,,,https://drive.google.com/file/d/1bdvzl3_MCa0X8UmARcV8sa-WFO_1z21K/view?usp=drivesdk,,https://www.familysearch.org/ark:/61903/3:1:3QSQ-G9MM-MWRT?i=20&wc=M6MV-N68%3A224254401%2C226324801%2C226421401&cc=1929530&lang=en&groupId=1929530,,26.06.1795,RU_NIKULINO,Двірцева Козловська вотчина / 1-ша Осеченська волость / Вишньоволоцький повіт / Тверське намісництво,Двірцеве відомство,,,,,
rec_160_r_4,,Ревізькі казки,r,4-а ревізія,,,https://drive.google.com/file/d/1qaJlKLKabhEdFhLAiyAEMh1r3Ii6ktfO/view?usp=drivesdk,,,,1782,RU_DOMOSLAVL,Вишньоволоцький повіт / Тверське намісництво,,,,,,
rec_160_r_5,,Ревізькі казки,r,5-а ревізія,,,https://drive.google.com/file/d/1L0g4-04aDze3bnDRumMcPnkJHfBcF32y/view?usp=drivesdk,,https://www.familysearch.org/ark:/61903/3:1:3QS7-L9MM-MD7V?i=36&wc=M6MV-N38%3A224254401%2C226324801%2C226412901&cc=1929530&lang=en&groupId=1929530,,23.06.1795,RU_DOMOSLAVL,Вишньоволоцький повіт / Тверське намісництво,,,,,,
rec_160_r_6,,Ревізькі казки,r,6-а ревізія,,,https://drive.google.com/file/d/1Wdmy2VdATg2v0t3DDyAIH3g5vFipvR3C/view?usp=drivesdk,,https://www.familysearch.org/ark:/61903/3:1:3QS7-L9MM-FPZ7?i=251&wc=M6MV-LZS%3A224254401%2C226324801%2C226462101&cc=1929530&lang=en&groupId=1929530,,09.1811,RU_DOMOSLAVL,Економічна Бабська вотчина / 1-ша Ясеновська волость / Вишньоволоцький повіт / Тверська губернія,Міністерство фінансів Російської імперії,,,,,
rec_160_r_7,,Ревізькі казки,r,7-а ревізія,,,https://drive.google.com/file/d/1ICZApBMEvOo5aBMhd7aYoz2JCfSgOmg_/view?usp=drivesdk,,https://www.familysearch.org/ark:/61903/3:1:3QSQ-G9MM-2BNM?i=343&wc=M6MV-LZ9%3A224254401%2C226324801%2C226539201&cc=1929530&lang=en&groupId=1929530,,14.03.1816,RU_DOMOSLAVL,Економічна Бабська вотчина / 1-ша Ясеновська волость / Вишньоволоцький повіт / Тверська губернія,Міністерство фінансів Російської імперії,,,,,
rec_160_r_8,,Ревізькі казки,r,8-а ревізія,,,https://drive.google.com/file/d/1fsCj9rCgKKu1xrNPtRpWAyIVvlh-eCKQ/view?usp=drivesdk,,https://www.familysearch.org/ark:/61903/3:1:3QSQ-G9M3-WKX8?i=306&wc=M6MK-9M9%3A224254401%2C226324801%2C226696901&cc=1929530&lang=en&groupId=1929530,,17.04.1834,RU_DOMOSLAVL,Бабська вотчина / 1-ша Ясеновська волость / Вишньоволоцький повіт / Тверська губернія,Міністерство фінансів Російської імперії,,,,,
rec_160_r_9,,Ревізькі казки,r,9-а ревізія,,,https://drive.google.com/file/d/1TAuJPdiYCjOIEPlz9CWQ6L5pxoB86o9A/view?usp=drivesdk,,https://www.familysearch.org/ark:/61903/3:1:3QSQ-G9MQ-MJLT?i=163&wc=M6MK-H23%3A224254401%2C226324801%2C226896701&cc=1929530&lang=en&groupId=1929530,,02.10.1850,RU_DOMOSLAVL,Цирибушевське сільське товариство / Артюхінська волость / Вишньоволоцький повіт / Тверська губернія,⁠Міністерство державного майна Російської імперії,,,,,
rec_161_r_4,,Ревізькі казки,r,4-а ревізія,,,https://drive.google.com/file/d/1YY_a-bYPqztrbekAvxL4ypkBzG2Er0YY/view?usp=drivesdk,,https://www.familysearch.org/ark:/61903/3:1:33S7-L11B-9W8D?i=97&wc=M6MV-NPD%3A224254401%2C226324801%2C226368901&cc=1929530&lang=en&groupId=1929530,,30.06.1782,RU_NOZHKINO,Зашегринська волость / Вишньоволоцький повіт / Тверське намісництво,,,,,,
rec_161_r_5,,Ревізькі казки,r,5-а ревізія,,,https://drive.google.com/file/d/1SfA-B3eQOK8G4Nez2LjpdA26CXhXDh13/view?usp=drivesdk,,https://www.familysearch.org/ark:/61903/3:1:33S7-L111-9F3H?wc=M6MV-NP8%3A224254401%2C226324801%2C226397501%26cc%3D1929530&lang=en&i=12&cc=1929530&groupId=1929530,,28.08.1795,RU_NOZHKINO,Теребенський стан / Вишньоволоцький повіт / Тверське намісництво,Микола Іванович Скрипльов;Єгор Іванович Скрипльов;Петро Іванович Скрипльов;Алевтинія Іванівна Скрипльова,,,,,
rec_161_r_7,,Ревізькі казки,r,7-а ревізія,,,https://drive.google.com/file/d/1ICZApBMEvOo5aBMhd7aYoz2JCfSgOmg_/view?usp=drivesdk,,https://www.familysearch.org/ark:/61903/3:1:3QSQ-G9MM-2BNM?i=343&wc=M6MV-LZ9%3A224254401%2C226324801%2C226539201&cc=1929530&lang=en&groupId=1929530,,14.03.1816,RU_DOMOSLAVL,Економічна Бабська вотчина / 1-ша Ясеновська волость / Вишньоволоцький повіт / Тверська губернія,Міністерство фінансів Російської імперії,,,,,
rec_161_r_8,,Ревізькі казки,r,8-а ревізія,,,https://drive.google.com/file/d/1TXs3AkQ_4ZLT4_8fdXHOuOSIeDIWtBeY/view?usp=drivesdk,,https://www.familysearch.org/ark:/61903/3:1:3QSQ-G9M3-WKDZ?i=307&wc=M6MK-9M9%3A224254401%2C226324801%2C226696901&cc=1929530&lang=en&groupId=1929530,,17.04.1834,RU_DOMOSLAVL,Бабська вотчина / 1-ша Ясеновська волость / Вишньоволоцький повіт / Тверська губернія,Міністерство фінансів Російської імперії,,,,,
rec_161_r_9,,Ревізькі казки,r,9-а ревізія,,,https://drive.google.com/file/d/1TAuJPdiYCjOIEPlz9CWQ6L5pxoB86o9A/view?usp=drivesdk,,https://www.familysearch.org/ark:/61903/3:1:3QSQ-G9MQ-MJLT?i=163&wc=M6MK-H23%3A224254401%2C226324801%2C226896701&cc=1929530&lang=en&groupId=1929530,,02.10.1850,RU_DOMOSLAVL,Цирибушевське сільське товариство / Артюхінська волость / Вишньоволоцький повіт / Тверська губернія,⁠Міністерство державного майна Російської імперії,,,,,
rec_162_r_4,,Ревізькі казки,r,4-а ревізія,,,https://drive.google.com/file/d/1xqZheDuiDvqtu3K4rUn-wxIh6JrEHbIQ/view?usp=drivesdk,,,,1782,RU_DOMOSLAVL,Вишньоволоцький повіт / Тверське намісництво,,,,,,
rec_162_r_5,,Ревізькі казки,r,5-а ревізія,,,https://drive.google.com/file/d/1iZWOdhdrKMJ9jOC1vYqukNvxB2tZNrZo/view?usp=drive_link,,https://www.familysearch.org/ark:/61903/3:1:3QS7-L9MM-MDC3?i=39&wc=M6MV-N38%253A224254401%252C226324801%252C226412901&cc=1929530&lang=en&groupId=1929530,,23.06.1795,RU_DOMOSLAVL,Вишньоволоцький повіт / Тверське намісництво,,,,,,
rec_162_r_6,,Ревізькі казки,r,6-а ревізія,,,https://drive.google.com/file/d/1Khv3eyinshjQ5-QK4XCb0QvrMeocMIj1/view?usp=drivesdk,,https://www.familysearch.org/ark:/61903/3:1:3QS7-89MM-FPN2?i=252&wc=M6MV-LZS%3A224254401%2C226324801%2C226462101&cc=1929530&lang=en&groupId=1929530,,09.1811,RU_DOMOSLAVL,Економічна Бабська вотчина / 1-ша Ясеновська волость / Вишньоволоцький повіт / Тверська губернія,Міністерство фінансів Російської імперії,,,,,
rec_162_r_7,,Ревізькі казки,r,7-а ревізія,,,https://drive.google.com/file/d/1NHVpZh9mFiSVEL_RigS3B1nApQt_V60f/view?usp=drivesdk,,https://www.familysearch.org/ark:/61903/3:1:3QS7-L9MM-2P15?i=345&wc=M6MV-LZ9%3A224254401%2C226324801%2C226539201&cc=1929530&lang=en&groupId=1929530,,14.03.1816,RU_DOMOSLAVL,Економічна Бабська вотчина / 1-ша Ясеновська волость / Вишньоволоцький повіт / Тверська губернія,Міністерство фінансів Російської імперії,,,,,
rec_162_r_8,,Ревізькі казки,r,8-а ревізія,,,https://drive.google.com/file/d/1M_N4jYRu9q9VUhc5XO4SOULOZnzuL99W/view?usp=drivesdk,,https://www.familysearch.org/ark:/61903/3:1:3QS7-L9M3-WV66?i=310&wc=M6MK-9M9%3A224254401%2C226324801%2C226696901&cc=1929530&lang=en&groupId=1929530,,17.04.1834,RU_DOMOSLAVL,Бабська вотчина / 1-ша Ясеновська волость / Вишньоволоцький повіт / Тверська губернія,Міністерство фінансів Російської імперії,,,,,
rec_162_r_9,,Ревізькі казки,r,9-а ревізія,,,https://drive.google.com/file/d/1OYoPgWSZz1CzaMYrWXc3LvwcEUz-ihCB/view?usp=drivesdk,,https://www.familysearch.org/ark:/61903/3:1:3QSQ-G9MQ-MJK3?i=166&wc=M6MK-H23%3A224254401%2C226324801%2C226896701&cc=1929530&lang=en&groupId=1929530,,02.10.1850,RU_DOMOSLAVL,Цирибушевське сільське товариство / Артюхінська волость / Вишньоволоцький повіт / Тверська губернія,⁠Міністерство державного майна Російської імперії,,,,,
rec_163_r_4,,Ревізькі казки,r,4-а ревізія,,,https://drive.google.com/file/d/10MjTNrqdArelPRrMwwHH0UwX0GimvH86/view?usp=drivesdk,,,,1782,RU_LADENKOVO,Вишньоволоцький повіт / Тверське намісництво,,,,,,
rec_163_r_5,,Ревізькі казки,r,5-а ревізія,,,https://drive.google.com/file/d/15cDDcre3sQaQ767WuRa-kqJulgWYGtfN/view?usp=drivesdk,,https://www.familysearch.org/ark:/61903/3:1:3QSQ-G9MM-M8SL?i=61&wc=M6MV-N38%3A224254401%2C226324801%2C226412901&cc=1929530&lang=en&groupId=1929530,,23.06.1795,RU_LADENKOVO,Вишньоволоцький повіт / Тверське намісництво,,,,,,
rec_163_r_7,,Ревізькі казки,r,7-а ревізія,,,https://drive.google.com/file/d/1NHVpZh9mFiSVEL_RigS3B1nApQt_V60f/view?usp=drivesdk,,https://www.familysearch.org/ark:/61903/3:1:3QS7-L9MM-2P15?i=345&wc=M6MV-LZ9%3A224254401%2C226324801%2C226539201&cc=1929530&lang=en&groupId=1929530,,14.03.1816,RU_DOMOSLAVL,Економічна Бабська вотчина / 1-ша Ясеновська волость / Вишньоволоцький повіт / Тверська губернія,Міністерство фінансів Російської імперії,,,,,
rec_163_r_8,,Ревізькі казки,r,8-а ревізія,,,https://drive.google.com/file/d/1M_N4jYRu9q9VUhc5XO4SOULOZnzuL99W/view?usp=drivesdk,,https://www.familysearch.org/ark:/61903/3:1:3QS7-L9M3-WV66?i=310&wc=M6MK-9M9%3A224254401%2C226324801%2C226696901&cc=1929530&lang=en&groupId=1929530,,17.04.1834,RU_DOMOSLAVL,Бабська вотчина / 1-ша Ясеновська волость / Вишньоволоцький повіт / Тверська губернія,Міністерство фінансів Російської імперії,,,,,
rec_164_r_4,,Ревізькі казки,r,4-а ревізія,,,https://drive.google.com/file/d/18bzbA7v0fBka9OefCLIvHiARa_HUEKMS/view?usp=drivesdk,,https://www.familysearch.org/ark:/61903/3:1:33S7-811B-RMP?i=939&wc=M6MV-ZTG%3A224254401%2C226324801%2C226325701&cc=1929530&lang=en&groupId=1929530,,30.06.1782,RU_KARABIKHA,Вишньоволоцький повіт / Тверське намісництво,,,,,,
rec_164_r_5,,Ревізькі казки,r,5-а ревізія,,,https://drive.google.com/file/d/1wojMzkeFY5O-mzsPTzLIQQewANluU61K/view?usp=drivesdk,,https://www.familysearch.org/ark:/61903/3:1:3QS7-L9MM-MNTL?i=938&wc=M6MV-N68%3A224254401%2C226324801%2C226421401&cc=1929530&lang=en&groupId=1929530,,06.1795,RU_KARABIKHA,Двірцева Осеченська Карельська волость / Вишньоволоцький повіт / Тверське намісництво,Двірцеве відомство,,,,,
rec_164_r_6,,Ревізькі казки,r,6-а ревізія,,,https://drive.google.com/file/d/1j81OnjCUdQMniuihGKkXyYn5_cEsH_X7/view?usp=drivesdk,,https://www.familysearch.org/ark:/61903/3:1:3QS7-89MM-FST8?i=496&wc=M6MV-LZS%3A224254401%2C226324801%2C226462101&cc=1929530&lang=en&groupId=1929530,,07.1811,RU_KARABIKHA,Осеченська Карельська вотчина / Осеченський сільський приказ / Вишньоволоцький повіт / Тверська губернія,Удільне відомство,,,,,
rec_165_r_4,,Ревізькі казки,r,4-а ревізія,,,https://drive.google.com/file/d/1ME1IfUvSpZV5iphPnH6MLz-aeM3Lg4Rs/view?usp=drive_link,,https://www.familysearch.org/ark:/61903/3:1:33SQ-G11B-9ZWK?i=381&cc=1929530&cat=784335&lang=en&groupId=1929530,,30.05.1782,RU_MOSHKOVO,Вишньоволоцький повіт / Тверське намісництво,,,,,,
rec_165_r_5,,Ревізькі казки,r,5-а ревізія,,,https://drive.google.com/file/d/1wojMzkeFY5O-mzsPTzLIQQewANluU61K/view?usp=drivesdk,,https://www.familysearch.org/ark:/61903/3:1:3QS7-L9MM-MNTL?i=938&wc=M6MV-N68%3A224254401%2C226324801%2C226421401&cc=1929530&lang=en&groupId=1929530,,06.1795,RU_KARABIKHA,Двірцева Осеченська Карельська волость / Вишньоволоцький повіт / Тверське намісництво,Двірцеве відомство,,,,,
rec_165_r_7,,Ревізькі казки,r,7-а ревізія,,,https://drive.google.com/file/d/17TNTM7kl1I_I2sHeQ1lnA0FaEdKQWekk/view?usp=drivesdk,,https://www.familysearch.org/ark:/61903/3:1:3QS7-89MM-LFH8?i=1142&wc=M6MV-LZ9%3A224254401%2C226324801%2C226539201&cc=1929530&lang=en&groupId=1929530,,08.03.1816,RU_KARABIKHA,Осеченська Карельська вотчина / Осеченський сільський приказ / Вишньоволоцький повіт / Тверська губернія,Удільне відомство,,,,,
rec_165_r_8,,Ревізькі казки,r,8-а ревізія,,,https://drive.google.com/file/d/1i1tigiLbJhLXDRNDxTUHhovqBiqt2WVA/view?usp=drivesdk,,https://www.familysearch.org/ark:/61903/3:1:3QSQ-G9M3-HL6J?i=218&wc=M6MK-M29%3A224254401%2C226324801%2C226710501&cc=1929530&lang=en&groupId=1929530,,10.04.1834,RU_KARABIKHA,Осеченський сільський приказ / Вишньоволоцький повіт / Тверська губернія,Удільне відомство,,,,,
rec_166_r_4,,Ревізькі казки,r,4-а ревізія,,,https://drive.google.com/file/d/1t35Ih_EHrrvkrc4TVqnD11xgj5G78yOF/view?usp=drivesdk,,https://www.familysearch.org/ark:/61903/3:1:33S7-811B-TRY?i=749&wc=M6MV-ZTG%3A224254401%2C226324801%2C226325701&cc=1929530&lang=en&groupId=1929530,,30.06.1782,RU_FEDOVO,Вишньоволоцький повіт / Тверське намісництво,,,,,,
rec_166_r_5,,Ревізькі казки,r,5-а ревізія,,,https://drive.google.com/file/d/1cqkpmuiOGVFd38bhwWGVchqTC50iAIgO/view?usp=drivesdk,,https://www.familysearch.org/ark:/61903/3:1:3QS7-L9MM-MJNK?i=750&wc=M6MV-N68%3A224254401%2C226324801%2C226421401&cc=1929530&lang=en&groupId=1929530,,29.06.1795,RU_FEDOVO,Вишньоволоцький повіт / Тверське намісництво,,,,,,
rec_166_r_6,,Ревізькі казки,r,6-а ревізія,,,https://drive.google.com/file/d/1LuW-tJAcScmPOsiG5-6fpB2krEgK0MDf/view?usp=drivesdk,,https://www.familysearch.org/ark:/61903/3:1:3QS7-L9MM-FSG9?i=447&wc=M6MV-LZS%3A224254401%2C226324801%2C226462101&cc=1929530&lang=en&groupId=1929530,,04.08.1811,RU_FEDOVO,Вишньоволоцький повіт / Тверська губернія,,,,,,
rec_166_r_7,,Ревізькі казки,r,7-а ревізія,,,https://drive.google.com/file/d/1mnnvZZDrRGpxQew-dSeVNXA_wnaBmZoF/view?usp=drivesdk,,https://www.familysearch.org/ark:/61903/3:1:3QS7-89MM-LN9S?i=962&wc=M6MV-LZ9%3A224254401%2C226324801%2C226539201&cc=1929530&lang=en&groupId=1929530,,08.03.1816,RU_FEDOVO,Осеченська Карельська вотчина / Осеченський сільський приказ / Вишньоволоцький повіт / Тверська губернія,Удільне відомство,,,,,
rec_166_r_8,,Ревізькі казки,r,8-а ревізія,,,https://drive.google.com/file/d/1vGG0eysewVBXsh2wOKBXfT5JX0458t8q/view?usp=drivesdk,,https://www.familysearch.org/ark:/61903/3:1:3QSQ-G9M3-H2L6?i=377&wc=M6MK-M29%3A224254401%2C226324801%2C226710501&cc=1929530&lang=en&groupId=1929530,,10.04.1834,RU_FEDOVO,Вишньоволоцький повіт / Тверська губернія,,,,,,
rec_167_r_4,,Ревізькі казки,r,4-а ревізія,,,https://drive.google.com/file/d/14er9mMLjHUtRt8Xw8VZDSur6Gxh6axcQ/view?usp=drivesdk,,https://www.familysearch.org/ark:/61903/3:1:33SQ-G11B-9W48?i=1068&cc=1929530&cat=1985631&lang=en&groupId=1929530,,30.06.1782,RU_YASHCHINY,Вишньоволоцький повіт / Тверське намісництво,,,,,,
rec_167_r_5-1,,Ревізькі казки,r,5-а ревізія,,,https://drive.google.com/file/d/1xfLJir5dgH3Rktae9ljF_dOrEOyWstRc/view?usp=drivesdk,,https://www.familysearch.org/ark:/61903/3:1:3QS7-89MM-MVK3?i=604&wc=M6MV-N68%3A224254401%2C226324801%2C226421401&cc=1929530&lang=en&groupId=1929530,,29.06.1795,RU_YASHCHINY,Вишньоволоцький повіт / Тверське намісництво,,,,,,
rec_167_r_5-2,,Ревізькі казки,r,5-а ревізія,,,https://drive.google.com/file/d/1cqkpmuiOGVFd38bhwWGVchqTC50iAIgO/view?usp=drivesdk,,https://www.familysearch.org/ark:/61903/3:1:3QS7-L9MM-MJNK?i=750&wc=M6MV-N68%3A224254401%2C226324801%2C226421401&cc=1929530&lang=en&groupId=1929530,,29.06.1795,RU_FEDOVO,Вишньоволоцький повіт / Тверське намісництво,,,,,,
rec_167_r_7,,Ревізькі казки,r,7-а ревізія,,,https://drive.google.com/file/d/1mnnvZZDrRGpxQew-dSeVNXA_wnaBmZoF/view?usp=drivesdk,,https://www.familysearch.org/ark:/61903/3:1:3QS7-89MM-LN9S?i=962&wc=M6MV-LZ9%3A224254401%2C226324801%2C226539201&cc=1929530&lang=en&groupId=1929530,,08.03.1816,RU_FEDOVO,Осеченська Карельська вотчина / Осеченський сільський приказ / Вишньоволоцький повіт / Тверська губернія,Удільне відомство,,,,,
rec_167_r_8,,Ревізькі казки,r,8-а ревізія,,,https://drive.google.com/file/d/1vGG0eysewVBXsh2wOKBXfT5JX0458t8q/view?usp=drivesdk,,https://www.familysearch.org/ark:/61903/3:1:3QSQ-G9M3-H2L6?i=377&wc=M6MK-M29%3A224254401%2C226324801%2C226710501&cc=1929530&lang=en&groupId=1929530,,10.04.1834,RU_FEDOVO,Вишньоволоцький повіт / Тверська губернія,,,,,,
rec_168_r_4,,Ревізькі казки,r,4-а ревізія,,,https://drive.google.com/file/d/1d7FSm09x1ek5fr2z4JWQ9C2wiF3-6rc2/view?usp=drivesdk,,https://www.familysearch.org/ark:/61903/3:1:33S7-L11B-TGC?i=930&wc=M6MV-ZTG%3A224254401%2C226324801%2C226325701&cc=1929530&lang=en&groupId=1929530,,30.06.1782,RU_KOZLOVO_D,Вишньоволоцький повіт / Тверське намісництво,,,,,,
rec_168_r_5,,Ревізькі казки,r,5-а ревізія,,,https://drive.google.com/file/d/1PQPDSipWTOfu9w_DFGerJFrxF3ME6Aga/view?usp=drivesdk,,https://www.familysearch.org/ark:/61903/3:1:3QS7-L9MM-MNYK?i=924&wc=M6MV-N68%3A224254401%2C226324801%2C226421401&cc=1929530&lang=en&groupId=1929530,,26.06.1795,RU_KOZLOVO_D,Двірцева Осеченська Карельська волость / Вишньоволоцький повіт / Тверське намісництво,Двірцеве відомство,,,,,
rec_168_r_6,,Ревізькі казки,r,6-а ревізія,,,https://drive.google.com/file/d/1e-h29DmLpKpsf13wFs2F5OIpMwWMy7Mg/view?usp=drivesdk,,https://www.familysearch.org/ark:/61903/3:1:3QS7-L9MM-FSC2?i=494&wc=M6MV-LZS%3A224254401%2C226324801%2C226462101&cc=1929530&lang=en&groupId=1929530,,08.1811,RU_KOZLOVO_D,Осеченська Карельська вотчина / Осеченський сільський приказ / Вишньоволоцький повіт / Тверська губернія,Удільне відомство,,,,,
rec_168_r_7,,Ревізькі казки,r,7-а ревізія,,,https://drive.google.com/file/d/1yfiqxUZ9UA7Kyzgp1abieewqZSg1UFN6/view?usp=drivesdk,,https://www.familysearch.org/ark:/61903/3:1:3QS7-89MM-LF92?i=1136&wc=M6MV-LZ9%3A224254401%2C226324801%2C226539201&cc=1929530&lang=en&groupId=1929530,,08.03.1816,RU_KOZLOVO_D,Осеченська Карельська вотчина / Осеченський сільський приказ / Вишньоволоцький повіт / Тверська губернія,Удільне відомство,,,,,
rec_169_r_4-1,,Ревізькі казки,r,4-а ревізія,,,https://drive.google.com/file/d/1aBL0Jxpw3HeNQYlSLNEkyxIiLwwWnktc/view?usp=drive_link,,https://www.familysearch.org/ark:/61903/3:1:33S7-811B-RS3?i=928&wc=M6MV-ZTG%3A224254401%2C226324801%2C226325701&cc=1929530&lang=en&groupId=1929530,,30.06.1782,RU_KOZLOVO_D,Вишньоволоцький повіт / Тверське намісництво,,,,,,
rec_169_r_4-2,,Ревізькі казки,r,4-а ревізія,,,https://drive.google.com/file/d/1d7FSm09x1ek5fr2z4JWQ9C2wiF3-6rc2/view?usp=drivesdk,,https://www.familysearch.org/ark:/61903/3:1:33S7-L11B-TGC?i=930&wc=M6MV-ZTG%3A224254401%2C226324801%2C226325701&cc=1929530&lang=en&groupId=1929530,,30.06.1782,RU_KOZLOVO_D,Вишньоволоцький повіт / Тверське намісництво,,,,,,
rec_169_r_5,,Ревізькі казки,r,5-а ревізія,,,https://drive.google.com/file/d/14JRLRPQpJZnjNMxnu3ssdq1lMkE7aZoi/view?usp=drive_link,,https://www.familysearch.org/ark:/61903/3:1:3QS7-L9MM-MJ3J?i=925&wc=M6MV-N68%253A224254401%252C226324801%252C226421401&cc=1929530&lang=en&groupId=1929530,,26.06.1795,RU_KOZLOVO_D,Двірцева Осеченська Карельська волость / Вишньоволоцький повіт / Тверське намісництво,Двірцеве відомство,,,,,
rec_170_r_3,,Ревізькі казки,r,3-а ревізія,,,https://drive.google.com/file/d/1wnOubK-9UzrTEoynB28u9Ntm3Wkb2ie3/view?usp=drivesdk,,,,1762,RU_TSIRIBUSHEVO,Новгородський повіт / Новгородська провінція / Новгородська губернія,,,,,,
rec_170_r_4-1,,Ревізькі казки,r,4-а ревізія,,,https://drive.google.com/file/d/1x8UjZ3bDnrvnMoKrCEkRnMLD9Ws57hQy/view?usp=drivesdk,,,,1782,RU_TSIRIBUSHEVO,Вишньоволоцький повіт / Тверське намісництво,,,,,,
rec_170_r_4-2,,Ревізькі казки,r,4-а ревізія,,,https://drive.google.com/file/d/1d0MBhBCuJZwBW1WwlUDcJixCbgRqDTBT/view?usp=drivesdk,,,,1782,RU_KALYAGINO,Вишньоволоцький повіт / Тверське намісництво,,,,,,
rec_170_r_5,,Ревізькі казки,r,5-а ревізія,,,https://drive.google.com/file/d/1FFka5dI7xpa9YzXF0PZLax99XtishxqS/view?usp=drivesdk,,https://www.familysearch.org/ark:/61903/3:1:3QSQ-G9MM-M89Q?i=64&wc=M6MV-N38%3A224254401%2C226324801%2C226412901&cc=1929530&lang=en&groupId=1929530,,06.1795,RU_KALYAGINO,Економічна Бабська вотчина / Вишньоволоцький повіт / Тверське намісництво,Тверська казенна палата,,,,,
rec_170_r_6,,Ревізькі казки,r,6-а ревізія,,,https://drive.google.com/file/d/12dwrprvj3wI5HpfNF2neWGv8DJsboVbG/view?usp=drivesdk,,https://www.familysearch.org/ark:/61903/3:1:3QS7-L9MM-FPHC?i=259&wc=M6MV-LZS%3A224254401%2C226324801%2C226462101&cc=1929530&lang=en&groupId=1929530,,23.09.1811,RU_KALYAGINO,Вишньоволоцький повіт / Тверська губернія,,,,,,
rec_171_r_3,,Ревізькі казки,r,3-а ревізія,,,https://drive.google.com/file/d/1FPd2axTTz8t7KIU-W1wDBSnPrEgc-1Nw/view?usp=drivesdk,,,,1762,RU_TSIRIBUSHEVO,Новгородський повіт / Новгородська провінція / Новгородська губернія,,,,,,
rec_171_r_4-1,,Ревізькі казки,r,4-а ревізія,,,https://drive.google.com/file/d/1NsMsQHekAqgeWLKQdoESX-WW7GEdsrQJ/view?usp=drivesdk,,,,1782,RU_TSIRIBUSHEVO,Вишньоволоцький повіт / Тверське намісництво,,,,,,
rec_171_r_4-2,,Ревізькі казки,r,4-а ревізія,,,https://drive.google.com/file/d/1d0MBhBCuJZwBW1WwlUDcJixCbgRqDTBT/view?usp=drivesdk,,,,1782,RU_KALYAGINO,Вишньоволоцький повіт / Тверське намісництво,,,,,,
rec_171_r_5,,Ревізькі казки,r,5-а ревізія,,,https://drive.google.com/file/d/1FFka5dI7xpa9YzXF0PZLax99XtishxqS/view?usp=drivesdk,,https://www.familysearch.org/ark:/61903/3:1:3QSQ-G9MM-M89Q?i=64&wc=M6MV-N38%3A224254401%2C226324801%2C226412901&cc=1929530&lang=en&groupId=1929530,,06.1795,RU_KALYAGINO,Економічна Бабська вотчина / Вишньоволоцький повіт / Тверське намісництво,Тверська казенна палата,,,,,
rec_172_r_4,,Ревізькі казки,r,4-а ревізія,,,https://drive.google.com/file/d/13s-NmO-E4s7i84whDNAsyO0M3iT7qaj7/view?usp=drivesdk,,https://www.familysearch.org/ark:/61903/3:1:33S7-811B-RD8?i=936&wc=M6MV-ZTG%3A224254401%2C226324801%2C226325701&cc=1929530&lang=en&groupId=1929530,,30.06.1782,RU_ZYBUNOVO,Вишньоволоцький повіт / Тверське намісництво,,,,,,
rec_172_r_5,,Ревізькі казки,r,5-а ревізія,,,https://drive.google.com/file/d/1ONJcMCsPB1d1ZPKkeeurRAQtRTq-f-0M/view?usp=drivesdk,,https://www.familysearch.org/ark:/61903/3:1:3QSQ-G9MM-MFG6?i=932&wc=M6MV-N68%3A224254401%2C226324801%2C226421401&cc=1929530&lang=en&groupId=1929530,,06.1795,RU_ZYBUNOVO,Двірцева Осеченська Карельська волость / Вишньоволоцький повіт / Тверське намісництво,Двірцеве відомство,,,,,
rec_172_r_6,,Ревізькі казки,r,6-а ревізія,,,https://drive.google.com/file/d/1AH1l-sy8XhFLkLeiGW-FCjwavrqS0Hwg/view?usp=drivesdk,,https://www.familysearch.org/ark:/61903/3:1:3QS7-89MM-FSV2?i=495&wc=M6MV-LZS%3A224254401%2C226324801%2C226462101&cc=1929530&lang=en&groupId=1929530,,08.1811,RU_ZYBUNOVO,Осеченська Карельська вотчина / Осеченський сільський приказ / Вишньоволоцький повіт / Тверська губернія,Удільне відомство,,,,,
rec_172_r_7,,Ревізькі казки,r,7-а ревізія,,,https://drive.google.com/file/d/14p-rRbYOKG2labka1CBpLj-wAPvNpnCh/view?usp=drivesdk,,https://www.familysearch.org/ark:/61903/3:1:3QS7-89MM-LFMX?i=1141&wc=M6MV-LZ9%3A224254401%2C226324801%2C226539201&cc=1929530&lang=en&groupId=1929530,,08.03.1816,RU_ZYBUNOVO,Осеченська Карельська вотчина / Осеченський сільський приказ / Вишньоволоцький повіт / Тверська губернія,Удільне відомство,,,,,
rec_172_r_8,,Ревізькі казки,r,8-а ревізія,,,https://drive.google.com/file/d/1FRcGmpMqFt35X2ttFXvtSnWGYYRylI9q/view?usp=drivesdk,,https://www.familysearch.org/ark:/61903/3:1:3QS7-L9MQ-6973-5?i=759&cc=1929530&lang=en&groupId=1929530,,10.04.1834,RU_ZYBUNOVO,Осеченський сільський приказ / Вишньоволоцький повіт / Тверська губернія,Удільне відомство,,,,,
rec_173_r_4,,Ревізькі казки,r,4-а ревізія,,,https://drive.google.com/file/d/1t35Ih_EHrrvkrc4TVqnD11xgj5G78yOF/view?usp=drivesdk,,https://www.familysearch.org/ark:/61903/3:1:33S7-811B-TRY?i=749&wc=M6MV-ZTG%3A224254401%2C226324801%2C226325701&cc=1929530&lang=en&groupId=1929530,,30.06.1782,RU_FEDOVO,Вишньоволоцький повіт / Тверське намісництво,,,,,,
rec_173_r_5-1,,Ревізькі казки,r,5-а ревізія,,,https://drive.google.com/file/d/1cqkpmuiOGVFd38bhwWGVchqTC50iAIgO/view?usp=drivesdk,,https://www.familysearch.org/ark:/61903/3:1:3QS7-L9MM-MJNK?i=750&wc=M6MV-N68%3A224254401%2C226324801%2C226421401&cc=1929530&lang=en&groupId=1929530,,29.06.1795,RU_FEDOVO,Вишньоволоцький повіт / Тверське намісництво,,,,,,
rec_173_r_5-2,,Ревізькі казки,r,5-а ревізія,,,https://drive.google.com/file/d/1NZqAmLaVocX9C8h9g8Vi4Ar0jstopuwp/view?usp=drivesdk,,https://www.familysearch.org/ark:/61903/3:1:3QS7-89MM-MJV7?i=933&wc=M6MV-N68%3A224254401%2C226324801%2C226421401&cc=1929530&lang=en&groupId=1929530,,06.1795,RU_ZYBUNOVO,Двірцева Осеченська Карельська волость / Вишньоволоцький повіт / Тверське намісництво,Двірцеве відомство,,,,,
rec_173_r_7,,Ревізькі казки,r,7-а ревізія,,,https://drive.google.com/file/d/14p-rRbYOKG2labka1CBpLj-wAPvNpnCh/view?usp=drivesdk,,https://www.familysearch.org/ark:/61903/3:1:3QS7-89MM-LFMX?i=1141&wc=M6MV-LZ9%3A224254401%2C226324801%2C226539201&cc=1929530&lang=en&groupId=1929530,,08.03.1816,RU_ZYBUNOVO,Осеченська Карельська вотчина / Осеченський сільський приказ / Вишньоволоцький повіт / Тверська губернія,Удільне відомство,,,,,
rec_174_r_4,,Ревізькі казки,r,4-а ревізія,,,https://drive.google.com/file/d/1Wo4zCIqBH1YVedf7HTKIFcCKx7X-iMOg/view?usp=drivesdk,,https://www.familysearch.org/ark:/61903/3:1:33S7-811B-RLN?i=923&wc=M6MV-ZTG%3A224254401%2C226324801%2C226325701&cc=1929530&lang=en&groupId=1929530,,30.06.1782,RU_BUDILOVO,Вишньоволоцький повіт / Тверське намісництво,,,,,,
rec_174_r_5,,Ревізькі казки,r,5-а ревізія,,,https://drive.google.com/file/d/1zeXp9EmdTT1u4pDe0v0pg3YiAr3Aa2qo/view?usp=drivesdk,,https://www.familysearch.org/ark:/61903/3:1:3QSQ-G9MM-MF57?i=913&wc=M6MV-N68%3A224254401%2C226324801%2C226421401&cc=1929530&lang=en&groupId=1929530,,06.1795,RU_BUDILOVO,Двірцева Осеченська Карельська волость / Вишньоволоцький повіт / Тверське намісництво,Двірцеве відомство,,,,,
rec_174_r_6,,Ревізькі казки,r,6-а ревізія,,,https://drive.google.com/file/d/1lNuOEQVvIVuzuQ-b7uHDnFizKk5plbtK/view?usp=drivesdk,,https://www.familysearch.org/ark:/61903/3:1:3QSQ-G9MM-FSYY?i=490&wc=M6MV-LZS%3A224254401%2C226324801%2C226462101&cc=1929530&lang=en&groupId=1929530,,04.08.1811,RU_BUDILOVO,Вишньоволоцький повіт / Тверська губернія,,,,,,
rec_175_r_4,,Ревізькі казки,r,4-а ревізія,,,https://drive.google.com/file/d/1BY2EmPBVqXoSsqom2ONcRGNkIZHl-ETE/view?usp=drivesdk,,https://www.familysearch.org/ark:/61903/3:1:33S7-811B-TGM?i=718&wc=M6MV-ZTG%3A224254401%2C226324801%2C226325701&cc=1929530&lang=en&groupId=1929530,,30.06.1782,RU_POCHINOK,Вишньоволоцький повіт / Тверське намісництво,,,,,,
rec_175_r_5-1,,Ревізькі казки,r,5-а ревізія,,,https://drive.google.com/file/d/1oDi8ceqxVlospXe87LjU5Sota9S8vCtj/view?usp=drivesdk,,https://www.familysearch.org/ark:/61903/3:1:3QS7-89MM-MVCL?i=720&wc=M6MV-N68%3A224254401%2C226324801%2C226421401&cc=1929530&lang=en&groupId=1929530,,26.06.1795,RU_POCHINOK,Вишньоволоцький повіт / Тверське намісництво,,,,,,
rec_175_r_5-2,,Ревізькі казки,r,5-а ревізія,,,https://drive.google.com/file/d/1zeXp9EmdTT1u4pDe0v0pg3YiAr3Aa2qo/view?usp=drivesdk,,https://www.familysearch.org/ark:/61903/3:1:3QSQ-G9MM-MF57?i=913&wc=M6MV-N68%3A224254401%2C226324801%2C226421401&cc=1929530&lang=en&groupId=1929530,,06.1795,RU_BUDILOVO,Двірцева Осеченська Карельська волость / Вишньоволоцький повіт / Тверське намісництво,Двірцеве відомство,,,,,
rec_175_r_7,,Ревізькі казки,r,7-а ревізія,,,https://drive.google.com/file/d/1_Pw98vLTaXips2vqUB12xYIviNDrHKFW/view?usp=drive_link,,https://www.familysearch.org/ark:/61903/3:1:3QS7-L9MM-L6TN?i=1122&wc=M6MV-LZ9%3A224254401%2C226324801%2C226539201&cc=1929530&lang=uk&groupId=1929530,,08.03.1816,RU_BUDILOVO,Вишньоволоцький повіт / Тверська губернія,,,,,,
rec_175_r_8,,Ревізькі казки,r,8-а ревізія,,,https://drive.google.com/file/d/1eZH-AbIHmqg-2iKq0c0ZTQctVT3Oa71G/view?usp=drive_link,,https://www.familysearch.org/ark:/61903/3:1:3QS7-L9M3-H2MT?i=243&wc=M6MK-M29%3A224254401%2C226324801%2C226710501&cc=1929530&lang=uk&groupId=1929530,,10.04.1834,RU_BUDILOVO,Вишньоволоцький повіт / Тверська губернія,,,,,,
rec_180_r_4,,Ревізькі казки,r,4-а ревізія,,,https://drive.google.com/file/d/1Jt_oXXM4JfhD2Tp5USwv1B_kudthz2mj/view?usp=drivesdk,,https://www.familysearch.org/ark:/61903/3:1:33S7-811B-RDS?i=934&wc=M6MV-ZTG%3A224254401%2C226324801%2C226325701&cc=1929530&lang=en&groupId=1929530,,30.06.1782,RU_ZYBUNOVO,Вишньоволоцький повіт / Тверське намісництво,,,,,,
rec_180_r_5,,Ревізькі казки,r,5-а ревізія,,,https://drive.google.com/file/d/1elznc5zxTA-1tVoEiwes5hdBzoEiIBTa/view?usp=drivesdk,,https://www.familysearch.org/ark:/61903/3:1:3QSQ-G9MM-MFRX?i=929&wc=M6MV-N68%3A224254401%2C226324801%2C226421401&cc=1929530&lang=en&groupId=1929530,,06.1795,RU_ZYBUNOVO,Двірцева Осеченська Карельська волость / Вишньоволоцький повіт / Тверське намісництво,Двірцеве відомство,,,,,
rec_180_r_6,,Ревізькі казки,r,6-а ревізія,,,https://drive.google.com/file/d/1AH1l-sy8XhFLkLeiGW-FCjwavrqS0Hwg/view?usp=drivesdk,,https://www.familysearch.org/ark:/61903/3:1:3QS7-89MM-FSV2?i=495&wc=M6MV-LZS%3A224254401%2C226324801%2C226462101&cc=1929530&lang=en&groupId=1929530,,08.1811,RU_ZYBUNOVO,Осеченська Карельська вотчина / Осеченський сільський приказ / Вишньоволоцький повіт / Тверська губернія,Удільне відомство,,,,,
rec_180_r_7,,Ревізькі казки,r,7-а ревізія,,,https://drive.google.com/file/d/1h20K6EANWndVsERkQFxEUWSjxY97ES5-/view?usp=drivesdk,,https://www.familysearch.org/ark:/61903/3:1:3QS7-89MM-LF7S?i=1139&wc=M6MV-LZ9%3A224254401%2C226324801%2C226539201&cc=1929530&lang=en&groupId=1929530,,08.03.1816,RU_ZYBUNOVO,Осеченська Карельська вотчина / Осеченський сільський приказ / Вишньоволоцький повіт / Тверська губернія,Удільне відомство,,,,,
rec_180_r_8,,Ревізькі казки,r,8-а ревізія,,,https://drive.google.com/file/d/1DXlki0HSbrd4qyHktFYj-BatTHBHGeL8/view?usp=drivesdk,,https://www.familysearch.org/ark:/61903/3:1:3QSQ-G9MQ-6972-Z?i=757&cc=1929530&lang=en&groupId=1929530,,10.04.1834,RU_ZYBUNOVO,Осеченський сільський приказ / Вишньоволоцький повіт / Тверська губернія,Удільне відомство,,,,,
rec_181_r_4,,Ревізькі казки,r,4-а ревізія,,,https://drive.google.com/file/d/1FBEpKYH9cSfmSoXiyRJkJMUEUlvyYBen/view?usp=drivesdk,,https://www.familysearch.org/ark:/61903/3:1:33SQ-G11B-TCW?i=956&wc=M6MV-ZTG%3A224254401%2C226324801%2C226325701&cc=1929530&lang=en&groupId=1929530,,30.06.1782,RU_OLEKHNOVO,Вишньоволоцький повіт / Тверське намісництво,,,,,,
rec_181_r_5-1,,Ревізькі казки,r,5-а ревізія,,,https://drive.google.com/file/d/1g8M7gV4QIBWfJs7oTB_ABcFwUyzTkLTH/view?usp=drivesdk,,https://www.familysearch.org/ark:/61903/3:1:3QS7-L9MM-MN53?i=958&wc=M6MV-N68%3A224254401%2C226324801%2C226421401&cc=1929530&lang=en&groupId=1929530,,26.06.1795,RU_OLEKHNOVO,Вишньоволоцький повіт / Тверське намісництво,,,,,,
rec_181_r_5-2,,Ревізькі казки,r,5-а ревізія,,,https://drive.google.com/file/d/1oH4e35ZBap3NIbHwx9VBjnyW50PHOe1J/view?usp=drive_link,,https://www.familysearch.org/ark:/61903/3:1:3QS7-89MM-MJXJ?i=930&wc=M6MV-N68%3A224254401%2C226324801%2C226421401&cc=1929530&lang=en&groupId=1929530,,06.1795,RU_ZYBUNOVO,Двірцева Осеченська Карельська волость / Вишньоволоцький повіт / Тверське намісництво,Двірцеве відомство,,,,,
rec_181_r_7,,Ревізькі казки,r,7-а ревізія,,,https://drive.google.com/file/d/1h20K6EANWndVsERkQFxEUWSjxY97ES5-/view?usp=drivesdk,,https://www.familysearch.org/ark:/61903/3:1:3QS7-89MM-LF7S?i=1139&wc=M6MV-LZ9%3A224254401%2C226324801%2C226539201&cc=1929530&lang=en&groupId=1929530,,08.03.1816,RU_ZYBUNOVO,Осеченська Карельська вотчина / Осеченський сільський приказ / Вишньоволоцький повіт / Тверська губернія,Удільне відомство,,,,,
rec_181_r_8,,Ревізькі казки,r,8-а ревізія,,,https://drive.google.com/file/d/1DXlki0HSbrd4qyHktFYj-BatTHBHGeL8/view?usp=drivesdk,,https://www.familysearch.org/ark:/61903/3:1:3QSQ-G9MQ-6972-Z?i=757&cc=1929530&lang=en&groupId=1929530,,10.04.1834,RU_ZYBUNOVO,Осеченський сільський приказ / Вишньоволоцький повіт / Тверська губернія,Удільне відомство,,,,,
rec_182_r_4,,Ревізькі казки,r,4-а ревізія,,,https://drive.google.com/file/d/1WxhkUhet_ZjmxwzxRGP2RQgtNIB3Y4pX/view?usp=drivesdk,,https://www.familysearch.org/ark:/61903/3:1:33S7-L11B-T4B?i=975&wc=M6MV-ZTG%3A224254401%2C226324801%2C226325701&cc=1929530&lang=en&groupId=1929530,,30.06.1782,RU_KOSKOVO,Вишньоволоцький повіт / Тверське намісництво,,,,,,
rec_182_r_5,,Ревізькі казки,r,5-а ревізія,,,https://drive.google.com/file/d/16uGC813It7XDfGaXFZtfBzIE6QCZJV2Z/view?usp=drivesdk,,https://www.familysearch.org/ark:/61903/3:1:3QS7-89MM-MJXQ?i=972&wc=M6MV-N68%3A224254401%2C226324801%2C226421401&cc=1929530&lang=en&groupId=1929530,,26.06.1795,RU_KOSKOVO,Вишньоволоцький повіт / Тверське намісництво,,,,,,
rec_182_r_6,,Ревізькі казки,r,6-а ревізія,,,https://drive.google.com/file/d/1DnwR0SsCo7yRefP71DhVYGK8iBvu76zw/view?usp=drivesdk,,https://www.familysearch.org/ark:/61903/3:1:3QS7-L9MM-FS4P?i=506&wc=M6MV-LZS%3A224254401%2C226324801%2C226462101&cc=1929530&lang=en&groupId=1929530,,04.08.1811,RU_KOSKOVO,Вишньоволоцький повіт / Тверська губернія,,,,,,
rec_182_r_7,,Ревізькі казки,r,7-а ревізія,,,https://drive.google.com/file/d/1ikuBhKdeDzu7MT6IpTbD7mfUA5NKTGK8/view?usp=drivesdk,,https://www.familysearch.org/ark:/61903/3:1:3QS7-89MM-LF91?i=1173&wc=M6MV-LZ9%3A224254401%2C226324801%2C226539201&cc=1929530&lang=en&groupId=1929530,,08.03.1816,RU_KOSKOVO,Осеченська Карельська вотчина / Осеченський сільський приказ / Вишньоволоцький повіт / Тверська губернія,Удільне відомство,,,,,
rec_182_r_8,,Ревізькі казки,r,8-а ревізія,,,https://drive.google.com/file/d/1NKwjTwiXVOSXeXxh1LKkY9KSuKpqiizY/view?usp=drivesdk,,https://www.familysearch.org/ark:/61903/3:1:3QS7-L9M3-H2WN?i=281&wc=M6MK-M29%3A224254401%2C226324801%2C226710501&cc=1929530&lang=en&groupId=1929530,,10.04.1834,RU_KOSKOVO,Вишньоволоцький повіт / Тверська губернія,,,,,,
rec_183_r_4,,Ревізькі казки,r,4-а ревізія,,,https://drive.google.com/file/d/1Ntg1vqX6UxkyEGq5MMVf0bKKE6CndFPN/view?usp=drivesdk,,https://www.familysearch.org/ark:/61903/3:1:33S7-L11B-TDP?i=968&wc=M6MV-ZTG%3A224254401%2C226324801%2C226325701&cc=1929530&lang=en&groupId=1929530,,30.06.1782,RU_KOSKOVO,Вишньоволоцький повіт / Тверське намісництво,,,,,,
rec_183_r_5-1,,Ревізькі казки,r,5-а ревізія,,,https://drive.google.com/file/d/1s89UKOFP1MiD5Y_0ZkeLhXjuKgXhNadL/view?usp=drivesdk,,https://www.familysearch.org/ark:/61903/3:1:3QSQ-G9MM-MFF2?i=973&wc=M6MV-N68%3A224254401%2C226324801%2C226421401&cc=1929530&lang=en&groupId=1929530,,26.06.1795,RU_KOSKOVO,Вишньоволоцький повіт / Тверське намісництво,,,,,,
rec_183_r_5-2,,Ревізькі казки,r,5-а ревізія,,,https://drive.google.com/file/d/1yCaBQf0pq3-44m-cEphpkiJu8rxGnkgh/view?usp=drivesdk,,https://www.familysearch.org/ark:/61903/3:1:3QSQ-G9MM-MFF2?i=973&wc=M6MV-N68%3A224254401%2C226324801%2C226421401&cc=1929530&lang=en&groupId=1929530,,26.06.1795,RU_KOSKOVO,Вишньоволоцький повіт / Тверське намісництво,,,,,,
rec_183_r_7,,Ревізькі казки,r,7-а ревізія,,,https://drive.google.com/file/d/1ikuBhKdeDzu7MT6IpTbD7mfUA5NKTGK8/view?usp=drivesdk,,https://www.familysearch.org/ark:/61903/3:1:3QS7-89MM-LF91?i=1173&wc=M6MV-LZ9%3A224254401%2C226324801%2C226539201&cc=1929530&lang=en&groupId=1929530,,08.03.1816,RU_KOSKOVO,Осеченська Карельська вотчина / Осеченський сільський приказ / Вишньоволоцький повіт / Тверська губернія,Удільне відомство,,,,,
rec_184_r_4,,Ревізькі казки,r,4-а ревізія,,,https://drive.google.com/file/d/1aBL0Jxpw3HeNQYlSLNEkyxIiLwwWnktc/view?usp=drivesdk,,https://www.familysearch.org/ark:/61903/3:1:33S7-811B-RS3?i=928&wc=M6MV-ZTG%3A224254401%2C226324801%2C226325701&cc=1929530&lang=en&groupId=1929530,,30.06.1782,RU_KOZLOVO_D,Вишньоволоцький повіт / Тверське намісництво,,,,,,
rec_184_r_5,,Ревізькі казки,r,5-а ревізія,,,https://drive.google.com/file/d/1j--aJUH1ZdzL_jrn2nM3d15Np9K9ByIV/view?usp=drivesdk,,https://www.familysearch.org/ark:/61903/3:1:3QS7-L9MM-MNRG?i=921&wc=M6MV-N68%3A224254401%2C226324801%2C226421401&cc=1929530&lang=en&groupId=1929530,,26.06.1795,RU_KOZLOVO_D,Двірцева Осеченська Карельська волость / Вишньоволоцький повіт / Тверське намісництво,Двірцеве відомство,,,,,
rec_184_r_6,,Ревізькі казки,r,6-а ревізія,,,https://drive.google.com/file/d/1MBQ7pGLACzoWR-jSz-FuiWD38qxGfoMe/view?usp=drivesdk,,https://www.familysearch.org/ark:/61903/3:1:3QS7-89MM-FSKT?i=493&wc=M6MV-LZS%3A224254401%2C226324801%2C226462101&cc=1929530&lang=en&groupId=1929530,,08.1811,RU_KOZLOVO_D,Осеченська Карельська вотчина / Осеченський сільський приказ / Вишньоволоцький повіт / Тверська губернія,Удільне відомство,,,,,
rec_184_r_7,,Ревізькі казки,r,7-а ревізія,,,https://drive.google.com/file/d/1Fug1SgjByTVmfEQFYDBwzKmn_xBemHs9/view?usp=drivesdk,,https://www.familysearch.org/ark:/61903/3:1:3QS7-89MM-LFH8?i=1142&wc=M6MV-LZ9%3A224254401%2C226324801%2C226539201&cc=1929530&lang=en&groupId=1929530,,08.03.1816,RU_KOZLOVO_D,Осеченська Карельська вотчина / Осеченський сільський приказ / Вишньоволоцький повіт / Тверська губернія,Удільне відомство,,,,,
rec_184_r_8,,Ревізькі казки,r,8-а ревізія,,,https://drive.google.com/file/d/1nG6L4UyKrVdT1GVTkqwkIaYpPzSb1wAm/view?usp=drivesdk,,https://www.familysearch.org/ark:/61903/3:1:3QS7-L9MQ-697D-D?i=749&cc=1929530&lang=en&groupId=1929530,,10.04.1834,RU_KOZLOVO_D,Осеченський сільський приказ / Вишньоволоцький повіт / Тверська губернія,Удільне відомство,,,,,
rec_184_r_9,,Ревізькі казки,r,9-а ревізія,,,https://drive.google.com/file/d/1EjxPU2ziXrTk_SzKHkZCcMXZO62hZVWv/view?usp=drivesdk,,https://www.familysearch.org/ark:/61903/3:1:3QSQ-G9M3-Y943-B?i=282&wc=M699-VWG%3A224254401%2C234793301%2C226863201&cc=1929530&lang=en&groupId=1929530,,29.10.1850,RU_KOZLOVO_D,Осеченський сільський приказ / Вишньоволоцький повіт / Тверська губернія,Удільне відомство,,,,,
rec_185_r_4,,Ревізькі казки,r,4-а ревізія,,,https://drive.google.com/file/d/1RkrO1PoR_TM8bUX497ktNEteBLcinLpZ/view?usp=drivesdk,,https://www.familysearch.org/ark:/61903/3:1:33S7-811B-RH5?i=937&wc=M6MV-ZTG%3A224254401%2C226324801%2C226325701&cc=1929530&lang=en&groupId=1929530,,30.06.1782,RU_PENKOVO,Вишньоволоцький повіт / Тверське намісництво,,,,,,
rec_185_r_5-1,,Ревізькі казки,r,5-а ревізія,,,https://drive.google.com/file/d/1Jf-P4nyV4JltB0rfn3NcyMHGlMhih-js/view?usp=drivesdk,,https://www.familysearch.org/ark:/61903/3:1:3QS7-89MM-MJF4?i=934&wc=M6MV-N68%3A224254401%2C226324801%2C226421401&cc=1929530&lang=en&groupId=1929530,,26.06.1795,RU_PENKOVO,Вишньоволоцький повіт / Тверське намісництво,,,,,,
rec_185_r_5-2,,Ревізькі казки,r,5-а ревізія,,,https://drive.google.com/file/d/1j--aJUH1ZdzL_jrn2nM3d15Np9K9ByIV/view?usp=drivesdk,,https://www.familysearch.org/ark:/61903/3:1:3QS7-L9MM-MNRG?i=921&wc=M6MV-N68%3A224254401%2C226324801%2C226421401&cc=1929530&lang=en&groupId=1929530,,26.06.1795,RU_KOZLOVO_D,Двірцева Осеченська Карельська волость / Вишньоволоцький повіт / Тверське намісництво,Двірцеве відомство,,,,,
rec_185_r_7,,Ревізькі казки,r,7-а ревізія,,,https://drive.google.com/file/d/1Fug1SgjByTVmfEQFYDBwzKmn_xBemHs9/view?usp=drivesdk,,https://www.familysearch.org/ark:/61903/3:1:3QS7-89MM-LFH8?i=1142&wc=M6MV-LZ9%3A224254401%2C226324801%2C226539201&cc=1929530&lang=en&groupId=1929530,,08.03.1816,RU_KOZLOVO_D,Осеченська Карельська вотчина / Осеченський сільський приказ / Вишньоволоцький повіт / Тверська губернія,Удільне відомство,,,,,
rec_186_r_4,,Ревізькі казки,r,4-а ревізія,,,https://drive.google.com/file/d/1Jt_oXXM4JfhD2Tp5USwv1B_kudthz2mj/view?usp=drivesdk,,https://www.familysearch.org/ark:/61903/3:1:33S7-811B-RDS?i=934&wc=M6MV-ZTG%3A224254401%2C226324801%2C226325701&cc=1929530&lang=en&groupId=1929530,,30.06.1782,RU_ZYBUNOVO,Вишньоволоцький повіт / Тверське намісництво,,,,,,
rec_186_r_5,,Ревізькі казки,r,5-а ревізія,,,https://drive.google.com/file/d/1oH4e35ZBap3NIbHwx9VBjnyW50PHOe1J/view?usp=drive_link,,https://www.familysearch.org/ark:/61903/3:1:3QSQ-G9MM-MFRX?i=929&wc=M6MV-N68%3A224254401%2C226324801%2C226421401&cc=1929530&lang=en&groupId=1929530,,06.1795,RU_ZYBUNOVO,Двірцева Осеченська Карельська волость / Вишньоволоцький повіт / Тверське намісництво,Двірцеве відомство,,,,,
rec_186_r_6,,Ревізькі казки,r,6-а ревізія,,,https://drive.google.com/file/d/1AH1l-sy8XhFLkLeiGW-FCjwavrqS0Hwg/view?usp=drivesdk,,https://www.familysearch.org/ark:/61903/3:1:3QS7-89MM-FSV2?i=495&wc=M6MV-LZS%3A224254401%2C226324801%2C226462101&cc=1929530&lang=en&groupId=1929530,,08.1811,RU_ZYBUNOVO,Осеченська Карельська вотчина / Осеченський сільський приказ / Вишньоволоцький повіт / Тверська губернія,Удільне відомство,,,,,
rec_186_r_7,,Ревізькі казки,r,7-а ревізія,,,https://drive.google.com/file/d/1h20K6EANWndVsERkQFxEUWSjxY97ES5-/view?usp=drivesdk,,https://www.familysearch.org/ark:/61903/3:1:3QS7-89MM-LF7S?i=1139&wc=M6MV-LZ9%3A224254401%2C226324801%2C226539201&cc=1929530&lang=en&groupId=1929530,,08.03.1816,RU_ZYBUNOVO,Осеченська Карельська вотчина / Осеченський сільський приказ / Вишньоволоцький повіт / Тверська губернія,Удільне відомство,,,,,
rec_186_r_8,,Ревізькі казки,r,8-а ревізія,,,https://drive.google.com/file/d/1ByaelCKZSiXiDGamUAgu0f7F4CUKumWD/view?usp=drivesdk,,https://www.familysearch.org/ark:/61903/3:1:3QSQ-G9MQ-697F-F?i=758&cc=1929530&lang=en&groupId=1929530,,10.04.1834,RU_ZYBUNOVO,Осеченський сільський приказ / Вишньоволоцький повіт / Тверська губернія,Удільне відомство,,,,,
rec_187_r_4,,Ревізькі казки,r,4-а ревізія,,,https://drive.google.com/file/d/1YZyeY9SVvbcMgZQPx1QUvmIbly2wBCiJ/view?usp=drivesdk,,https://www.familysearch.org/ark:/61903/3:1:33SQ-G11B-B6B?i=666&wc=M6MV-ZTG%3A224254401%2C226324801%2C226325701&cc=1929530&lang=en&groupId=1929530,,26.06.1795,RU_GORBOVO,Вишньоволоцький повіт / Тверське намісництво,,,,,,
rec_187_r_5-1,,Ревізькі казки,r,5-а ревізія,,,https://drive.google.com/file/d/13oq83Xdwn-3mOQEc3RLzpHXNBqWvt4Bb/view?usp=drive_link,,https://www.familysearch.org/ark:/61903/3:1:3QS7-89MM-MVZN?i=662&wc=M6MV-N68%3A224254401%2C226324801%2C226421401&cc=1929530&lang=uk&groupId=1929530,,26.06.1795,RU_GORBOVO,Вишньоволоцький повіт / Тверське намісництво,,,,,,
rec_187_r_5-2,,Ревізькі казки,r,5-а ревізія,,,https://drive.google.com/file/d/1oH4e35ZBap3NIbHwx9VBjnyW50PHOe1J/view?usp=drive_link,,https://www.familysearch.org/ark:/61903/3:1:3QSQ-G9MM-MFRX?i=929&wc=M6MV-N68%3A224254401%2C226324801%2C226421401&cc=1929530&lang=en&groupId=1929530,,06.1795,RU_ZYBUNOVO,Двірцева Осеченська Карельська волость / Вишньоволоцький повіт / Тверське намісництво,Двірцеве відомство,,,,,
rec_187_r_7,,Ревізькі казки,r,7-а ревізія,,,https://drive.google.com/file/d/1h20K6EANWndVsERkQFxEUWSjxY97ES5-/view?usp=drivesdk,,https://www.familysearch.org/ark:/61903/3:1:3QS7-89MM-LF7S?i=1139&wc=M6MV-LZ9%3A224254401%2C226324801%2C226539201&cc=1929530&lang=en&groupId=1929530,,08.03.1816,RU_ZYBUNOVO,Осеченська Карельська вотчина / Осеченський сільський приказ / Вишньоволоцький повіт / Тверська губернія,Удільне відомство,,,,,
rec_187_r_8,,Ревізькі казки,r,8-а ревізія,,,https://drive.google.com/file/d/1ByaelCKZSiXiDGamUAgu0f7F4CUKumWD/view?usp=drivesdk,,https://www.familysearch.org/ark:/61903/3:1:3QSQ-G9MQ-697F-F?i=758&cc=1929530&lang=en&groupId=1929530,,10.04.1834,RU_ZYBUNOVO,Осеченський сільський приказ / Вишньоволоцький повіт / Тверська губернія,Удільне відомство,,,,,
rec_188_r_4,,Ревізькі казки,r,4-а ревізія,,,https://drive.google.com/file/d/1mPMq2xQBY7U6463ch1Vg3ZTrCKTelaLk/view?usp=drivesdk,,https://www.familysearch.org/ark:/61903/3:1:33S7-L11B-TTJ?i=988&wc=M6MV-ZTG%3A224254401%2C226324801%2C226325701&cc=1929530&lang=en&groupId=1929530,,30.06.1782,RU_RUSSKAYA_GORA,Вишньоволоцький повіт / Тверське намісництво,,,,,,
rec_188_r_5,,Ревізькі казки,r,5-а ревізія,,,https://drive.google.com/file/d/1nECQVwB0wuD-04kGt0nZtmQ-RatLbQef/view?usp=drivesdk,,https://www.familysearch.org/ark:/61903/3:1:3QS7-L9MM-MV2W?i=544&wc=M6MV-N68%3A224254401%2C226324801%2C226421401&cc=1929530&lang=en&groupId=1929530,,06.1795,RU_RUSSKAYA_GORA,Двірцева Осеченська Старожильська волость / Вишньоволоцький повіт / Тверське намісництво,Двірцеве відомство,,,,,
rec_188_r_6,,Ревізькі казки,r,6-а ревізія,,,https://drive.google.com/file/d/1YcJTMKk1u43KXhSSVMvIHFB4ilPpY2CF/view?usp=drivesdk,,https://www.familysearch.org/ark:/61903/3:1:3QS7-89MM-FS2Y?i=514&wc=M6MV-LZS%3A224254401%2C226324801%2C226462101&cc=1929530&lang=en&groupId=1929530,,07.1811,RU_RUSSKAYA_GORA,Осеченська Старожильська вотчина / Осеченський сільський приказ / Вишньоволоцький повіт / Тверська губернія,Удільне відомство,,,,,
rec_188_r_7,,Ревізькі казки,r,7-а ревізія,,,https://drive.google.com/file/d/1dubjn3j_0IwC17YesQo-DQAUudOR3gkL/view?usp=drivesdk,,https://www.familysearch.org/ark:/61903/3:1:3QS7-L9MM-L8CS?i=749&wc=M6MV-LZ9%3A224254401%2C226324801%2C226539201&cc=1929530&lang=en&groupId=1929530,,08.03.1816,RU_RUSSKAYA_GORA,Осеченська Старожильська вотчина / Осеченський сільський приказ / Вишньоволоцький повіт / Тверська губернія,Удільне відомство,,,,,
rec_188_r_8,,Ревізькі казки,r,8-а ревізія,,,https://drive.google.com/file/d/1uErKCbaABN0YDkScI8am4UKkU6x5BujB/view?usp=drivesdk,,https://www.familysearch.org/ark:/61903/3:1:3QSQ-G9M3-H5ZM?i=448&wc=M6MK-M29%3A224254401%2C226324801%2C226710501&cc=1929530&lang=en&groupId=1929530,,10.04.1834,RU_RUSSKAYA_GORA,Осеченський сільський приказ / Вишньоволоцький повіт / Тверська губернія,Удільне відомство,,,,,
rec_189_r_5,,Ревізькі казки,r,5-а ревізія,,,https://drive.google.com/file/d/1nECQVwB0wuD-04kGt0nZtmQ-RatLbQef/view?usp=drivesdk,,https://www.familysearch.org/ark:/61903/3:1:3QS7-L9MM-MV2W?i=544&wc=M6MV-N68%3A224254401%2C226324801%2C226421401&cc=1929530&lang=en&groupId=1929530,,06.1795,RU_RUSSKAYA_GORA,Двірцева Осеченська Старожильська волость / Вишньоволоцький повіт / Тверське намісництво,Двірцеве відомство,,,,,
rec_189_r_7,,Ревізькі казки,r,7-а ревізія,,,https://drive.google.com/file/d/1dubjn3j_0IwC17YesQo-DQAUudOR3gkL/view?usp=drivesdk,,https://www.familysearch.org/ark:/61903/3:1:3QS7-L9MM-L8CS?i=749&wc=M6MV-LZ9%3A224254401%2C226324801%2C226539201&cc=1929530&lang=en&groupId=1929530,,08.03.1816,RU_RUSSKAYA_GORA,Осеченська Старожильська вотчина / Осеченський сільський приказ / Вишньоволоцький повіт / Тверська губернія,Удільне відомство,,,,,
rec_190_r_4,,Ревізькі казки,r,4-а ревізія,,,https://drive.google.com/file/d/1hJa2G_HZwCxN1U-52mKALziCyKIVdfnY/view?usp=drivesdk,,https://www.familysearch.org/ark:/61903/3:1:33S7-811B-55R?i=983&wc=M6MV-ZTG%3A224254401%2C226324801%2C226325701&cc=1929530&lang=en&groupId=1929530,,30.06.1782,RU_RUSSKAYA_GORA,Вишньоволоцький повіт / Тверське намісництво,,,,,,
rec_190_r_5,,Ревізькі казки,r,5-а ревізія,,,https://drive.google.com/file/d/1uhvMjFzvh_368lHlUr1Fu07LYNduZCbN/view?usp=drivesdk,,https://www.familysearch.org/ark:/61903/3:1:3QS7-L9MM-MVKP?i=540&wc=M6MV-N68%3A224254401%2C226324801%2C226421401&cc=1929530&lang=en&groupId=1929530,,06.1795,RU_RUSSKAYA_GORA,Двірцева Осеченська Старожильська волость / Вишньоволоцький повіт / Тверське намісництво,Двірцеве відомство,,,,,
rec_190_r_6,,Ревізькі казки,r,6-а ревізія,,,https://drive.google.com/file/d/1YcJTMKk1u43KXhSSVMvIHFB4ilPpY2CF/view?usp=drivesdk,,https://www.familysearch.org/ark:/61903/3:1:3QS7-89MM-FS2Y?i=514&wc=M6MV-LZS%3A224254401%2C226324801%2C226462101&cc=1929530&lang=en&groupId=1929530,,07.1811,RU_RUSSKAYA_GORA,Осеченська Старожильська вотчина / Осеченський сільський приказ / Вишньоволоцький повіт / Тверська губернія,Удільне відомство,,,,,
rec_190_r_7,,Ревізькі казки,r,7-а ревізія,,,https://drive.google.com/file/d/1J8Ek_5pfGxyTNVG3dRBnSKkgt16kh0d6/view?usp=drivesdk,,https://www.familysearch.org/ark:/61903/3:1:3QS7-L9MM-L8C3?i=746&wc=M6MV-LZ9%3A224254401%2C226324801%2C226539201&cc=1929530&lang=en&groupId=1929530,,08.03.1816,RU_RUSSKAYA_GORA,Осеченська Старожильська вотчина / Осеченський сільський приказ / Вишньоволоцький повіт / Тверська губернія,Удільне відомство,,,,,
rec_191_r_4-1,,Ревізькі казки,r,4-а ревізія,,,https://drive.google.com/file/d/11YfEdbuIjyMWcLOZHpVJk44CmnOkw2pw/view?usp=drivesdk,,https://www.familysearch.org/ark:/61903/3:1:33S7-L11B-R7H?i=424&cc=1929530&cat=1985631&lang=en&groupId=1929530,,05.06.1782,RU_PODMONASTYRSKAYA_SLOBODKA,Вишньоволоцький повіт / Тверське намісництво,,,,,,
rec_191_r_4-2,,Ревізькі казки,r,4-а ревізія,,,https://drive.google.com/file/d/1bQLWGC8CjCQ3L3Y0biSt8neaVxnzNsXT/view?usp=drivesdk,,https://www.familysearch.org/ark:/61903/3:1:33S7-L11B-R7H?i=424&cc=1929530&cat=1985631&lang=en&groupId=1929530,,30.06.1782,RU_RUSSKAYA_GORA,Вишньоволоцький повіт / Тверське намісництво,,,,,,
rec_191_r_5,,Ревізькі казки,r,5-а ревізія,,,https://drive.google.com/file/d/1uhvMjFzvh_368lHlUr1Fu07LYNduZCbN/view?usp=drivesdk,,https://www.familysearch.org/ark:/61903/3:1:3QS7-L9MM-MVKP?i=540&wc=M6MV-N68%3A224254401%2C226324801%2C226421401&cc=1929530&lang=en&groupId=1929530,,06.1795,RU_RUSSKAYA_GORA,Двірцева Осеченська Старожильська волость / Вишньоволоцький повіт / Тверське намісництво,Двірцеве відомство,,,,,
rec_256_r_2,,Ревізькі казки,r,2-а ревізія,,,https://drive.google.com/file/d/1H2zscCGns34BWn5VGFStptHVpXe1eX-y/view?usp=drivesdk,,,,03.08.1745,RU_BORKI,Новгородський повіт / Новгородська провінція / Новгородська губернія,,,,,,
rec_256_r_4-1,,Ревізькі казки,r,4-а ревізія,,,https://drive.google.com/file/d/1c6u0cfoY_Sq8aTPj-UqvZeJdjCimb5iE/view?usp=drivesdk,,https://www.familysearch.org/ark:/61903/3:1:33S7-L11B-9ZXY?i=336&cc=1929530&cat=784335&lang=en&groupId=1929530,,05.1782,RU_BORKI,Двірцева Трестенська волость / Вишньоволоцький повіт / Тверське намісництво,Двірцеве відомство,,,,,
rec_256_r_4-2,,Ревізькі казки,r,4-а ревізія,,,https://drive.google.com/file/d/1LPZv9ue4g3nYObArRYTbUxlcFcjFNu3-/view?usp=drivesdk,,https://www.familysearch.org/ark:/61903/3:1:33S7-L11B-9ZKG?i=331&cc=1929530&cat=784335&lang=en&groupId=1929530,,05.1782,RU_GAVRILKOVO,Двірцева Трестенська волость / Вишньоволоцький повіт / Тверське намісництво,Двірцеве відомство,,,,,
rec_256_r_5,,Ревізькі казки,r,5-а ревізія,,,https://drive.google.com/file/d/1UBjd7A6Mcrs7H3x0BmFT_OQnN_7N54Lm/view?usp=drivesdk,,https://www.familysearch.org/ark:/61903/3:1:3QS7-89MM-MWJ7?i=207&wc=M6MV-N68%3A224254401%2C226324801%2C226421401&cc=1929530&lang=en&groupId=1929530,,06.1795,RU_GAVRILKOVO,Двірцева Трестенська вотчина / 1-ша Осеченська волость / Вишньоволоцький повіт / Тверське намісництво,Двірцеве відомство,,,,,
rec_258_r_1,,Ревізькі казки,r,1-а ревізія,,,https://drive.google.com/file/d/1gfqcB1dlolDqgCrinD6XNmwoPf1ymxai/view?usp=drivesdk,,,,1720,RU_RAMENYE,Новгородський повіт / Новгородська провінція / Санкт-Петербурзька губернія,,,,,,
rec_258_r_2,,Ревізькі казки,r,2-а ревізія,,,https://drive.google.com/file/d/1BI_XXYpDy0olFk9tqPeCmTm7FIMerz25/view?usp=drivesdk,,,,03.08.1745,RU_RAMENYE,Новгородський повіт / Новгородська провінція / Новгородська губернія,,,,,,
rec_258_r_4,,Ревізькі казки,r,4-а ревізія,,,https://drive.google.com/file/d/13HLyAV0UaRtIvzGqZBHzh7OT6P3aj3xc/view?usp=drivesdk,,,,25.06.1782,RU_RAMENYE,Бежецький повіт / Тверське намісництво,,,,,,
rec_259_r_4,,Ревізькі казки,r,4-а ревізія,,,https://drive.google.com/file/d/13HLyAV0UaRtIvzGqZBHzh7OT6P3aj3xc/view?usp=drivesdk,,,,25.06.1782,RU_RAMENYE,Бежецький повіт / Тверське намісництво,,,,,,
rec_260_r_2,,Ревізькі казки,r,2-а ревізія,,,https://drive.google.com/file/d/15wK8VHK6E61aCVh1fly3wUnDRhgPoyXO/view?usp=drivesdk,,,,03.08.1745,RU_DVORISHCHE,Двірцева Трестенська волость / Новгородський повіт / Новгородська провінція / Новгородська губернія,Двірцеве відомство,,,,,
rec_260_r_4,,Ревізькі казки,r,4-а ревізія,,,https://drive.google.com/file/d/1omqp68lW5av0ZvEfvI-Il643TH6QxZdE/view?usp=drivesdk,,https://www.familysearch.org/ark:/61903/3:1:33S7-811B-9HGW?i=314&cc=1929530&cat=784335&lang=en&groupId=1929530,,05.1782,RU_DVORISHCHE,Двірцева Трестенська волость / Вишньоволоцький повіт / Тверське намісництво,Двірцеве відомство,,,,,
rec_262_r_2,,Ревізькі казки,r,2-а ревізія,,,https://drive.google.com/file/d/12cc-vOI_QKjoy9LnBtvwhMt_WQDWM1Vu/view?usp=drivesdk,,,,30.07.1745,RU_GNEZDOVO,Новгородський повіт / Новгородська провінція / Новгородська губернія,,,,,,
rec_262_r_3-1,,Ревізькі казки,r,3-а ревізія,,,https://drive.google.com/file/d/13LtoAiU9NFinO_6iBg4ALWQ94DTAnart/view?usp=drivesdk,,,,23.07.1762,RU_GNEZDOVO,Новгородський повіт / Новгородська провінція / Новгородська губернія,,,,,,
rec_262_r_3-2,,Ревізькі казки,r,3-а ревізія,,,https://drive.google.com/file/d/1dV0DHbZ8s2ZtIV7X1mz2XG3QYw0q4L9n/view?usp=drivesdk,,,,23.07.1762,RU_STAN,Новгородський повіт / Новгородська провінція / Новгородська губернія,,,,,,
rec_262_r_4,,Ревізькі казки,r,4-а ревізія,,,https://drive.google.com/file/d/1qJon737_7iLfWOBoFsBUwBzoPYUUyKQ9/view?usp=drivesdk,,https://www.familysearch.org/ark:/61903/3:1:33S7-811B-9HB4?i=263&cc=1929530&cat=1985631&lang=en&groupId=1929530,,12.09.1782,RU_VETCHINO,Вишньоволоцький повіт / Тверське намісництво,,,,,,
rec_263_r_3,,Ревізькі казки,r,3-а ревізія,,,https://drive.google.com/file/d/1dV0DHbZ8s2ZtIV7X1mz2XG3QYw0q4L9n/view?usp=drivesdk,,,,23.07.1762,RU_STAN,Новгородський повіт / Новгородська провінція / Новгородська губернія,,,,,,
rec_263_r_4,,Ревізькі казки,r,4-а ревізія,,,https://drive.google.com/file/d/1qJon737_7iLfWOBoFsBUwBzoPYUUyKQ9/view?usp=drivesdk,,https://www.familysearch.org/ark:/61903/3:1:33S7-811B-9HB4?i=263&cc=1929530&cat=1985631&lang=en&groupId=1929530,,12.09.1782,RU_VETCHINO,Вишньоволоцький повіт / Тверське намісництво,,,,,,
rec_263_r_5,,Ревізькі казки,r,5-а ревізія,,,https://drive.google.com/file/d/1ei0Wy0eASYgMF2oV_zL1c7Uw35wLMygZ/view?usp=drivesdk,,https://www.familysearch.org/ark:/61903/3:1:3QS7-L9MM-MWC6?i=107&wc=M6MV-N68%3A224254401%2C226324801%2C226421401&cc=1929530&lang=en&groupId=1929530,,20.06.1795,RU_VETCHINO,Вишньоволоцький повіт / Тверське намісництво,,,,,,
rec_264_r_2,,Ревізькі казки,r,2-а ревізія,,,https://drive.google.com/file/d/1MxFRm6mWmL07O0DJYwriSQ0c4AoBSEBd/view?usp=drivesdk,,,,03.08.1745,RU_DVORISHCHE,Двірцева Трестенська волость / Новгородський повіт / Новгородська провінція / Новгородська губернія,Двірцеве відомство,,,,,
rec_264_r_4,,Ревізькі казки,r,4-а ревізія,,,https://drive.google.com/file/d/1tSOlNAtWg-_-ahH69_Jifokh6j5pWj7T/view?usp=drivesdk,,https://www.familysearch.org/ark:/61903/3:1:33SQ-G11B-9Z8W?i=319&cc=1929530&cat=784335&lang=en&groupId=1929530,,05.1782,RU_DVORISHCHE,Двірцева Трестенська волость / Вишньоволоцький повіт / Тверське намісництво,Двірцеве відомство,,,,,
rec_265_r_4,,Ревізькі казки,r,4-а ревізія,,,https://drive.google.com/file/d/1tSOlNAtWg-_-ahH69_Jifokh6j5pWj7T/view?usp=drivesdk,,https://www.familysearch.org/ark:/61903/3:1:33SQ-G11B-9Z8W?i=319&cc=1929530&cat=784335&lang=en&groupId=1929530,,05.1782,RU_DVORISHCHE,Двірцева Трестенська волость / Вишньоволоцький повіт / Тверське намісництво,Двірцеве відомство,,,,,
rec_266_r_1,,Ревізькі казки,r,1-а ревізія,,,https://drive.google.com/file/d/1_9LKJMQ4Ar_6f0f5SkFQx7Z8xCMynBvW/view?usp=drivesdk,,,,1719,RU_VOROBYEVO,Новгородський повіт / Новгородська провінція / Санкт-Петербурзька губернія,,,,,,
rec_266_r_2,,Ревізькі казки,r,2-а ревізія,,,https://drive.google.com/file/d/1Peqqj6ew3PJoLM9Qv236qcjZnMnxRf1E/view?usp=drivesdk,,,,30.07.1745,RU_BEREZOVKA,Новгородський повіт / Новгородська провінція / Новгородська губернія,,,,,,
rec_266_r_3,,Ревізькі казки,r,3-а ревізія,,,https://drive.google.com/file/d/149hBAim4ggxacWSM39RRM2GRNTtLgreu/view?usp=drivesdk,,,,07.1762,RU_BEREZOVKA,Двірцевий Толмачевський погост / Новгородський повіт / Новгородська провінція / Новгородська губернія,Двірцеве відомство,,,,,
rec_266_r_4,,Ревізькі казки,r,4-а ревізія,,,https://drive.google.com/file/d/1yiF8bo2wHguCNuufSL7hxySezSNe09M6/view?usp=drivesdk,,https://www.familysearch.org/ark:/61903/3:1:33S7-L11B-94KK?i=150&cc=1929530&cat=1985631&lang=en&groupId=1929530,,06.1782,RU_BEREZOVKA,Двірцева Толмачевська волость / Вишньоволоцький повіт / Тверське намісництво,Двірцеве відомство,,,,,
rec_267_r_3,,Ревізькі казки,r,3-а ревізія,,,https://drive.google.com/file/d/149hBAim4ggxacWSM39RRM2GRNTtLgreu/view?usp=drivesdk,,,,07.1762,RU_BEREZOVKA,Двірцевий Толмачевський погост / Новгородський повіт / Новгородська провінція / Новгородська губернія,Двірцеве відомство,,,,,
rec_267_r_4,,Ревізькі казки,r,4-а ревізія,,,https://drive.google.com/file/d/1yiF8bo2wHguCNuufSL7hxySezSNe09M6/view?usp=drivesdk,,https://www.familysearch.org/ark:/61903/3:1:33S7-L11B-94KK?i=150&cc=1929530&cat=1985631&lang=en&groupId=1929530,,06.1782,RU_BEREZOVKA,Двірцева Толмачевська волость / Вишньоволоцький повіт / Тверське намісництво,Двірцеве відомство,,,,,
rec_267_r_5,,Ревізькі казки,r,5-а ревізія,,,https://drive.google.com/file/d/1OSwwIq1aI0ZKzA2nvfzjz8yrUXdZ6iWB/view?usp=drivesdk,,https://www.familysearch.org/ark:/61903/3:1:3QSQ-G9MM-MWWN?i=170&wc=M6MV-N68%3A224254401%2C226324801%2C226421401&cc=1929530&lang=en&groupId=1929530,,27.06.1795,RU_BEREZOVKA,Вишньоволоцький повіт / Тверське намісництво,,,,,,
rec_268_r_2,,Ревізькі казки,r,2-а ревізія,,,https://drive.google.com/file/d/1MxFRm6mWmL07O0DJYwriSQ0c4AoBSEBd/view?usp=drivesdk,,,,03.08.1745,RU_DVORISHCHE,Двірцева Трестенська волость / Новгородський повіт / Новгородська провінція / Новгородська губернія,Двірцеве відомство,,,,,
rec_270_r_1,,Ревізькі казки,r,1-а ревізія,,,https://drive.google.com/file/d/1xpPgLkiv_dQud0skfVsgKmVUlXCMMk3G/view?usp=drivesdk,,,,1719,RU_NIKULINO,Новгородський повіт / Новгородська провінція / Санкт-Петербурзька губернія,,,,,,
rec_274_r_2,,Ревізькі казки,r,2-а ревізія,,,https://drive.google.com/file/d/1fod-54cN_vsTjcRve_GhPPGC9uvfAimq/view?usp=drivesdk,,,,03.08.1745,RU_KALIKINO,Новгородський повіт / Новгородська провінція / Новгородська губернія,,,,,,
rec_274_r_4,,Ревізькі казки,r,4-а ревізія,,,https://drive.google.com/file/d/1QW5U3k5g-PU0D41U8UJzIBvJhzzLQkkc/view?usp=drivesdk,,,,25.06.1782,RU_KALIKINO,Бежецький повіт / Тверське намісництво,,,,,,
rec_275_r_4,,Ревізькі казки,r,4-а ревізія,,,https://drive.google.com/file/d/1QW5U3k5g-PU0D41U8UJzIBvJhzzLQkkc/view?usp=drivesdk,,,,25.06.1782,RU_KALIKINO,Бежецький повіт / Тверське намісництво,,,,,,
rec_276_r_2,,Ревізькі казки,r,2-а ревізія,,,https://drive.google.com/file/d/1H2zscCGns34BWn5VGFStptHVpXe1eX-y/view?usp=drivesdk,,,,03.08.1745,RU_BORKI,Новгородський повіт / Новгородська провінція / Новгородська губернія,,,,,,
rec_277_r_4-1,,Ревізькі казки,r,4-а ревізія,,,https://drive.google.com/file/d/1c6u0cfoY_Sq8aTPj-UqvZeJdjCimb5iE/view?usp=drivesdk,,https://www.familysearch.org/ark:/61903/3:1:33S7-L11B-9ZXY?i=336&cc=1929530&cat=784335&lang=en&groupId=1929530,,05.1782,RU_BORKI,Двірцева Трестенська волость / Вишньоволоцький повіт / Тверське намісництво,Двірцеве відомство,,,,,
rec_277_r_4-2,,Ревізькі казки,r,4-а ревізія,,,https://drive.google.com/file/d/1N4kFlbMbdtGod6pYH-KUPeQWckHLD1U8/view?usp=drivesdk,,https://www.familysearch.org/ark:/61903/3:1:33S7-L11B-9ZJP?i=335&cc=1929530&cat=784335&lang=en&groupId=1929530,,05.1782,RU_GAVRILKOVO,Двірцева Трестенська волость / Вишньоволоцький повіт / Тверське намісництво,Двірцеве відомство,,,,,
rec_278_r_1,,Ревізькі казки,r,1-а ревізія,,,https://drive.google.com/file/d/1WkPi1CqjE825VVyVNPliDmy_gKjBWtet/view?usp=drive_link,,,,1721,RU_STAROE,Новгородський повіт / Новгородська провінція / Санкт-Петербурзька губернія,,,,,,
rec_278_r_2,,Ревізькі казки,r,2-а ревізія,,,https://drive.google.com/file/d/1WMbZ4QSC9VPxE_8uv6bzPzZFcyRuMJYu/view?usp=drivesdk,,,,03.08.1745,RU_STAROE,Новгородський повіт / Новгородська провінція / Новгородська губернія,,,,,,
rec_278_r_4,,Ревізькі казки,r,4-а ревізія,,,https://drive.google.com/file/d/1T3zgbrpK7fv7SGWbGQ24WUn-hUaekk8T/view?usp=drive_link,,,,25.06.1782,RU_STAROE,Двірцева Трестенська волость / Бежецький повіт / Тверське намісництво,Двірцеве відомство,,,,,
rec_279_r_4,,Ревізькі казки,r,4-а ревізія,,,https://drive.google.com/file/d/1T3zgbrpK7fv7SGWbGQ24WUn-hUaekk8T/view?usp=drive_link,,,,25.06.1782,RU_STAROE,Двірцева Трестенська волость / Бежецький повіт / Тверське намісництво,Двірцеве відомство,,,,,
rec_280_r_2,,Ревізькі казки,r,2-а ревізія,,,https://drive.google.com/file/d/1H2zscCGns34BWn5VGFStptHVpXe1eX-y/view?usp=drivesdk,,,,03.08.1745,RU_BORKI,Новгородський повіт / Новгородська провінція / Новгородська губернія,,,,,,
rec_280_r_4-1,,Ревізькі казки,r,4-а ревізія,,,https://drive.google.com/file/d/186wAy3UgrtH4T8eUgiL0ClW9punbc0ux/view?usp=drivesdk,,https://www.familysearch.org/ark:/61903/3:1:33S7-811B-9HLF?i=338&cc=1929530&cat=784335&lang=en&groupId=1929530,,05.1782,RU_BORKI,Двірцева Трестенська волость / Вишньоволоцький повіт / Тверське намісництво,Двірцеве відомство,,,,,
rec_280_r_4-2,,Ревізькі казки,r,4-а ревізія,,,https://drive.google.com/file/d/1MvlSHi9dYfUJPvMo-f9OU-mFTlpTEMs-/view?usp=drivesdk,,https://www.familysearch.org/ark:/61903/3:1:33S7-L11B-9ZFM?i=337&cc=1929530&cat=784335&lang=en&groupId=1929530,,05.1782,RU_GAVRILKOVO,Двірцева Трестенська волость / Вишньоволоцький повіт / Тверське намісництво,Двірцеве відомство,,,,,
rec_281_r_4-1,,Ревізькі казки,r,4-а ревізія,,,https://drive.google.com/file/d/186wAy3UgrtH4T8eUgiL0ClW9punbc0ux/view?usp=drivesdk,,https://www.familysearch.org/ark:/61903/3:1:33S7-811B-9HLF?i=338&cc=1929530&cat=784335&lang=en&groupId=1929530,,05.1782,RU_BORKI,Двірцева Трестенська волость / Вишньоволоцький повіт / Тверське намісництво,Двірцеве відомство,,,,,
rec_281_r_4-2,,Ревізькі казки,r,4-а ревізія,,,https://drive.google.com/file/d/1MvlSHi9dYfUJPvMo-f9OU-mFTlpTEMs-/view?usp=drivesdk,,https://www.familysearch.org/ark:/61903/3:1:33S7-L11B-9ZFM?i=337&cc=1929530&cat=784335&lang=en&groupId=1929530,,05.1782,RU_GAVRILKOVO,Двірцева Трестенська волость / Вишньоволоцький повіт / Тверське намісництво,Двірцеве відомство,,,,,
rec_281_r_5,,Ревізькі казки,r,5-а ревізія,,,https://drive.google.com/file/d/11jrd58-WInTYVmT3A52RdOlUOdZyYJiK/view?usp=drive_link,,https://www.familysearch.org/ark:/61903/3:1:3QS7-L9MM-M72R?i=208&wc=M6MV-N68%3A224254401%2C226324801%2C226421401&cc=1929530&lang=en&groupId=1929530,,06.1795,RU_GAVRILKOVO,Двірцева Трестенська вотчина / 1-ша Осеченська волость / Вишньоволоцький повіт / Тверське намісництво,Двірцеве відомство,,,,,
rec_282_r_2,,Ревізькі казки,r,2-а ревізія,,,https://drive.google.com/file/d/1XsHzVHnyY8nfhBpT2gcSXeiIOinxXXSX/view?usp=drivesdk,,,,03.08.1745,RU_STROKINA_GORKA,Новгородський повіт / Новгородська провінція / Новгородська губернія,,,,,,
rec_282_r_4,,Ревізькі казки,r,4-а ревізія,,,https://drive.google.com/file/d/1Mq3anZZ5gLC3_cjOCNlyTbmijypRFGqB/view?usp=drivesdk,,,,25.06.1782,RU_STROKINA_GORKA,Бежецький повіт / Тверське намісництво,,,,,,
rec_283_r_4,,Ревізькі казки,r,4-а ревізія,,,https://drive.google.com/file/d/1Mq3anZZ5gLC3_cjOCNlyTbmijypRFGqB/view?usp=drivesdk,,,,25.06.1782,RU_STROKINA_GORKA,Бежецький повіт / Тверське намісництво,,,,,,
rec_283_r_5,,Ревізькі казки,r,5-а ревізія,,,https://drive.google.com/file/d/1MTFBdxG5B-eq8d1brN7VLgSejifzSmkm/view?usp=drivesdk,,,,01.09.1795,RU_STROKINA_GORKA,Бежецький повіт / Тверське намісництво,,,,,,
rec_286_r_2,,Ревізькі казки,r,2-а ревізія,,,https://drive.google.com/file/d/1CWN2z7Xb7uoSqE2uy-V3uIkHr7oSUl9C/view?usp=drivesdk,,,,30.07.1745,RU_GORKA_T,Новгородський повіт / Новгородська провінція / Новгородська губернія,,,,,,
rec_286_r_3-1,,Ревізькі казки,r,3-а ревізія,,,https://drive.google.com/file/d/1CCDGfrR7nylCj2ypzGL-47gaNJph9TVB/view?usp=drivesdk,,,,15.07.1762,RU_GORKA_T,Новгородський повіт / Новгородська провінція / Новгородська губернія,,,,,,
rec_286_r_3-2,,Ревізькі казки,r,3-а ревізія,,,https://drive.google.com/file/d/1w3LKNWxjnhgg3bubwHb6ZA3U6mjDxPq2/view?usp=drivesdk,,,,07.1762,RU_ZMEEVO,Двірцевий Толмачевський погост / Новгородський повіт / Новгородська провінція / Новгородська губернія,Двірцеве відомство,,,,,
rec_286_r_4,,Ревізькі казки,r,4-а ревізія,,,https://drive.google.com/file/d/1EC1mjVYyuLWc3CJ2R7BMbvXGlm4ROYy6/view?usp=drivesdk,,https://www.familysearch.org/ark:/61903/3:1:33S7-L11B-94DG?i=143&cc=1929530&cat=1985631&lang=en&groupId=1929530,,06.1782,RU_GORKA_T,Двірцева Толмачевська волость / Вишньоволоцький повіт / Тверське намісництво,Двірцеве відомство,,,,,
rec_286_r_5,,Ревізькі казки,r,5-а ревізія,,,https://drive.google.com/file/d/1706Oa5swbTzeBeCyvNBhTQgC2BZSAHgf/view?usp=drivesdk,,https://www.familysearch.org/ark:/61903/3:1:3QS7-89MM-MWLK?i=179&wc=M6MV-N68%3A224254401%2C226324801%2C226421401&cc=1929530&lang=en&groupId=1929530,,27.06.1795,RU_GORKA_T,Вишньоволоцький повіт / Тверське намісництво,,,,,,
rec_286_r_6,,Ревізькі казки,r,6-а ревізія,,,https://drive.google.com/file/d/1wDA3CAfiQD0ynO4EpubUO00kBnom-kmL/view?usp=drivesdk,,https://www.familysearch.org/ark:/61903/3:1:3QSQ-G9MM-FBQR?i=451&wc=M6MV-2NL%3A224254401%2C226324801%2C226445301&cc=1929530&lang=en&groupId=1929530,,23.09.1811,RU_GORKA_T,Вишньоволоцький повіт / Тверська губернія,Олександр Семенович Макаров,,,,,
rec_287_r_3,,Ревізькі казки,r,3-а ревізія,,,https://drive.google.com/file/d/1w3LKNWxjnhgg3bubwHb6ZA3U6mjDxPq2/view?usp=drivesdk,,,,07.1762,RU_ZMEEVO,Двірцевий Толмачевський погост / Новгородський повіт / Новгородська провінція / Новгородська губернія,Двірцеве відомство,,,,,
rec_287_r_4,,Ревізькі казки,r,4-а ревізія,,,https://drive.google.com/file/d/1EC1mjVYyuLWc3CJ2R7BMbvXGlm4ROYy6/view?usp=drivesdk,,https://www.familysearch.org/ark:/61903/3:1:33S7-L11B-94DG?i=143&cc=1929530&cat=1985631&lang=en&groupId=1929530,,06.1782,RU_GORKA_T,Двірцева Толмачевська волость / Вишньоволоцький повіт / Тверське намісництво,Двірцеве відомство,,,,,
rec_287_r_5,,Ревізькі казки,r,5-а ревізія,,,https://drive.google.com/file/d/1706Oa5swbTzeBeCyvNBhTQgC2BZSAHgf/view?usp=drivesdk,,https://www.familysearch.org/ark:/61903/3:1:3QS7-89MM-MWLK?i=179&wc=M6MV-N68%3A224254401%2C226324801%2C226421401&cc=1929530&lang=en&groupId=1929530,,27.06.1795,RU_GORKA_T,Вишньоволоцький повіт / Тверське намісництво,,,,,,
rec_288_r_1,,Ревізькі казки,r,1-а ревізія,,,https://drive.google.com/file/d/1QgtoTBTIoQj0wh5-ejAg8OO62rgq0Jta/view?usp=drivesdk,,,,1723,RU_KOZLOVO_S,Новгородський повіт / Новгородська провінція / Санкт-Петербурзька губернія,,,,,,
rec_288_r_2,,Ревізькі казки,r,2-а ревізія,,,https://drive.google.com/file/d/1XcHeePAIGKqhvytKJqsf_ccXL0kVuTzz/view?usp=drivesdk,,,,17.07.1745,RU_KOZLOVO_S,Новгородський повіт / Новгородська провінція / Новгородська губернія,,,,,,
rec_288_r_4,,Ревізькі казки,r,4-а ревізія,,,https://drive.google.com/file/d/1s5cnPUxjek_5o3eyt7tdWs_Lo2DKSiin/view?usp=drivesdk,,https://www.familysearch.org/ark:/61903/3:1:33SQ-G11B-9WBQ?i=156&cc=1929530&cat=784335&lang=en&groupId=1929530,,06.1782,RU_KOZLOVO_S,Двірцева Козловська волость / Вишньоволоцький повіт / Тверське намісництво,Двірцеве відомство,,,,,
rec_289_r_4,,Ревізькі казки,r,4-а ревізія,,,https://drive.google.com/file/d/1s5cnPUxjek_5o3eyt7tdWs_Lo2DKSiin/view?usp=drivesdk,,https://www.familysearch.org/ark:/61903/3:1:33SQ-G11B-9WBQ?i=156&cc=1929530&cat=784335&lang=en&groupId=1929530,,06.1782,RU_KOZLOVO_S,Двірцева Козловська волость / Вишньоволоцький повіт / Тверське намісництво,Двірцеве відомство,,,,,
rec_290_r_2,,Ревізькі казки,r,2-а ревізія,,,https://drive.google.com/file/d/1JJBaLOtBKgnQmcRgDMc9mxVqV_PpvqRe/view?usp=drivesdk,,,,02.07.1745,RU_GORKA_O,Новгородський повіт / Новгородська провінція / Новгородська губернія,,,,,,
rec_290_r_4,,Ревізькі казки,r,4-а ревізія,,,https://drive.google.com/file/d/1PLXv4s2cX9BnWOzkkvfBfS1M9RiBlaoe/view?usp=drivesdk,,https://www.familysearch.org/ark:/61903/3:1:33SQ-G11B-TJ8?i=926&wc=M6MV-ZTG%3A224254401%2C226324801%2C226325701&cc=1929530&lang=en&groupId=1929530,,30.06.1782,RU_BOLSHOY_DVOR,Двірцева Осеченська Карельська волость / Вишньоволоцький повіт / Тверське намісництво,Двірцеве відомство,,,,,
rec_290_r_5,,Ревізькі казки,r,5-а ревізія,,,https://drive.google.com/file/d/1tMpAiawNXlK2PxAZs2OgMheCzM4oH_bJ/view?usp=drivesdk,,https://www.familysearch.org/ark:/61903/3:1:3QS7-89MM-MJ68?i=918&wc=M6MV-N68%3A224254401%2C226324801%2C226421401&cc=1929530&lang=en&groupId=1929530,,29.06.1795,RU_BOLSHOY_DVOR,Вишньоволоцький повіт / Тверське намісництво,,,,,,
rec_290_r_6,,Ревізькі казки,r,6-а ревізія,,,https://drive.google.com/file/d/1stnUANlTEPastvQhYKFnv0-D0xv48oM5/view?usp=drivesdk,,https://www.familysearch.org/ark:/61903/3:1:3QSQ-G9MM-F3QM?i=492&wc=M6MV-LZS%3A224254401%2C226324801%2C226462101&cc=1929530&lang=en&groupId=1929530,,04.08.1811,RU_BOLSHOY_DVOR,Вишньоволоцький повіт / Тверська губернія,,,,,,
rec_291_r_4,,Ревізькі казки,r,4-а ревізія,,,https://drive.google.com/file/d/1PLXv4s2cX9BnWOzkkvfBfS1M9RiBlaoe/view?usp=drivesdk,,https://www.familysearch.org/ark:/61903/3:1:33SQ-G11B-TJ8?i=926&wc=M6MV-ZTG%3A224254401%2C226324801%2C226325701&cc=1929530&lang=en&groupId=1929530,,30.06.1782,RU_BOLSHOY_DVOR,Двірцева Осеченська Карельська волость / Вишньоволоцький повіт / Тверське намісництво,Двірцеве відомство,,,,,
rec_292_r_2,,Ревізькі казки,r,2-а ревізія,,,https://drive.google.com/file/d/1OZZVSw-DxGAkHnqBAWZnnDuI2-JRQrst/view?usp=drivesdk,,,,17.07.1745,RU_PASYNKI,Новгородський повіт / Новгородська провінція / Новгородська губернія,,,,,,
rec_292_r_4,,Ревізькі казки,r,4-а ревізія,,,https://drive.google.com/file/d/1cHPoW22fZuVavxqj9GzJof47AVz363RT/view?usp=drivesdk,,https://www.familysearch.org/ark:/61903/3:1:33S7-L11B-98HB?i=194&cc=1929530&cat=784335&lang=en&groupId=1929530,,06.1782,RU_PASYNKI,Двірцева Козловська волость / Вишньоволоцький повіт / Тверське намісництво,Двірцеве відомство,,,,,
rec_292_r_5,,Ревізькі казки,r,5-а ревізія,,,https://drive.google.com/file/d/1xP93KLsUixAlew10ws9q5s8ZR1BElYOI/view?usp=drivesdk,,https://www.familysearch.org/ark:/61903/3:1:3QS7-89MM-MHMK?i=57&wc=M6MV-N68%3A224254401%2C226324801%2C226421401&cc=1929530&lang=en&groupId=1929530,,06.1795,RU_PASYNKI,Двірцева Козловська вотчина / 1-ша Осеченська волость / Вишньоволоцький повіт / Тверське намісництво,Двірцеве відомство,,,,,
rec_292_r_6,,Ревізькі казки,r,6-а ревізія,,,https://drive.google.com/file/d/1Q1h-hOnxp-8hKVszOCdo-ItNypNLMAse/view?usp=drivesdk,,https://www.familysearch.org/ark:/61903/3:1:3QSQ-G9M3-G998-H?i=83&wc=M6MV-LTL%3A224254401%2C226324801%2C226483201&cc=1929530&lang=en&groupId=1929530,,22.12.1811,RU_PASYNKI,Вишньоволоцький повіт / Тверська губернія,Іван Терентійович Сназін,,,,,
rec_293_r_3,,Ревізькі казки,r,3-а ревізія,,,https://drive.google.com/file/d/1XD9lg0IxvGcn7EyZtnBdsIcPFDOFETUo/view?usp=drivesdk,,,,15.07.1762,RU_TOLMACHI,Новгородський повіт / Новгородська провінція / Новгородська губернія,,,,,,
rec_293_r_4,,Ревізькі казки,r,4-а ревізія,,,https://drive.google.com/file/d/1cHPoW22fZuVavxqj9GzJof47AVz363RT/view?usp=drivesdk,,https://www.familysearch.org/ark:/61903/3:1:33S7-L11B-98HB?i=194&cc=1929530&cat=784335&lang=en&groupId=1929530,,06.1782,RU_PASYNKI,Двірцева Козловська волость / Вишньоволоцький повіт / Тверське намісництво,Двірцеве відомство,,,,,
rec_293_r_5,,Ревізькі казки,r,5-а ревізія,,,https://drive.google.com/file/d/1xP93KLsUixAlew10ws9q5s8ZR1BElYOI/view?usp=drivesdk,,https://www.familysearch.org/ark:/61903/3:1:3QS7-89MM-MHMK?i=57&wc=M6MV-N68%3A224254401%2C226324801%2C226421401&cc=1929530&lang=en&groupId=1929530,,06.1795,RU_PASYNKI,Двірцева Козловська вотчина / 1-ша Осеченська волость / Вишньоволоцький повіт / Тверське намісництво,Двірцеве відомство,,,,,
rec_294_r_2,,Ревізькі казки,r,2-а ревізія,,,https://drive.google.com/file/d/19GyIae8OKtEbdPLAXRC8DjUzqI8C6B9M/view?usp=drivesdk,,,,17.07.1745,RU_TIMOSHKINO,Новгородський повіт / Новгородська провінція / Новгородська губернія,,,,,,
rec_294_r_4,,Ревізькі казки,r,4-а ревізія,,,https://drive.google.com/file/d/1n5NVlxhdY7htvS_LpK8ZJZkNlgCd4G3T/view?usp=drivesdk,,https://www.familysearch.org/ark:/61903/3:1:33S7-L11B-94Z7?i=160&cc=1929530&cat=784335&lang=en&groupId=1929530,,06.1782,RU_TIMOSHKINO,Двірцева Козловська волость / Вишньоволоцький повіт / Тверське намісництво,Двірцеве відомство,,,,,
rec_294_r_5,,Ревізькі казки,r,5-а ревізія,,,https://drive.google.com/file/d/1QAeoEnilzh1qGQxrX4Gl_7nZNAzOSxOT/view?usp=drivesdk,,https://www.familysearch.org/ark:/61903/3:1:3QSQ-G9MM-MWT9?i=6&wc=M6MV-N68%3A224254401%2C226324801%2C226421401&cc=1929530&lang=en&groupId=1929530,,06.1795,RU_TIMOSHKINO,Двірцева Козловська вотчина / 1-ша Осеченська волость / Вишньоволоцький повіт / Тверське намісництво,Двірцеве відомство,,,,,
rec_294_r_6,,Ревізькі казки,r,6-а ревізія,,,https://drive.google.com/file/d/11PZNqQfAS5wfOdFUL4haOoZ0vJXjwCeV/view?usp=drivesdk,,https://www.familysearch.org/ark:/61903/3:1:3QSQ-G9M3-G99X-K?i=62&wc=M6MV-LTL%3A224254401%2C226324801%2C226483201&cc=1929530&lang=en&groupId=1929530,,22.12.1811,RU_TIMOSHKINO,Вишньоволоцький повіт / Тверська губернія,Іван Терентійович Сназін,,,,,
rec_294_r_7,,Ревізькі казки,r,7-а ревізія,,,https://drive.google.com/file/d/17DMTJRXjR0SuL-wxijdZIvSGaZmsDxUu/view?usp=drivesdk,,https://www.familysearch.org/ark:/61903/3:1:3QS7-89MM-K7DG?i=214&wc=M6MV-GTL%3A224254401%2C226324801%2C226509001&cc=1929530&lang=en&groupId=1929530,,26.02.1816,RU_TIMOSHKINO,Вишньоволоцький повіт / Тверська губернія,Толмачівський Івицький удільний сільський приказ,,,,,
rec_295_r_4,,Ревізькі казки,r,4-а ревізія,,,https://drive.google.com/file/d/1n5NVlxhdY7htvS_LpK8ZJZkNlgCd4G3T/view?usp=drivesdk,,https://www.familysearch.org/ark:/61903/3:1:33S7-L11B-94Z7?i=160&cc=1929530&cat=784335&lang=en&groupId=1929530,,06.1782,RU_TIMOSHKINO,Двірцева Козловська волость / Вишньоволоцький повіт / Тверське намісництво,Двірцеве відомство,,,,,
rec_295_r_5,,Ревізькі казки,r,5-а ревізія,,,https://drive.google.com/file/d/1QAeoEnilzh1qGQxrX4Gl_7nZNAzOSxOT/view?usp=drivesdk,,https://www.familysearch.org/ark:/61903/3:1:3QSQ-G9MM-MWT9?i=6&wc=M6MV-N68%3A224254401%2C226324801%2C226421401&cc=1929530&lang=en&groupId=1929530,,06.1795,RU_TIMOSHKINO,Двірцева Козловська вотчина / 1-ша Осеченська волость / Вишньоволоцький повіт / Тверське намісництво,Двірцеве відомство,,,,,
rec_296_r_2,,Ревізькі казки,r,2-а ревізія,,,https://drive.google.com/file/d/12tGJj-nCo1ssZN53fkP3BFevkx60VerY/view?usp=drivesdk,,,,17.07.1745,RU_MOGILKI,Новгородський повіт / Новгородська провінція / Новгородська губернія,,,,,,
rec_296_r_4-1,,Ревізькі казки,r,4-а ревізія,,,https://drive.google.com/file/d/1Nbi-CPPp_3U25TygkhMkUIDCWkC_mt7l/view?usp=drivesdk,,https://www.familysearch.org/ark:/61903/3:1:33S7-811B-9H15?i=225&cc=1929530&cat=784335&lang=uk&groupId=1929530,,06.1782,RU_SPASOKLINYE,Двірцева Козловська волость / Вишньоволоцький повіт / Тверське намісництво,Двірцеве відомство,,,,,
rec_296_r_4-2,,Ревізькі казки,r,4-а ревізія,,,https://drive.google.com/file/d/1-jhcg-1UoJUONV95a-ipDLfCx4xeHD5t/view?usp=drivesdk,,https://www.familysearch.org/ark:/61903/3:1:33S7-811B-9H15?i=225&cc=1929530&cat=784335&lang=uk&groupId=1929530,,06.1782,RU_ARZHANOE,Двірцева Козловська волость / Вишньоволоцький повіт / Тверське намісництво,Двірцеве відомство,,,,,
rec_296_r_5-1,,Ревізькі казки,r,5-а ревізія,,,https://drive.google.com/file/d/1yvoPVrmpIfLhWTyMpoCCfa_yvpKUtQ6r/view?usp=drivesdk,,https://www.familysearch.org/ark:/61903/3:1:3QS7-89MM-M4HN?i=85&wc=M6MV-N68%3A224254401%2C226324801%2C226421401&cc=1929530&lang=en&groupId=1929530,,06.1795,RU_ARZHANOE,Двірцева Козловська вотчина / 1-ша Осеченська волость / Вишньоволоцький повіт / Тверське намісництво,Двірцеве відомство,,,,,
rec_296_r_5-2,,Ревізькі казки,r,5-а ревізія,,,https://drive.google.com/file/d/12qHmpXcfsNop9igfeZd_p5x0aw2pDE2H/view?usp=drivesdk,,https://www.familysearch.org/ark:/61903/3:1:3QS7-89MM-M4HN?i=85&wc=M6MV-N68%3A224254401%2C226324801%2C226421401&cc=1929530&lang=en&groupId=1929530,,06.1795,RU_KOZLOVO_S,Двірцева Козловська вотчина / 1-ша Осеченська волость / Вишньоволоцький повіт / Тверське намісництво,Двірцеве відомство,,,,,
rec_296_r_6,,Ревізькі казки,r,6-а ревізія,,,https://drive.google.com/file/d/1g2q-6vJFrTjwjU2zG4iOseNm7XuPI_qG/view?usp=drivesdk,,https://www.familysearch.org/ark:/61903/3:1:3QSQ-G9M3-G99N-H?i=61&wc=M6MV-LTL%3A224254401%2C226324801%2C226483201&cc=1929530&lang=en&groupId=1929530,,22.12.1811,RU_KOZLOVO_S,Вишньоволоцький повіт / Тверська губернія,Іван Терентійович Сназін,,,,,
rec_297_r_4-1,,Ревізькі казки,r,4-а ревізія,,,https://drive.google.com/file/d/1Nbi-CPPp_3U25TygkhMkUIDCWkC_mt7l/view?usp=drivesdk,,https://www.familysearch.org/ark:/61903/3:1:33S7-811B-9H15?i=225&cc=1929530&cat=784335&lang=uk&groupId=1929530,,06.1782,RU_SPASOKLINYE,Двірцева Козловська волость / Вишньоволоцький повіт / Тверське намісництво,Двірцеве відомство,,,,,
rec_297_r_4-2,,Ревізькі казки,r,4-а ревізія,,,https://drive.google.com/file/d/1-jhcg-1UoJUONV95a-ipDLfCx4xeHD5t/view?usp=drivesdk,,https://www.familysearch.org/ark:/61903/3:1:33S7-811B-9H15?i=225&cc=1929530&cat=784335&lang=uk&groupId=1929530,,06.1782,RU_ARZHANOE,Двірцева Козловська волость / Вишньоволоцький повіт / Тверське намісництво,Двірцеве відомство,,,,,
rec_297_r_5-1,,Ревізькі казки,r,5-а ревізія,,,https://drive.google.com/file/d/1yvoPVrmpIfLhWTyMpoCCfa_yvpKUtQ6r/view?usp=drivesdk,,https://www.familysearch.org/ark:/61903/3:1:3QS7-89MM-M4HN?i=85&wc=M6MV-N68%3A224254401%2C226324801%2C226421401&cc=1929530&lang=en&groupId=1929530,,06.1795,RU_ARZHANOE,Двірцева Козловська вотчина / 1-ша Осеченська волость / Вишньоволоцький повіт / Тверське намісництво,Двірцеве відомство,,,,,
rec_297_r_5-2,,Ревізькі казки,r,5-а ревізія,,,https://drive.google.com/file/d/12qHmpXcfsNop9igfeZd_p5x0aw2pDE2H/view?usp=drivesdk,,https://www.familysearch.org/ark:/61903/3:1:3QS7-89MM-M4HN?i=85&wc=M6MV-N68%3A224254401%2C226324801%2C226421401&cc=1929530&lang=en&groupId=1929530,,06.1795,RU_KOZLOVO_S,Двірцева Козловська вотчина / 1-ша Осеченська волость / Вишньоволоцький повіт / Тверське намісництво,Двірцеве відомство,,,,,
rec_298_r_2,,Ревізькі казки,r,2-а ревізія,,,https://drive.google.com/file/d/1TiyLNowlrRL1-rbSTaJeoMogDcA-QljO/view?usp=drivesdk,,,,17.07.1745,RU_LINDINO,Новгородський повіт / Новгородська провінція / Новгородська губернія,,,,,,
rec_298_r_4,,Ревізькі казки,r,4-а ревізія,,,https://drive.google.com/file/d/1fuf4UrCzMzF2v3I73CEOledoqceqQMFs/view?usp=drivesdk,,https://www.familysearch.org/ark:/61903/3:1:33SQ-G11B-984Z?i=204&cc=1929530&cat=784335&lang=en&groupId=1929530,,06.1782,RU_LINDINO,Двірцева Козловська волость / Вишньоволоцький повіт / Тверське намісництво,Двірцеве відомство,,,,,
rec_298_r_5,,Ревізькі казки,r,5-а ревізія,,,https://drive.google.com/file/d/1riZneaOt-krbSwxxLzRZRyGtGfLwJ0Ds/view?usp=drivesdk,,https://www.familysearch.org/ark:/61903/3:1:3QS7-L9MM-M47H?i=69&wc=M6MV-N68%3A224254401%2C226324801%2C226421401&cc=1929530&lang=en&groupId=1929530,,26.06.1795,RU_LINDINO,Вишньоволоцький повіт / Тверське намісництво,,,,,,
rec_298_r_6,,Ревізькі казки,r,6-а ревізія,,,https://drive.google.com/file/d/1mn5hd03BL0FtE-m1BrHSyJAcrNSCM9Nz/view?usp=drivesdk,,https://www.familysearch.org/ark:/61903/3:1:3QS7-L9MM-FLPL?wc=M6MV-2NL%3A224254401%2C226324801%2C226445301%26cc%3D1929530&lang=en&i=210&cc=1929530&groupId=1929530,,04.09.1811,RU_LINDINO,Вишньоволоцький повіт / Тверська губернія,Андрій Силович Максимов,,,,,
rec_299_r_4,,Ревізькі казки,r,4-а ревізія,,,https://drive.google.com/file/d/1fuf4UrCzMzF2v3I73CEOledoqceqQMFs/view?usp=drivesdk,,https://www.familysearch.org/ark:/61903/3:1:33SQ-G11B-984Z?i=204&cc=1929530&cat=784335&lang=en&groupId=1929530,,06.1782,RU_LINDINO,Двірцева Козловська волость / Вишньоволоцький повіт / Тверське намісництво,Двірцеве відомство,,,,,
rec_299_r_5,,Ревізькі казки,r,5-а ревізія,,,https://drive.google.com/file/d/1riZneaOt-krbSwxxLzRZRyGtGfLwJ0Ds/view?usp=drivesdk,,https://www.familysearch.org/ark:/61903/3:1:3QS7-L9MM-M47H?i=69&wc=M6MV-N68%3A224254401%2C226324801%2C226421401&cc=1929530&lang=en&groupId=1929530,,26.06.1795,RU_LINDINO,Вишньоволоцький повіт / Тверське намісництво,,,,,,
rec_300_r_1,,Ревізькі казки,r,1-а ревізія,,,https://drive.google.com/file/d/1QgtoTBTIoQj0wh5-ejAg8OO62rgq0Jta/view?usp=drivesdk,,,,1719,RU_TIMOSHKINO,Новгородський повіт / Новгородська провінція / Санкт-Петербурзька губернія,,,,,,
rec_300_r_2,,Ревізькі казки,r,2-а ревізія,,,https://drive.google.com/file/d/11HSrcdU1-G21p43hzUsN-YxYLl60PJfS/view?usp=drive_link,,,,17.07.1745,RU_TIMOSHKINO,Новгородський повіт / Новгородська провінція / Новгородська губернія,,,,,,
rec_300_r_4,,Ревізькі казки,r,4-а ревізія,,,https://drive.google.com/file/d/1scVvd5L45bdCle_VIhB_UsInBCAiHbzv/view?usp=drivesdk,,https://www.familysearch.org/ark:/61903/3:1:33S7-L11B-94DH?i=159&cc=1929530&cat=784335&lang=en&groupId=1929530,,06.1782,RU_TIMOSHKINO,Двірцева Козловська волость / Вишньоволоцький повіт / Тверське намісництво,Двірцеве відомство,,,,,
rec_300_r_5,,Ревізькі казки,r,5-а ревізія,,,https://drive.google.com/file/d/1R7uNaF6lFCejA4hdFuhpYVitkJ1d6RSU/view?usp=drivesdk,,https://www.familysearch.org/ark:/61903/3:1:3QS7-L9MM-MWTT?i=5&wc=M6MV-N68%3A224254401%2C226324801%2C226421401&cc=1929530&lang=en&groupId=1929530,,06.1795,RU_TIMOSHKINO,Двірцева Козловська вотчина / 1-ша Осеченська волость / Вишньоволоцький повіт / Тверське намісництво,Двірцеве відомство,,,,,
rec_301_r_4,,Ревізькі казки,r,4-а ревізія,,,https://drive.google.com/file/d/1scVvd5L45bdCle_VIhB_UsInBCAiHbzv/view?usp=drivesdk,,https://www.familysearch.org/ark:/61903/3:1:33S7-L11B-94DH?i=159&cc=1929530&cat=784335&lang=en&groupId=1929530,,06.1782,RU_TIMOSHKINO,Двірцева Козловська волость / Вишньоволоцький повіт / Тверське намісництво,Двірцеве відомство,,,,,
rec_301_r_5,,Ревізькі казки,r,5-а ревізія,,,https://drive.google.com/file/d/1R7uNaF6lFCejA4hdFuhpYVitkJ1d6RSU/view?usp=drivesdk,,https://www.familysearch.org/ark:/61903/3:1:3QS7-L9MM-MWTT?i=5&wc=M6MV-N68%3A224254401%2C226324801%2C226421401&cc=1929530&lang=en&groupId=1929530,,06.1795,RU_TIMOSHKINO,Двірцева Козловська вотчина / 1-ша Осеченська волость / Вишньоволоцький повіт / Тверське намісництво,Двірцеве відомство,,,,,
rec_302_r_2,,Ревізькі казки,r,2-а ревізія,,,https://drive.google.com/file/d/1Wu5xAeUc7PTwDbbBBEQ5RepGUao1dqOt/view?usp=drivesdk,,,,30.07.1745,RU_KHLESTOVO,Новгородський повіт / Новгородська провінція / Новгородська губернія,,,,,,
rec_302_r_3,,Ревізькі казки,r,3-а ревізія,,,https://drive.google.com/file/d/1ILAFnEPkUVo-KGXCFe987R8bViVVX9dB/view?usp=drivesdk,,,,23.07.1762,RU_KHLESTOVO,Новгородський повіт / Новгородська провінція / Новгородська губернія,,,,,,
rec_302_r_4,,Ревізькі казки,r,4-а ревізія,,,https://drive.google.com/file/d/1i5OiM6-URWhFxo0W2NgDZaUbG5XXdoHx/view?usp=drivesdk,,https://www.familysearch.org/ark:/61903/3:1:33SQ-G11B-9ZNG?i=303&cc=1929530&cat=1985631&lang=en&groupId=1929530,,12.09.1782,RU_KHLESTOVO,Вишньоволоцький повіт / Тверське намісництво,,,,,,
rec_302_r_5,,Ревізькі казки,r,5-а ревізія,,,https://drive.google.com/file/d/1hwDNXXc7bawpOi2CKkMF62wKzjEsZ5qj/view?usp=drivesdk,,https://www.familysearch.org/ark:/61903/3:1:3QS7-89MM-M4M4?i=144&wc=M6MV-N68%3A224254401%2C226324801%2C226421401&cc=1929530&lang=en&groupId=1929530,,20.06.1795,RU_KHLESTOVO,Вишньоволоцький повіт / Тверське намісництво,,,,,,
rec_302_r_6,,Ревізькі казки,r,6-а ревізія,,,https://drive.google.com/file/d/14Ui3UbGfa_L93btEDsbxj58k4tF_jr6U/view?usp=drivesdk,,https://www.familysearch.org/ark:/61903/3:1:3QS7-L9M3-G1HY?wc=M6MV-LTL%3A224254401%2C226324801%2C226483201%26cc%3D1929530&lang=en&i=11&cc=1929530&groupId=1929530,,28.09.1811,RU_KHLESTOVO,Вишньоволоцький повіт / Тверська губернія,Йосип Васильович Смирнов,,,,,
rec_303_r_3,,Ревізькі казки,r,3-а ревізія,,,https://drive.google.com/file/d/1ILAFnEPkUVo-KGXCFe987R8bViVVX9dB/view?usp=drivesdk,,,,23.07.1762,RU_KHLESTOVO,Новгородський повіт / Новгородська провінція / Новгородська губернія,,,,,,
rec_303_r_4,,Ревізькі казки,r,4-а ревізія,,,https://drive.google.com/file/d/1HwGdveh9q6F3nqmbiEk4Yri4iHqy_SOe/view?usp=drivesdk,,https://www.familysearch.org/ark:/61903/3:1:33S7-L11B-9ZPF?i=304&cc=1929530&cat=1985631&lang=en&groupId=1929530,,12.09.1782,RU_KHLESTOVO,Вишньоволоцький повіт / Тверське намісництво,,,,,,
rec_303_r_5,,Ревізькі казки,r,5-а ревізія,,,https://drive.google.com/file/d/1ZGdkF5EIWZYH4aAKHJI_Q-aPunqubMg2/view?usp=drivesdk,,https://www.familysearch.org/ark:/61903/3:1:3QS7-89MM-MWBN?i=145&wc=M6MV-N68%3A224254401%2C226324801%2C226421401&cc=1929530&lang=en&groupId=1929530,,20.06.1795,RU_KHLESTOVO,Вишньоволоцький повіт / Тверське намісництво,,,,,,
rec_304_r_1,,Ревізькі казки,r,1-а ревізія,,,https://drive.google.com/file/d/1-mWPvDBWhajywvvl-_Myo7Admq5KCBxN/view?usp=drivesdk,,,,1719,RU_BOLSHOE_PLOSKOE,Новгородський повіт / Новгородська провінція / Санкт-Петербурзька губернія,,,,,,
rec_306_r_1,,Ревізькі казки,r,1-а ревізія,,,https://drive.google.com/file/d/1M83c2NzRc6d_W4TRgKBKJgZCtHvGcjvg/view?usp=drivesdk,,,,1719,RU_TARASOVO,Новгородський повіт / Новгородська провінція / Санкт-Петербурзька губернія,Кирило Артемович Мілюков,,,,,
rec_306_r_2,,Ревізькі казки,r,2-а ревізія,,,https://drive.google.com/file/d/1tMxYfvhemtvLkG29RagZTITkfrWNmwGK/view?usp=drivesdk,,,,13.07.1745,RU_TARASOVO,Новгородський повіт / Новгородська провінція / Новгородська губернія,,,,,,
rec_308_r_1,,Ревізькі казки,r,1-а ревізія,,,https://drive.google.com/file/d/1dhTv5ucywBxzNFNU4z_mtM2p4jFvOOmi/view?usp=drive_link,,,,1719,RU_GORODOK,Новгородський повіт / Новгородська провінція / Санкт-Петербурзька губернія,,,,,,
rec_309_r_4,,Ревізькі казки,r,4-а ревізія,,,https://drive.google.com/file/d/1sZDhFPa5Kmv8RekJRDVna77FShFJgvjD/view?usp=drivesdk,,https://www.familysearch.org/ark:/61903/3:1:33SQ-G11B-9WPK?i=180&cc=1929530&cat=784335&lang=en&groupId=1929530,,06.1782,RU_GORODOK,Двірцева Козловська волость / Вишньоволоцький повіт / Тверське намісництво,Двірцеве відомство,,,,,
rec_310_r_1,,Ревізькі казки,r,1-а ревізія,,,https://drive.google.com/file/d/1QgtoTBTIoQj0wh5-ejAg8OO62rgq0Jta/view?usp=drivesdk,,,,1723,RU_KOZLOVO_S,Новгородський повіт / Новгородська провінція / Санкт-Петербурзька губернія,,,,,,
rec_310_r_2,,Ревізькі казки,r,2-а ревізія,,,https://drive.google.com/file/d/1XcHeePAIGKqhvytKJqsf_ccXL0kVuTzz/view?usp=drivesdk,,,,17.07.1745,RU_KOZLOVO_S,Новгородський повіт / Новгородська провінція / Новгородська губернія,,,,,,
rec_310_r_4,,Ревізькі казки,r,4-а ревізія,,,https://drive.google.com/file/d/1DQeh76Htz83a0FGlcHlRGb1tSckOT365/view?usp=drivesdk,,https://www.familysearch.org/ark:/61903/3:1:33SQ-G11B-984Z?i=204&cc=1929530&cat=784335&lang=en&groupId=1929530,,06.1782,RU_KOZLOVO_S,Двірцева Козловська волость / Вишньоволоцький повіт / Тверське намісництво,Двірцеве відомство,,,,,
rec_311_r_4,,Ревізькі казки,r,4-а ревізія,,,https://drive.google.com/file/d/1DQeh76Htz83a0FGlcHlRGb1tSckOT365/view?usp=drivesdk,,https://www.familysearch.org/ark:/61903/3:1:33SQ-G11B-984Z?i=204&cc=1929530&cat=784335&lang=en&groupId=1929530,,06.1782,RU_KOZLOVO_S,Двірцева Козловська волость / Вишньоволоцький повіт / Тверське намісництво,Двірцеве відомство,,,,,
rec_312_r_1,,Ревізькі казки,r,1-а ревізія,,,https://drive.google.com/file/d/1dhTv5ucywBxzNFNU4z_mtM2p4jFvOOmi/view?usp=drivesdk,,,,1719,RU_GORODOK,Новгородський повіт / Новгородська провінція / Санкт-Петербурзька губернія,,,,,,
rec_312_r_2,,Ревізькі казки,r,2-а ревізія,,,https://drive.google.com/file/d/17WjfGyN66D0SVBuDl-ecxhaoYN2vsN3z/view?usp=drivesdk,,,,17.07.1745,RU_GORODOK,Новгородський повіт / Новгородська провінція / Новгородська губернія,,,,,,
rec_312_r_4,,Ревізькі казки,r,4-а ревізія,,,https://drive.google.com/file/d/1022SuOJTiGc75Lzx0DTLxWMOK7668yYZ/view?usp=drivesdk,,https://www.familysearch.org/ark:/61903/3:1:33S7-811B-976F?i=174&cc=1929530&cat=784335&lang=en&groupId=1929530,,06.1782,RU_GORODOK,Двірцева Козловська волость / Вишньоволоцький повіт / Тверське намісництво,Двірцеве відомство,,,,,
rec_314_r_1,,Ревізькі казки,r,1-а ревізія,,,https://drive.google.com/file/d/1-mWPvDBWhajywvvl-_Myo7Admq5KCBxN/view?usp=drivesdk,,,,1719,RU_BOLSHOE_PLOSKOE,Новгородський повіт / Новгородська провінція / Санкт-Петербурзька губернія,,,,,,
rec_314_r_2,,Ревізькі казки,r,2-а ревізія,,,https://drive.google.com/file/d/1OZZVSw-DxGAkHnqBAWZnnDuI2-JRQrst/view?usp=drivesdk,,,,17.07.1745,RU_BOLSHOE_PLOSKOE,Новгородський повіт / Новгородська провінція / Новгородська губернія,,,,,,
rec_314_r_4,,Ревізькі казки,r,4-а ревізія,,,https://drive.google.com/file/d/1QroGG3yy-_Bz_B83v0KwwRJ99q_0xj6l/view?usp=drivesdk,,https://www.familysearch.org/ark:/61903/3:1:33S7-L11B-98CS?i=193&cc=1929530&cat=784335&lang=en&groupId=1929530,,06.1782,RU_BOLSHOE_PLOSKOE,Двірцева Козловська волость / Вишньоволоцький повіт / Тверське намісництво,Двірцеве відомство,,,,,
rec_318_r_2,,Ревізькі казки,r,2-а ревізія,,,https://drive.google.com/file/d/1y9iLFzl15wem7LHZZv3ZlVC3BhC0oe90/view?usp=drivesdk,,,,30.07.1745,RU_DOLGANOVO,Новгородський повіт / Новгородська провінція / Новгородська губернія,,,,,,
rec_318_r_3,,Ревізькі казки,r,3-а ревізія,,,https://drive.google.com/file/d/1erDiyZ40ECG6OT2muDKtQoZmgCmRPtX6/view?usp=drivesdk,,,,15.07.1762,RU_DOLGANOVO,Новгородський повіт / Новгородська провінція / Новгородська губернія,,,,,,
rec_318_r_4,,Ревізькі казки,r,4-а ревізія,,,https://drive.google.com/file/d/1kiIw9Gib75V4zaT8uXBI6AGMJwI2sGpX/view?usp=drivesdk,,,,18.06.1782,RU_DOLGANOVO,Бежецький повіт / Тверське намісництво,,,,,,
rec_318_r_5,,Ревізькі казки,r,5-а ревізія,,,https://drive.google.com/file/d/1AQ9QBtdk8rEXrAEmDxIJZci7rBp2WzoM/view?usp=drivesdk,,https://www.familysearch.org/ark:/61903/3:1:33S7-L111-9S9R?i=473&wc=M6MN-NZ9%3A224254401%2C224280201%2C224352301&cc=1929530&lang=en&groupId=1929530,,01.08.1795,RU_DOLGANOVO,Бежецький повіт / Тверське намісництво,,,,,,
rec_319_r_3,,Ревізькі казки,r,3-а ревізія,,,https://drive.google.com/file/d/1erDiyZ40ECG6OT2muDKtQoZmgCmRPtX6/view?usp=drivesdk,,,,15.07.1762,RU_DOLGANOVO,Новгородський повіт / Новгородська провінція / Новгородська губернія,,,,,,
rec_319_r_4,,Ревізькі казки,r,4-а ревізія,,,https://drive.google.com/file/d/1kiIw9Gib75V4zaT8uXBI6AGMJwI2sGpX/view?usp=drivesdk,,,,18.06.1782,RU_DOLGANOVO,Бежецький повіт / Тверське намісництво,,,,,,
rec_319_r_5,,Ревізькі казки,r,5-а ревізія,,,https://drive.google.com/file/d/1AQ9QBtdk8rEXrAEmDxIJZci7rBp2WzoM/view?usp=drivesdk,,https://www.familysearch.org/ark:/61903/3:1:33S7-L111-9S9R?i=473&wc=M6MN-NZ9%3A224254401%2C224280201%2C224352301&cc=1929530&lang=en&groupId=1929530,,01.08.1795,RU_DOLGANOVO,Бежецький повіт / Тверське намісництво,,,,,,
rec_320_r_2,,Ревізькі казки,r,2-а ревізія,,,https://drive.google.com/file/d/1kugizdxoo4gsm2uqQ9oNmHrBKCYUKcGM/view?usp=drivesdk,,,,25.06.1745,RU_DOMOSLAVL,Новгородський повіт / Новгородська провінція / Новгородська губернія,,,,,,
rec_320_r_3,,Ревізькі казки,r,3-а ревізія,,,https://drive.google.com/file/d/1nOpfTq9bd4xdY85DUuKodHvbBVkcs6GK/view?usp=drivesdk,,,,1762,RU_DOMOSLAVL,Новгородський повіт / Новгородська провінція / Новгородська губернія,,,,,,
rec_320_r_4,,Ревізькі казки,r,4-а ревізія,,,https://drive.google.com/file/d/1qaJlKLKabhEdFhLAiyAEMh1r3Ii6ktfO/view?usp=drivesdk,,,,1782,RU_DOMOSLAVL,Вишньоволоцький повіт / Тверське намісництво,,,,,,
rec_320_r_5,,Ревізькі казки,r,5-а ревізія,,,https://drive.google.com/file/d/1KNaO-97d4dLMvzmusiX5pinGUd_a2QZf/view?usp=drivesdk,,https://www.familysearch.org/ark:/61903/3:1:3QS7-L9MM-MD3B?i=35&wc=M6MV-N38%3A224254401%2C226324801%2C226412901&cc=1929530&lang=en&groupId=1929530,,23.06.1795,RU_DOMOSLAVL,Вишньоволоцький повіт / Тверське намісництво,,,,,,
rec_320_r_6,,Ревізькі казки,r,6-а ревізія,,,https://drive.google.com/file/d/1Wdmy2VdATg2v0t3DDyAIH3g5vFipvR3C/view?usp=drivesdk,,https://www.familysearch.org/ark:/61903/3:1:3QS7-L9MM-FPZ7?i=251&wc=M6MV-LZS%3A224254401%2C226324801%2C226462101&cc=1929530&lang=en&groupId=1929530,,09.1811,RU_DOMOSLAVL,Економічна Бабська вотчина / 1-ша Ясеновська волость / Вишньоволоцький повіт / Тверська губернія,Міністерство фінансів Російської імперії,,,,,
rec_320_r_7,,Ревізькі казки,r,7-а ревізія,,,https://drive.google.com/file/d/1ICZApBMEvOo5aBMhd7aYoz2JCfSgOmg_/view?usp=drivesdk,,https://www.familysearch.org/ark:/61903/3:1:3QSQ-G9MM-2BNM?i=343&wc=M6MV-LZ9%3A224254401%2C226324801%2C226539201&cc=1929530&lang=en&groupId=1929530,,14.03.1816,RU_DOMOSLAVL,Економічна Бабська вотчина / 1-ша Ясеновська волость / Вишньоволоцький повіт / Тверська губернія,Міністерство фінансів Російської імперії,,,,,
rec_320_r_8,,Ревізькі казки,r,8-а ревізія,,,https://drive.google.com/file/d/1fsCj9rCgKKu1xrNPtRpWAyIVvlh-eCKQ/view?usp=drivesdk,,https://www.familysearch.org/ark:/61903/3:1:3QSQ-G9M3-WKX8?i=306&wc=M6MK-9M9%3A224254401%2C226324801%2C226696901&cc=1929530&lang=en&groupId=1929530,,17.04.1834,RU_DOMOSLAVL,Бабська вотчина / 1-ша Ясеновська волость / Вишньоволоцький повіт / Тверська губернія,Міністерство фінансів Російської імперії,,,,,
rec_321_r_3,,Ревізькі казки,r,3-а ревізія,,,https://drive.google.com/file/d/1jJBs5PYNexqHsk6neM2SP1JsJIBiUHj4/view?usp=drivesdk,,,,1762,RU_DOMOSLAVL,Новгородський повіт / Новгородська провінція / Новгородська губернія,,,,,,
rec_321_r_4-1,,Ревізькі казки,r,4-а ревізія,,,https://drive.google.com/file/d/1A4zH8JxuHSE4Ckp-2s1OS1TDdsOgcL5T/view?usp=drivesdk,,,,1782,RU_DOMOSLAVL,Вишньоволоцький повіт / Тверське намісництво,,,,,,
rec_321_r_4-2,,Ревізькі казки,r,4-а ревізія,,,https://drive.google.com/file/d/1qaJlKLKabhEdFhLAiyAEMh1r3Ii6ktfO/view?usp=drivesdk,,,,1782,RU_DOMOSLAVL,Вишньоволоцький повіт / Тверське намісництво,,,,,,
rec_321_r_5,,Ревізькі казки,r,5-а ревізія,,,https://drive.google.com/file/d/1KNaO-97d4dLMvzmusiX5pinGUd_a2QZf/view?usp=drivesdk,,https://www.familysearch.org/ark:/61903/3:1:3QS7-L9MM-MD3B?i=35&wc=M6MV-N38%3A224254401%2C226324801%2C226412901&cc=1929530&lang=en&groupId=1929530,,23.06.1795,RU_DOMOSLAVL,Вишньоволоцький повіт / Тверське намісництво,,,,,,
rec_322_r_2,,Ревізькі казки,r,2-а ревізія,,,https://drive.google.com/file/d/13SD1PA3AGCpTZDpeFlViHaUWl-4W5i3g/view?usp=drivesdk,,,,22.06.1745,RU_VOYBUTSKAYA_GORA,Новоторзький повіт / Тверська провінція / Новгородська губернія,Опанас Петрович Скрипльов,,,,,
rec_322_r_3,,Ревізькі казки,r,3-а ревізія,,,https://drive.google.com/file/d/1zwG7dATErcznruvWgpXILmAVq8WLfZwj/view?usp=drivesdk,,,,30.09.1762,RU_VOYBUTSKAYA_GORA,Зашегринська волость / Новоторзький повіт / Тверська провінція / Новгородська губернія,,,,,,
rec_322_r_4,,Ревізькі казки,r,4-а ревізія,,,https://drive.google.com/file/d/1YY_a-bYPqztrbekAvxL4ypkBzG2Er0YY/view?usp=drivesdk,,https://www.familysearch.org/ark:/61903/3:1:33S7-L11B-9W8D?i=97&wc=M6MV-NPD%3A224254401%2C226324801%2C226368901&cc=1929530&lang=en&groupId=1929530,,30.06.1782,RU_NOZHKINO,Зашегринська волость / Вишньоволоцький повіт / Тверське намісництво,,,,,,
rec_322_r_5,,Ревізькі казки,r,5-а ревізія,,,https://drive.google.com/file/d/1SfA-B3eQOK8G4Nez2LjpdA26CXhXDh13/view?usp=drivesdk,,https://www.familysearch.org/ark:/61903/3:1:33S7-L111-9F3H?wc=M6MV-NP8%3A224254401%2C226324801%2C226397501%26cc%3D1929530&lang=en&i=12&cc=1929530&groupId=1929530,,28.08.1795,RU_NOZHKINO,Теребенський стан / Вишньоволоцький повіт / Тверське намісництво,Микола Іванович Скрипльов;Єгор Іванович Скрипльов;Петро Іванович Скрипльов;Алевтинія Іванівна Скрипльова,,,,,
rec_322_r_6,,Ревізькі казки,r,6-а ревізія,,,https://drive.google.com/file/d/1XZI8SE9kNMGFbvtnPIxwM9HufFhduEJ8/view?usp=drivesdk,,https://www.familysearch.org/ark:/61903/3:1:3QS7-89M3-G9MZ-F?wc=M6MV-LNG%3A224254401%2C226324801%2C226479101%26cc%3D1929530&lang=en&i=304&cc=1929530&groupId=1929530,,27.09.1811,RU_NOZHKINO,Вишньоволоцький повіт / Тверська губернія,Єгор Іванович Скрипльов;Микола Іванович Скрипльов;Петро Іванович Скрипльов,,,,,
rec_323_r_3,,Ревізькі казки,r,3-а ревізія,,,https://drive.google.com/file/d/1zwG7dATErcznruvWgpXILmAVq8WLfZwj/view?usp=drivesdk,,,,30.09.1762,RU_VOYBUTSKAYA_GORA,Зашегринська волость / Новоторзький повіт / Тверська провінція / Новгородська губернія,,,,,,
rec_323_r_4,,Ревізькі казки,r,4-а ревізія,,,https://drive.google.com/file/d/1YY_a-bYPqztrbekAvxL4ypkBzG2Er0YY/view?usp=drivesdk,,https://www.familysearch.org/ark:/61903/3:1:33S7-L11B-9W8D?i=97&wc=M6MV-NPD%3A224254401%2C226324801%2C226368901&cc=1929530&lang=en&groupId=1929530,,30.06.1782,RU_NOZHKINO,Зашегринська волость / Вишньоволоцький повіт / Тверське намісництво,,,,,,
rec_323_r_5,,Ревізькі казки,r,5-а ревізія,,,https://drive.google.com/file/d/1SfA-B3eQOK8G4Nez2LjpdA26CXhXDh13/view?usp=drivesdk,,https://www.familysearch.org/ark:/61903/3:1:33S7-L111-9F3H?wc=M6MV-NP8%3A224254401%2C226324801%2C226397501%26cc%3D1929530&lang=en&i=12&cc=1929530&groupId=1929530,,28.08.1795,RU_NOZHKINO,Теребенський стан / Вишньоволоцький повіт / Тверське намісництво,Микола Іванович Скрипльов;Єгор Іванович Скрипльов;Петро Іванович Скрипльов;Алевтинія Іванівна Скрипльова,,,,,
rec_324_r_2,,Ревізькі казки,r,2-а ревізія,,,https://drive.google.com/file/d/1gR_jxDisn9IS2AJFTddhLcLYz9pGew6V/view?usp=drivesdk,,,,25.06.1745,RU_DOMOSLAVL,Новгородський повіт / Новгородська провінція / Новгородська губернія,,,,,,
rec_324_r_3,,Ревізькі казки,r,3-а ревізія,,,https://drive.google.com/file/d/1fRP3Xq_xdE3vCYyCHSGQ_IIcVZcDUbyQ/view?usp=drivesdk,,,,1762,RU_DOMOSLAVL,Новгородський повіт / Новгородська провінція / Новгородська губернія,,,,,,
rec_324_r_4,,Ревізькі казки,r,4-а ревізія,,,https://drive.google.com/file/d/1xqZheDuiDvqtu3K4rUn-wxIh6JrEHbIQ/view?usp=drivesdk,,,,1782,RU_DOMOSLAVL,Вишньоволоцький повіт / Тверське намісництво,,,,,,
rec_324_r_5,,Ревізькі казки,r,5-а ревізія,,,https://drive.google.com/file/d/1iZWOdhdrKMJ9jOC1vYqukNvxB2tZNrZo/view?usp=drivesdk,,https://www.familysearch.org/ark:/61903/3:1:3QSQ-G9MM-MFG6?i=932&wc=M6MV-N68%3A224254401%2C226324801%2C226421401&cc=1929530&lang=en&groupId=1929530,,23.06.1795,RU_DOMOSLAVL,Вишньоволоцький повіт / Тверське намісництво,,,,,,
rec_324_r_6,,Ревізькі казки,r,6-а ревізія,,,https://drive.google.com/file/d/1Khv3eyinshjQ5-QK4XCb0QvrMeocMIj1/view?usp=drivesdk,,https://www.familysearch.org/ark:/61903/3:1:3QS7-89MM-FPN2?i=252&wc=M6MV-LZS%3A224254401%2C226324801%2C226462101&cc=1929530&lang=en&groupId=1929530,,09.1811,RU_DOMOSLAVL,Економічна Бабська вотчина / 1-ша Ясеновська волость / Вишньоволоцький повіт / Тверська губернія,Міністерство фінансів Російської імперії,,,,,
rec_324_r_7,,Ревізькі казки,r,7-а ревізія,,,https://drive.google.com/file/d/1NHVpZh9mFiSVEL_RigS3B1nApQt_V60f/view?usp=drivesdk,,https://www.familysearch.org/ark:/61903/3:1:3QS7-L9MM-2P15?i=345&wc=M6MV-LZ9%3A224254401%2C226324801%2C226539201&cc=1929530&lang=en&groupId=1929530,,14.03.1816,RU_DOMOSLAVL,Економічна Бабська вотчина / 1-ша Ясеновська волость / Вишньоволоцький повіт / Тверська губернія,Міністерство фінансів Російської імперії,,,,,
rec_324_r_8,,Ревізькі казки,r,8-а ревізія,,,https://drive.google.com/file/d/15X5PxpvL359C2vM_zxb1BXvi_tYeN4u1/view?usp=drivesdk,,https://www.familysearch.org/ark:/61903/3:1:3QSQ-G9M3-WKGN?i=313&wc=M6MK-9M9%3A224254401%2C226324801%2C226696901&cc=1929530&lang=en&groupId=1929530,,17.04.1834,RU_DOMOSLAVL,Бабська вотчина / 1-ша Ясеновська волость / Вишньоволоцький повіт / Тверська губернія,Міністерство фінансів Російської імперії,,,,,
rec_325_r_3,,Ревізькі казки,r,3-а ревізія,,,https://drive.google.com/file/d/1tH7o2Zm5gzuf3Y7GBbeLi7HKfApMFmRf/view?usp=drivesdk,,,,1762,RU_DOMOSLAVL,Новгородський повіт / Новгородська провінція / Новгородська губернія,,,,,,
rec_325_r_4,,Ревізькі казки,r,4-а ревізія,,,https://drive.google.com/file/d/1xqZheDuiDvqtu3K4rUn-wxIh6JrEHbIQ/view?usp=drivesdk,,,,1782,RU_DOMOSLAVL,Вишньоволоцький повіт / Тверське намісництво,,,,,,
rec_325_r_5,,Ревізькі казки,r,5-а ревізія,,,https://drive.google.com/file/d/1iZWOdhdrKMJ9jOC1vYqukNvxB2tZNrZo/view?usp=drivesdk,,https://www.familysearch.org/ark:/61903/3:1:3QSQ-G9MM-MFG6?i=932&wc=M6MV-N68%3A224254401%2C226324801%2C226421401&cc=1929530&lang=en&groupId=1929530,,23.06.1795,RU_DOMOSLAVL,Вишньоволоцький повіт / Тверське намісництво,,,,,,
rec_326_r_2,,Ревізькі казки,r,2-а ревізія,,,https://drive.google.com/file/d/1eUYdHZIVUZukqjZKoF2d1BOwY9llhxmn/view?usp=drivesdk,,,,25.06.1745,RU_TSIRIBUSHEVO,Новгородський повіт / Новгородська провінція / Новгородська губернія,,,,,,
rec_326_r_3,,Ревізькі казки,r,3-а ревізія,,,https://drive.google.com/file/d/1wnOubK-9UzrTEoynB28u9Ntm3Wkb2ie3/view?usp=drivesdk,,,,1762,RU_TSIRIBUSHEVO,Новгородський повіт / Новгородська провінція / Новгородська губернія,,,,,,
rec_326_r_4-1,,Ревізькі казки,r,4-а ревізія,,,https://drive.google.com/file/d/139PeoPyyDKi-1VlHLa_-1aSThWq4CTXT/view?usp=drivesdk,,,,1782,RU_TSIRIBUSHEVO,Вишньоволоцький повіт / Тверське намісництво,,,,,,
rec_326_r_4-2,,Ревізькі казки,r,4-а ревізія,,,https://drive.google.com/file/d/10MjTNrqdArelPRrMwwHH0UwX0GimvH86/view?usp=drivesdk,,,,1782,RU_LADENKOVO,Вишньоволоцький повіт / Тверське намісництво,,,,,,
rec_326_r_5,,Ревізькі казки,r,5-а ревізія,,,https://drive.google.com/file/d/15cDDcre3sQaQ767WuRa-kqJulgWYGtfN/view?usp=drivesdk,,https://www.familysearch.org/ark:/61903/3:1:3QSQ-G9MM-M8SL?i=61&wc=M6MV-N38%3A224254401%2C226324801%2C226412901&cc=1929530&lang=en&groupId=1929530,,23.06.1795,RU_LADENKOVO,Вишньоволоцький повіт / Тверське намісництво,,,,,,
rec_327_r_3,,Ревізькі казки,r,3-а ревізія,,,https://drive.google.com/file/d/1MM0_5ZEsJj3IEJtjdPTt3_Sr6t7aX8CU/view?usp=drivesdk,,,,1762,RU_DOBRETSOVO,Новгородський повіт / Новгородська провінція / Новгородська губернія,,,,,,
rec_327_r_4-1,,Ревізькі казки,r,4-а ревізія,,,https://drive.google.com/file/d/1Kt1ZD6F2Vsu9vO9C5tTUawCTuYRBJT_I/view?usp=drive_link,,,,1782,RU_DOBRETSOVO,Вишньоволоцький повіт / Тверське намісництво,,,,,,
rec_327_r_4-2,,Ревізькі казки,r,4-а ревізія,,,https://drive.google.com/file/d/10MjTNrqdArelPRrMwwHH0UwX0GimvH86/view?usp=drivesdk,,,,1782,RU_LADENKOVO,Вишньоволоцький повіт / Тверське намісництво,,,,,,
rec_327_r_5,,Ревізькі казки,r,5-а ревізія,,,https://drive.google.com/file/d/15cDDcre3sQaQ767WuRa-kqJulgWYGtfN/view?usp=drivesdk,,https://www.familysearch.org/ark:/61903/3:1:3QSQ-G9MM-M8SL?i=61&wc=M6MV-N38%3A224254401%2C226324801%2C226412901&cc=1929530&lang=en&groupId=1929530,,23.06.1795,RU_LADENKOVO,Вишньоволоцький повіт / Тверське намісництво,,,,,,
rec_327_r_7,,Ревізькі казки,r,7-а ревізія,,,https://drive.google.com/file/d/1_NTQp7BI2Fmp_FgT2a_DsW7iZT-xBybS/view?usp=drive_link,,,,14.03.1816,RU_LADENKOVO,Вишньоволоцький повіт / Тверська губернія,,,,,,
rec_328_r_2,,Ревізькі казки,r,2-а ревізія,,,https://drive.google.com/file/d/1PDnA7xPD9APete-3gHXr5xDq9WyaHPIA/view?usp=drivesdk,,,,02.07.1745,RU_KARABIKHA,Новгородський повіт / Новгородська провінція / Новгородська губернія,,,,,,
rec_328_r_4,,Ревізькі казки,r,4-а ревізія,,,https://drive.google.com/file/d/18bzbA7v0fBka9OefCLIvHiARa_HUEKMS/view?usp=drivesdk,,https://www.familysearch.org/ark:/61903/3:1:33S7-811B-RMP?i=939&wc=M6MV-ZTG%3A224254401%2C226324801%2C226325701&cc=1929530&lang=en&groupId=1929530,,30.06.1782,RU_KARABIKHA,Вишньоволоцький повіт / Тверське намісництво,,,,,,
rec_328_r_5,,Ревізькі казки,r,5-а ревізія,,,https://drive.google.com/file/d/1wojMzkeFY5O-mzsPTzLIQQewANluU61K/view?usp=drivesdk,,https://www.familysearch.org/ark:/61903/3:1:3QS7-L9MM-MNTL?i=938&wc=M6MV-N68%3A224254401%2C226324801%2C226421401&cc=1929530&lang=en&groupId=1929530,,06.1795,RU_KARABIKHA,Двірцева Осеченська Карельська волость / Вишньоволоцький повіт / Тверське намісництво,Двірцеве відомство,,,,,
rec_329_r_4,,Ревізькі казки,r,4-а ревізія,,,https://drive.google.com/file/d/18bzbA7v0fBka9OefCLIvHiARa_HUEKMS/view?usp=drivesdk,,https://www.familysearch.org/ark:/61903/3:1:33S7-811B-RMP?i=939&wc=M6MV-ZTG%3A224254401%2C226324801%2C226325701&cc=1929530&lang=en&groupId=1929530,,30.06.1782,RU_KARABIKHA,Вишньоволоцький повіт / Тверське намісництво,,,,,,
rec_329_r_5,,Ревізькі казки,r,5-а ревізія,,,https://drive.google.com/file/d/1wojMzkeFY5O-mzsPTzLIQQewANluU61K/view?usp=drivesdk,,https://www.familysearch.org/ark:/61903/3:1:3QS7-L9MM-MNTL?i=938&wc=M6MV-N68%3A224254401%2C226324801%2C226421401&cc=1929530&lang=en&groupId=1929530,,06.1795,RU_KARABIKHA,Двірцева Осеченська Карельська волость / Вишньоволоцький повіт / Тверське намісництво,Двірцеве відомство,,,,,
rec_330_r_3,,Ревізькі казки,r,3-а ревізія,,,https://drive.google.com/file/d/1_kk6hkqQb7sYjB0zLq1u6dHBdIp1kFim/view?usp=drivesdk,,,,12.06.1762,RU_YUKHOVO,Новгородський повіт / Новгородська провінція / Новгородська губернія,,,,,,
rec_330_r_4-1,,Ревізькі казки,r,4-а ревізія,,,https://drive.google.com/file/d/1ME1IfUvSpZV5iphPnH6MLz-aeM3Lg4Rs/view?usp=drivesdk,,https://www.familysearch.org/ark:/61903/3:1:33S7-L11B-9ZH7?i=382&cc=1929530&cat=784335&lang=en&groupId=1929530,,30.05.1782,RU_YUKHOVO,Вишньоволоцький повіт / Тверське намісництво,,,,,,
rec_330_r_4-2,,Ревізькі казки,r,4-а ревізія,,,https://drive.google.com/file/d/1arO13nOA1MrKXTWLjOcbS1Bqvi3w51D3/view?usp=drivesdk,,https://www.familysearch.org/ark:/61903/3:1:33SQ-G11B-9ZWK?i=381&cc=1929530&cat=784335&lang=en&groupId=1929530,,30.05.1782,RU_MOSHKOVO,Вишньоволоцький повіт / Тверське намісництво,,,,,,
rec_331_r_3,,Ревізькі казки,r,3-а ревізія,,,https://drive.google.com/file/d/1_kk6hkqQb7sYjB0zLq1u6dHBdIp1kFim/view?usp=drivesdk,,,,12.06.1762,RU_YUKHOVO,Новгородський повіт / Новгородська провінція / Новгородська губернія,,,,,,
rec_331_r_4,,Ревізькі казки,r,4-а ревізія,,,https://drive.google.com/file/d/1arO13nOA1MrKXTWLjOcbS1Bqvi3w51D3/view?usp=drivesdk,,https://www.familysearch.org/ark:/61903/3:1:33SQ-G11B-9ZWK?i=381&cc=1929530&cat=784335&lang=en&groupId=1929530,,30.05.1782,RU_MOSHKOVO,Вишньоволоцький повіт / Тверське намісництво,,,,,,
rec_332_r_2,,Ревізькі казки,r,2-а ревізія,,,https://drive.google.com/file/d/1KiCzcsowlYsR02SkOI24j-a1JSziAUO2/view?usp=drivesdk,,,,02.07.1745,RU_FEDOVO,Новгородський повіт / Новгородська провінція / Новгородська губернія,,,,,,
rec_332_r_4,,Ревізькі казки,r,4-а ревізія,,,https://drive.google.com/file/d/1t35Ih_EHrrvkrc4TVqnD11xgj5G78yOF/view?usp=drivesdk,,https://www.familysearch.org/ark:/61903/3:1:33S7-811B-TRY?i=749&wc=M6MV-ZTG%3A224254401%2C226324801%2C226325701&cc=1929530&lang=en&groupId=1929530,,30.06.1782,RU_FEDOVO,Вишньоволоцький повіт / Тверське намісництво,,,,,,
rec_333_r_4-1,,Ревізькі казки,r,4-а ревізія,,,https://drive.google.com/file/d/1P2w6gY4t2LfzQH7GEEEzKmIVvgEbC-Tk/view?usp=drivesdk,,https://www.familysearch.org/ark:/61903/3:1:33S7-811B-9972?i=1032&wc=M6MV-ZTG%3A224254401%2C226324801%2C226325701&cc=1929530&lang=en&groupId=1929530,,30.06.1782,RU_BOLSHAYA_VARIZHA,Вишньоволоцький повіт / Тверське намісництво,,,,,,
rec_333_r_4-2,,Ревізькі казки,r,4-а ревізія,,,https://drive.google.com/file/d/1t35Ih_EHrrvkrc4TVqnD11xgj5G78yOF/view?usp=drivesdk,,https://www.familysearch.org/ark:/61903/3:1:33S7-811B-TRY?i=749&wc=M6MV-ZTG%3A224254401%2C226324801%2C226325701&cc=1929530&lang=en&groupId=1929530,,30.06.1782,RU_FEDOVO,Вишньоволоцький повіт / Тверське намісництво,,,,,,
rec_333_r_5,,Ревізькі казки,r,5-а ревізія,,,https://drive.google.com/file/d/1cqkpmuiOGVFd38bhwWGVchqTC50iAIgO/view?usp=drivesdk,,https://www.familysearch.org/ark:/61903/3:1:3QS7-L9MM-MJNK?i=750&wc=M6MV-N68%3A224254401%2C226324801%2C226421401&cc=1929530&lang=en&groupId=1929530,,29.06.1795,RU_FEDOVO,Вишньоволоцький повіт / Тверське намісництво,,,,,,
rec_334_r_2,,Ревізькі казки,r,2-а ревізія,,,https://drive.google.com/file/d/1nP_CS0H_thbvpcobuWXoSb0d3dkw-uGI/view?usp=drivesdk,,,,03.07.1745,RU_GRANITSA,Новгородський повіт / Новгородська провінція / Новгородська губернія,,,,,,
rec_334_r_4,,Ревізькі казки,r,4-а ревізія,,,https://drive.google.com/file/d/14er9mMLjHUtRt8Xw8VZDSur6Gxh6axcQ/view?usp=drivesdk,,https://www.familysearch.org/ark:/61903/3:1:33SQ-G11B-9W48?i=1068&cc=1929530&cat=1985631&lang=en&groupId=1929530,,30.06.1782,RU_YASHCHINY,Вишньоволоцький повіт / Тверське намісництво,,,,,,
rec_334_r_5,,Ревізькі казки,r,5-а ревізія,,,https://drive.google.com/file/d/1xfLJir5dgH3Rktae9ljF_dOrEOyWstRc/view?usp=drivesdk,,https://www.familysearch.org/ark:/61903/3:1:3QS7-89MM-MVK3?i=604&wc=M6MV-N68%3A224254401%2C226324801%2C226421401&cc=1929530&lang=en&groupId=1929530,,29.06.1795,RU_YASHCHINY,Вишньоволоцький повіт / Тверське намісництво,,,,,,
rec_335_r_4,,Ревізькі казки,r,4-а ревізія,,,https://drive.google.com/file/d/14er9mMLjHUtRt8Xw8VZDSur6Gxh6axcQ/view?usp=drivesdk,,https://www.familysearch.org/ark:/61903/3:1:33SQ-G11B-9W48?i=1068&cc=1929530&cat=1985631&lang=en&groupId=1929530,,30.06.1782,RU_YASHCHINY,Вишньоволоцький повіт / Тверське намісництво,,,,,,
rec_335_r_5,,Ревізькі казки,r,5-а ревізія,,,https://drive.google.com/file/d/1xfLJir5dgH3Rktae9ljF_dOrEOyWstRc/view?usp=drivesdk,,https://www.familysearch.org/ark:/61903/3:1:3QS7-89MM-MVK3?i=604&wc=M6MV-N68%3A224254401%2C226324801%2C226421401&cc=1929530&lang=en&groupId=1929530,,29.06.1795,RU_YASHCHINY,Вишньоволоцький повіт / Тверське намісництво,,,,,,
rec_336_r_2,,Ревізькі казки,r,2-а ревізія,,,https://drive.google.com/file/d/1qxdh1RkoMc3XLNbkMhIvTc9Yg9xYVaMv/view?usp=drivesdk,,,,02.07.1795,RU_KOSKOVO,Новгородський повіт / Новгородська провінція / Новгородська губернія,,,,,,
rec_336_r_4,,Ревізькі казки,r,4-а ревізія,,,https://drive.google.com/file/d/1d7FSm09x1ek5fr2z4JWQ9C2wiF3-6rc2/view?usp=drivesdk,,https://www.familysearch.org/ark:/61903/3:1:33S7-L11B-TGC?i=930&wc=M6MV-ZTG%3A224254401%2C226324801%2C226325701&cc=1929530&lang=en&groupId=1929530,,30.06.1782,RU_KOZLOVO_D,Вишньоволоцький повіт / Тверське намісництво,,,,,,
rec_337_r_4,,Ревізькі казки,r,4-а ревізія,,,https://drive.google.com/file/d/1d7FSm09x1ek5fr2z4JWQ9C2wiF3-6rc2/view?usp=drivesdk,,https://www.familysearch.org/ark:/61903/3:1:33S7-L11B-TGC?i=930&wc=M6MV-ZTG%3A224254401%2C226324801%2C226325701&cc=1929530&lang=en&groupId=1929530,,30.06.1782,RU_KOZLOVO_D,Вишньоволоцький повіт / Тверське намісництво,,,,,,
rec_337_r_5,,Ревізькі казки,r,5-а ревізія,,,https://drive.google.com/file/d/1PQPDSipWTOfu9w_DFGerJFrxF3ME6Aga/view?usp=drivesdk,,https://www.familysearch.org/ark:/61903/3:1:3QS7-L9MM-MNYK?i=924&wc=M6MV-N68%3A224254401%2C226324801%2C226421401&cc=1929530&lang=en&groupId=1929530,,26.06.1795,RU_KOZLOVO_D,Двірцева Осеченська Карельська волость / Вишньоволоцький повіт / Тверське намісництво,Двірцеве відомство,,,,,
rec_338_r_1,,Ревізькі казки,r,1-а ревізія,,,https://drive.google.com/file/d/1nc49h7FAX0gyLl9pJohx0ZJQd2d158YE/view?usp=drivesdk,,,,1719,RU_KOZLOVO_D,Новгородський повіт / Новгородська провінція / Санкт-Петербурзька губернія,,,,,,
rec_338_r_2,,Ревізькі казки,r,2-а ревізія,,,https://drive.google.com/file/d/1Jx6IEoHwu_cX1GV97jHMVXKsR2OO1BZu/view?usp=drivesdk,,,,02.07.1745,RU_KOZLOVO_D,Новгородський повіт / Новгородська провінція / Новгородська губернія,,,,,,
rec_338_r_4,,Ревізькі казки,r,4-а ревізія,,,https://drive.google.com/file/d/1aBL0Jxpw3HeNQYlSLNEkyxIiLwwWnktc/view?usp=drivesdk,,https://www.familysearch.org/ark:/61903/3:1:33S7-811B-RS3?i=928&wc=M6MV-ZTG%3A224254401%2C226324801%2C226325701&cc=1929530&lang=en&groupId=1929530,,30.06.1782,RU_KOZLOVO_D,Вишньоволоцький повіт / Тверське намісництво,,,,,,
rec_338_r_5,,Ревізькі казки,r,5-а ревізія,,,https://drive.google.com/file/d/1j--aJUH1ZdzL_jrn2nM3d15Np9K9ByIV/view?usp=drivesdk,,https://www.familysearch.org/ark:/61903/3:1:3QS7-L9MM-MNRG?i=921&wc=M6MV-N68%3A224254401%2C226324801%2C226421401&cc=1929530&lang=en&groupId=1929530,,26.06.1795,RU_KOZLOVO_D,Двірцева Осеченська Карельська волость / Вишньоволоцький повіт / Тверське намісництво,Двірцеве відомство,,,,,
rec_338_r_6,,Ревізькі казки,r,6-а ревізія,,,https://drive.google.com/file/d/1MBQ7pGLACzoWR-jSz-FuiWD38qxGfoMe/view?usp=drivesdk,,https://www.familysearch.org/ark:/61903/3:1:3QS7-89MM-FSKT?i=493&wc=M6MV-LZS%3A224254401%2C226324801%2C226462101&cc=1929530&lang=en&groupId=1929530,,08.1811,RU_KOZLOVO_D,Осеченська Карельська вотчина / Осеченський сільський приказ / Вишньоволоцький повіт / Тверська губернія,Удільне відомство,,,,,
rec_340_r_2,,Ревізькі казки,r,2-а ревізія,,,https://drive.google.com/file/d/1eUYdHZIVUZukqjZKoF2d1BOwY9llhxmn/view?usp=drivesdk,,,,25.06.1745,RU_TSIRIBUSHEVO,Новгородський повіт / Новгородська провінція / Новгородська губернія,,,,,,
rec_340_r_3,,Ревізькі казки,r,3-а ревізія,,,https://drive.google.com/file/d/1K07GWLK8di7ld3Kr4jmfrVvVrXWi9T_H/view?usp=drivesdk,,,,1762,RU_TSIRIBUSHEVO,Новгородський повіт / Новгородська провінція / Новгородська губернія,,,,,,
rec_340_r_4-1,,Ревізькі казки,r,4-а ревізія,,,https://drive.google.com/file/d/1x8UjZ3bDnrvnMoKrCEkRnMLD9Ws57hQy/view?usp=drivesdk,,,,1782,RU_TSIRIBUSHEVO,Вишньоволоцький повіт / Тверське намісництво,,,,,,
rec_340_r_4-2,,Ревізькі казки,r,4-а ревізія,,,https://drive.google.com/file/d/1d0MBhBCuJZwBW1WwlUDcJixCbgRqDTBT/view?usp=drivesdk,,,,1782,RU_KALYAGINO,Вишньоволоцький повіт / Тверське намісництво,,,,,,
rec_340_r_5,,Ревізькі казки,r,5-а ревізія,,,https://drive.google.com/file/d/1FFka5dI7xpa9YzXF0PZLax99XtishxqS/view?usp=drivesdk,,https://www.familysearch.org/ark:/61903/3:1:3QSQ-G9MM-M89Q?i=64&wc=M6MV-N38%3A224254401%2C226324801%2C226412901&cc=1929530&lang=en&groupId=1929530,,06.1795,RU_KALYAGINO,Економічна Бабська вотчина / Вишньоволоцький повіт / Тверське намісництво,Тверська казенна палата,,,,,
rec_340_r_6,,Ревізькі казки,r,6-а ревізія,,,https://drive.google.com/file/d/12dwrprvj3wI5HpfNF2neWGv8DJsboVbG/view?usp=drivesdk,,https://www.familysearch.org/ark:/61903/3:1:3QS7-L9MM-FPHC?i=259&wc=M6MV-LZS%3A224254401%2C226324801%2C226462101&cc=1929530&lang=en&groupId=1929530,,23.09.1811,RU_KALYAGINO,Вишньоволоцький повіт / Тверська губернія,,,,,,
rec_341_r_3,,Ревізькі казки,r,3-а ревізія,,,https://drive.google.com/file/d/1wnOubK-9UzrTEoynB28u9Ntm3Wkb2ie3/view?usp=drivesdk,,,,1762,RU_TSIRIBUSHEVO,Новгородський повіт / Новгородська провінція / Новгородська губернія,,,,,,
rec_341_r_4-1,,Ревізькі казки,r,4-а ревізія,,,https://drive.google.com/file/d/1x8UjZ3bDnrvnMoKrCEkRnMLD9Ws57hQy/view?usp=drivesdk,,,,1782,RU_TSIRIBUSHEVO,Вишньоволоцький повіт / Тверське намісництво,,,,,,
rec_341_r_4-2,,Ревізькі казки,r,4-а ревізія,,,https://drive.google.com/file/d/1d0MBhBCuJZwBW1WwlUDcJixCbgRqDTBT/view?usp=drivesdk,,,,1782,RU_KALYAGINO,Вишньоволоцький повіт / Тверське намісництво,,,,,,
rec_341_r_5,,Ревізькі казки,r,5-а ревізія,,,https://drive.google.com/file/d/1FFka5dI7xpa9YzXF0PZLax99XtishxqS/view?usp=drivesdk,,https://www.familysearch.org/ark:/61903/3:1:3QSQ-G9MM-M89Q?i=64&wc=M6MV-N38%3A224254401%2C226324801%2C226412901&cc=1929530&lang=en&groupId=1929530,,06.1795,RU_KALYAGINO,Економічна Бабська вотчина / Вишньоволоцький повіт / Тверське намісництво,Тверська казенна палата,,,,,
rec_342_r_1,,Ревізькі казки,r,1-а ревізія,,,https://drive.google.com/file/d/1O2-wo9Jw9oNPIEvuOFRy4fZc5-puJHcd/view?usp=drivesdk,,,,1719,RU_TSIRIBUSHEVO,Новгородський повіт / Новгородська провінція / Санкт-Петербурзька губернія,,,,,,
rec_342_r_2,,Ревізькі казки,r,2-а ревізія,,,https://drive.google.com/file/d/1eUYdHZIVUZukqjZKoF2d1BOwY9llhxmn/view?usp=drivesdk,,,,25.06.1745,RU_TSIRIBUSHEVO,Новгородський повіт / Новгородська провінція / Новгородська губернія,,,,,,
rec_342_r_3,,Ревізькі казки,r,3-а ревізія,,,https://drive.google.com/file/d/1wnOubK-9UzrTEoynB28u9Ntm3Wkb2ie3/view?usp=drivesdk,,,,1762,RU_TSIRIBUSHEVO,Новгородський повіт / Новгородська провінція / Новгородська губернія,,,,,,
rec_342_r_4,,Ревізькі казки,r,4-а ревізія,,,https://drive.google.com/file/d/10th_HkThYs09hQjnGO034zrUS9KVS8nE/view?usp=drivesdk,,,,1782,RU_TSIRIBUSHEVO,Вишньоволоцький повіт / Тверське намісництво,,,,,,
rec_343_r_3,,Ревізькі казки,r,3-а ревізія,,,https://drive.google.com/file/d/1FPd2axTTz8t7KIU-W1wDBSnPrEgc-1Nw/view?usp=drivesdk,,,,1762,RU_TSIRIBUSHEVO,Новгородський повіт / Новгородська провінція / Новгородська губернія,,,,,,
rec_343_r_4,,Ревізькі казки,r,4-а ревізія,,,https://drive.google.com/file/d/10th_HkThYs09hQjnGO034zrUS9KVS8nE/view?usp=drivesdk,,,,1782,RU_TSIRIBUSHEVO,Вишньоволоцький повіт / Тверське намісництво,,,,,,
rec_343_r_5,,Ревізькі казки,r,5-а ревізія,,,https://drive.google.com/file/d/1RCnZX_Q2lYuHRYYlP4NIocjeI4Z2jSCf/view?usp=drivesdk,,https://www.familysearch.org/ark:/61903/3:1:3QSQ-G9MM-M88H?i=28&wc=M6MV-N38%3A224254401%2C226324801%2C226412901&cc=1929530&lang=en&groupId=1929530,,23.06.1795,RU_TSIRIBUSHEVO,Вишньоволоцький повіт / Тверське намісництво,,,,,,
rec_344_r_2,,Ревізькі казки,r,2-а ревізія,,,https://drive.google.com/file/d/1frHAC8cDdNK7Ty4-a_Tj3Lzv-VMrGRJZ/view?usp=drivesdk,,,,02.07.1745,RU_GORKA_O,Новгородський повіт / Новгородська провінція / Новгородська губернія,,,,,,
rec_344_r_4,,Ревізькі казки,r,4-а ревізія,,,https://drive.google.com/file/d/13s-NmO-E4s7i84whDNAsyO0M3iT7qaj7/view?usp=drivesdk,,https://www.familysearch.org/ark:/61903/3:1:33S7-811B-RD8?i=936&wc=M6MV-ZTG%3A224254401%2C226324801%2C226325701&cc=1929530&lang=en&groupId=1929530,,30.06.1782,RU_ZYBUNOVO,Вишньоволоцький повіт / Тверське намісництво,,,,,,
rec_344_r_5,,Ревізькі казки,r,5-а ревізія,,,https://drive.google.com/file/d/1ONJcMCsPB1d1ZPKkeeurRAQtRTq-f-0M/view?usp=drivesdk,,https://www.familysearch.org/ark:/61903/3:1:3QSQ-G9MM-MFG6?i=932&wc=M6MV-N68%3A224254401%2C226324801%2C226421401&cc=1929530&lang=en&groupId=1929530,,06.1795,RU_ZYBUNOVO,Двірцева Осеченська Карельська волость / Вишньоволоцький повіт / Тверське намісництво,Двірцеве відомство,,,,,
rec_344_r_6,,Ревізькі казки,r,6-а ревізія,,,https://drive.google.com/file/d/1AH1l-sy8XhFLkLeiGW-FCjwavrqS0Hwg/view?usp=drivesdk,,https://www.familysearch.org/ark:/61903/3:1:3QS7-89MM-FSV2?i=495&wc=M6MV-LZS%3A224254401%2C226324801%2C226462101&cc=1929530&lang=en&groupId=1929530,,08.1811,RU_ZYBUNOVO,Осеченська Карельська вотчина / Осеченський сільський приказ / Вишньоволоцький повіт / Тверська губернія,Удільне відомство,,,,,
rec_345_r_3,,Ревізькі казки,r,3-а ревізія,,,https://drive.google.com/file/d/1lcyaNOF9RkJDhaX6-jrV9gZF1hFpNLZf/view?usp=drivesdk,,,,12.06.1762,RU_MOSHKOVO,Новгородський повіт / Новгородська провінція / Новгородська губернія,,,,,,
rec_345_r_4,,Ревізькі казки,r,4-а ревізія,,,https://drive.google.com/file/d/13s-NmO-E4s7i84whDNAsyO0M3iT7qaj7/view?usp=drivesdk,,https://www.familysearch.org/ark:/61903/3:1:33S7-811B-RD8?i=936&wc=M6MV-ZTG%3A224254401%2C226324801%2C226325701&cc=1929530&lang=en&groupId=1929530,,30.06.1782,RU_ZYBUNOVO,Вишньоволоцький повіт / Тверське намісництво,,,,,,
rec_345_r_5,,Ревізькі казки,r,5-а ревізія,,,https://drive.google.com/file/d/1ONJcMCsPB1d1ZPKkeeurRAQtRTq-f-0M/view?usp=drivesdk,,https://www.familysearch.org/ark:/61903/3:1:3QSQ-G9MM-MFG6?i=932&wc=M6MV-N68%3A224254401%2C226324801%2C226421401&cc=1929530&lang=en&groupId=1929530,,06.1795,RU_ZYBUNOVO,Двірцева Осеченська Карельська волость / Вишньоволоцький повіт / Тверське намісництво,Двірцеве відомство,,,,,
rec_348_r_2,,Ревізькі казки,r,2-а ревізія,,,https://drive.google.com/file/d/1vgFFjfrVLp6AJ5y38ZXSl9c_xBIu25N4/view?usp=drivesdk,,,,03.07.1745,RU_YUNYAKHINO,Новгородський повіт / Новгородська провінція / Новгородська губернія,,,,,,
rec_348_r_4,,Ревізькі казки,r,4-а ревізія,,,https://drive.google.com/file/d/1dqajpUgLlxvp656iwc1pIrzM2UXE1yFo/view?usp=drivesdk,,https://www.familysearch.org/ark:/61903/3:1:33S7-811B-RSD?i=922&wc=M6MV-ZTG%3A224254401%2C226324801%2C226325701&cc=1929530&lang=en&groupId=1929530,,30.06.1782,RU_BUDILOVO,Вишньоволоцький повіт / Тверське намісництво,,,,,,
rec_348_r_5,,Ревізькі казки,r,5-а ревізія,,,https://drive.google.com/file/d/1zeXp9EmdTT1u4pDe0v0pg3YiAr3Aa2qo/view?usp=drivesdk,,https://www.familysearch.org/ark:/61903/3:1:3QSQ-G9MM-MF57?i=913&wc=M6MV-N68%3A224254401%2C226324801%2C226421401&cc=1929530&lang=en&groupId=1929530,,06.1795,RU_BUDILOVO,Двірцева Осеченська Карельська волость / Вишньоволоцький повіт / Тверське намісництво,Двірцеве відомство,,,,,
rec_349_r_4,,Ревізькі казки,r,4-а ревізія,,,https://drive.google.com/file/d/1dqajpUgLlxvp656iwc1pIrzM2UXE1yFo/view?usp=drivesdk,,https://www.familysearch.org/ark:/61903/3:1:33S7-811B-RSD?i=922&wc=M6MV-ZTG%3A224254401%2C226324801%2C226325701&cc=1929530&lang=en&groupId=1929530,,30.06.1782,RU_BUDILOVO,Вишньоволоцький повіт / Тверське намісництво,,,,,,
rec_349_r_5,,Ревізькі казки,r,5-а ревізія,,,https://drive.google.com/file/d/1zeXp9EmdTT1u4pDe0v0pg3YiAr3Aa2qo/view?usp=drivesdk,,https://www.familysearch.org/ark:/61903/3:1:3QSQ-G9MM-MF57?i=913&wc=M6MV-N68%3A224254401%2C226324801%2C226421401&cc=1929530&lang=en&groupId=1929530,,06.1795,RU_BUDILOVO,Двірцева Осеченська Карельська волость / Вишньоволоцький повіт / Тверське намісництво,Двірцеве відомство,,,,,
rec_350_r_4,,Ревізькі казки,r,4-а ревізія,,,https://drive.google.com/file/d/1BY2EmPBVqXoSsqom2ONcRGNkIZHl-ETE/view?usp=drivesdk,,https://www.familysearch.org/ark:/61903/3:1:33S7-811B-TGM?i=718&wc=M6MV-ZTG%3A224254401%2C226324801%2C226325701&cc=1929530&lang=en&groupId=1929530,,30.06.1782,RU_POCHINOK,Вишньоволоцький повіт / Тверське намісництво,,,,,,
rec_350_r_5,,Ревізькі казки,r,5-а ревізія,,,https://drive.google.com/file/d/1oDi8ceqxVlospXe87LjU5Sota9S8vCtj/view?usp=drivesdk,,https://www.familysearch.org/ark:/61903/3:1:3QS7-89MM-MVCL?i=720&wc=M6MV-N68%3A224254401%2C226324801%2C226421401&cc=1929530&lang=en&groupId=1929530,,26.06.1795,RU_POCHINOK,Вишньоволоцький повіт / Тверське намісництво,,,,,,
rec_350_r_6,,Ревізькі казки,r,6-а ревізія,,,https://drive.google.com/file/d/1NsrE7wnyz-QS7lLe_qzOrCdjnkaU4_JN/view?usp=drivesdk,,https://www.familysearch.org/ark:/61903/3:1:3QSQ-G9MM-F3DG?i=438&wc=M6MV-LZS%3A224254401%2C226324801%2C226462101&cc=1929530&lang=en&groupId=1929530,,04.08.1811,RU_POCHINOK,Вишньоволоцький повіт / Тверська губернія,,,,,,
rec_350_r_7,,Ревізькі казки,r,7-а ревізія,,,https://drive.google.com/file/d/1MncOZAVqxbM5VKlU5oTEFZcAUZy4i6sg/view?usp=drivesdk,,https://www.familysearch.org/ark:/61903/3:1:3QSQ-G9MM-K73C?i=204&wc=M6MV-GTL%3A224254401%2C226324801%2C226509001&cc=1929530&lang=en&groupId=1929530,,08.03.1816,RU_POCHINOK,Вишньоволоцький повіт / Тверська губернія,,,,,,
rec_350_r_8,,Ревізькі казки,r,8-а ревізія,,,https://drive.google.com/file/d/1Uu2LtqZJesd642rJa6Xpq1Xi-THPxfrG/view?usp=drivesdk,,https://www.familysearch.org/ark:/61903/3:1:3QSQ-G9M3-4QGM?i=508&wc=M6MV-B68%3A224254401%2C226324801%2C226662401&cc=1929530&lang=en&groupId=1929530,,13.04.1834,RU_POCHINOK,Вишньоволоцький повіт / Тверська губернія,,,,,,
rec_351_r_4-1,,Ревізькі казки,r,4-а ревізія,,,https://drive.google.com/file/d/1Bqg7dbWtPeBxNCP_H9waQ20uP6HKexWU/view?usp=drivesdk,,,,05.1782,RU_KHVALOVO,Вишньоволоцький повіт / Тверське намісництво,,,,,,
rec_351_r_4-2,,Ревізькі казки,r,4-а ревізія,,,https://drive.google.com/file/d/1BY2EmPBVqXoSsqom2ONcRGNkIZHl-ETE/view?usp=drivesdk,,https://www.familysearch.org/ark:/61903/3:1:33S7-811B-TGM?i=718&wc=M6MV-ZTG%3A224254401%2C226324801%2C226325701&cc=1929530&lang=en&groupId=1929530,,30.06.1782,RU_POCHINOK,Вишньоволоцький повіт / Тверське намісництво,,,,,,
rec_351_r_5,,Ревізькі казки,r,5-а ревізія,,,https://drive.google.com/file/d/1oDi8ceqxVlospXe87LjU5Sota9S8vCtj/view?usp=drivesdk,,https://www.familysearch.org/ark:/61903/3:1:3QS7-89MM-MVCL?i=720&wc=M6MV-N68%3A224254401%2C226324801%2C226421401&cc=1929530&lang=en&groupId=1929530,,26.06.1795,RU_POCHINOK,Вишньоволоцький повіт / Тверське намісництво,,,,,,
rec_351_r_7,,Ревізькі казки,r,7-а ревізія,,,https://drive.google.com/file/d/1MncOZAVqxbM5VKlU5oTEFZcAUZy4i6sg/view?usp=drivesdk,,https://www.familysearch.org/ark:/61903/3:1:3QSQ-G9MM-K73C?i=204&wc=M6MV-GTL%3A224254401%2C226324801%2C226509001&cc=1929530&lang=en&groupId=1929530,,08.03.1816,RU_POCHINOK,Вишньоволоцький повіт / Тверська губернія,,,,,,
rec_360_r_1,,Ревізькі казки,r,1-а ревізія,,,https://drive.google.com/file/d/1MpGuwf0ojDTvDAbzGrsAeZb76WU1sb0K/view?usp=drivesdk,,,,1719,RU_ZYBUNOVO,Новгородський повіт / Новгородська провінція / Санкт-Петербурзька губернія,,,,,,
rec_360_r_2,,Ревізькі казки,r,2-а ревізія,,,https://drive.google.com/file/d/1snnRGa_S_motv8hvCH1vB1QHr7jb6VOG/view?usp=drivesdk,,,,02.07.1745,RU_ZYBUNOVO,Новгородський повіт / Новгородська провінція / Новгородська губернія,,,,,,
rec_360_r_4,,Ревізькі казки,r,4-а ревізія,,,https://drive.google.com/file/d/1blGc8UpSJZaQ0JEvYiWImMV2KIKwhqtN/view?usp=drivesdk,,https://www.familysearch.org/ark:/61903/3:1:33S7-L11B-TJB?i=933&wc=M6MV-ZTG%3A224254401%2C226324801%2C226325701&cc=1929530&lang=en&groupId=1929530,,30.06.1782,RU_ZYBUNOVO,Вишньоволоцький повіт / Тверське намісництво,,,,,,
rec_360_r_5,,Ревізькі казки,r,5-а ревізія,,,https://drive.google.com/file/d/1elznc5zxTA-1tVoEiwes5hdBzoEiIBTa/view?usp=drivesdk,,https://www.familysearch.org/ark:/61903/3:1:3QSQ-G9MM-MFRX?i=929&wc=M6MV-N68%3A224254401%2C226324801%2C226421401&cc=1929530&lang=en&groupId=1929530,,06.1795,RU_ZYBUNOVO,Двірцева Осеченська Карельська волость / Вишньоволоцький повіт / Тверське намісництво,Двірцеве відомство,,,,,
rec_362_r_2,,Ревізькі казки,r,2-а ревізія,,,https://drive.google.com/file/d/1wBTX8IJF43GP07rkef18CsoThLPaZk73/view?usp=drivesdk,,,,02.07.1745,RU_OLEKHNOVO,Новгородський повіт / Новгородська провінція / Новгородська губернія,,,,,,
rec_362_r_4,,Ревізькі казки,r,4-а ревізія,,,https://drive.google.com/file/d/1No17o7OTHAv9HTZbfXYWrubsN_rk4Y0x/view?usp=drivesdk,,https://www.familysearch.org/ark:/61903/3:1:33SQ-G11B-T6T?i=955&wc=M6MV-ZTG%3A224254401%2C226324801%2C226325701&cc=1929530&lang=en&groupId=1929530,,30.06.1782,RU_OLEKHNOVO,Вишньоволоцький повіт / Тверське намісництво,,,,,,
rec_363_r_4-1,,Ревізькі казки,r,4-а ревізія,,,https://drive.google.com/file/d/1Y2AGF9xoFcuDECsILrWhnn7RRo33lVFq/view?usp=drivesdk,,https://www.familysearch.org/ark:/61903/3:1:33SQ-G11B-TGN?i=911&wc=M6MV-ZTG%3A224254401%2C226324801%2C226325701&cc=1929530&lang=en&groupId=1929530,,30.06.1782,RU_PETROVO,Вишньоволоцький повіт / Тверське намісництво,,,,,,
rec_363_r_4-2,,Ревізькі казки,r,4-а ревізія,,,https://drive.google.com/file/d/1No17o7OTHAv9HTZbfXYWrubsN_rk4Y0x/view?usp=drivesdk,,https://www.familysearch.org/ark:/61903/3:1:33SQ-G11B-T6T?i=955&wc=M6MV-ZTG%3A224254401%2C226324801%2C226325701&cc=1929530&lang=en&groupId=1929530,,30.06.1782,RU_OLEKHNOVO,Вишньоволоцький повіт / Тверське намісництво,,,,,,
rec_364_r_4,,Ревізькі казки,r,4-а ревізія,,,https://drive.google.com/file/d/1WxhkUhet_ZjmxwzxRGP2RQgtNIB3Y4pX/view?usp=drivesdk,,https://www.familysearch.org/ark:/61903/3:1:33S7-L11B-T4B?i=975&wc=M6MV-ZTG%3A224254401%2C226324801%2C226325701&cc=1929530&lang=en&groupId=1929530,,30.06.1782,RU_KOSKOVO,Вишньоволоцький повіт / Тверське намісництво,,,,,,
rec_365_r_4,,Ревізькі казки,r,4-а ревізія,,,https://drive.google.com/file/d/1WxhkUhet_ZjmxwzxRGP2RQgtNIB3Y4pX/view?usp=drivesdk,,https://www.familysearch.org/ark:/61903/3:1:33S7-L11B-T4B?i=975&wc=M6MV-ZTG%3A224254401%2C226324801%2C226325701&cc=1929530&lang=en&groupId=1929530,,30.06.1782,RU_KOSKOVO,Вишньоволоцький повіт / Тверське намісництво,,,,,,
rec_365_r_5,,Ревізькі казки,r,5-а ревізія,,,https://drive.google.com/file/d/16uGC813It7XDfGaXFZtfBzIE6QCZJV2Z/view?usp=drivesdk,,https://www.familysearch.org/ark:/61903/3:1:3QS7-89MM-MJXQ?i=972&wc=M6MV-N68%3A224254401%2C226324801%2C226421401&cc=1929530&lang=en&groupId=1929530,,26.06.1795,RU_KOSKOVO,Вишньоволоцький повіт / Тверське намісництво,,,,,,
rec_366_r_2,,Ревізькі казки,r,2-а ревізія,,,https://drive.google.com/file/d/1ZuYuY5pVUJrcVb-AOtRK_vcwhFWVC1D-/view?usp=drivesdk,,,,02.07.1745,RU_KARABIKHA,Новгородський повіт / Новгородська провінція / Новгородська губернія,,,,,,
rec_366_r_4,,Ревізькі казки,r,4-а ревізія,,,https://drive.google.com/file/d/1Ntg1vqX6UxkyEGq5MMVf0bKKE6CndFPN/view?usp=drivesdk,,https://www.familysearch.org/ark:/61903/3:1:33S7-L11B-TDP?i=968&wc=M6MV-ZTG%3A224254401%2C226324801%2C226325701&cc=1929530&lang=en&groupId=1929530,,30.06.1782,RU_KOSKOVO,Вишньоволоцький повіт / Тверське намісництво,,,,,,
rec_366_r_5,,Ревізькі казки,r,5-а ревізія,,,https://drive.google.com/file/d/1s89UKOFP1MiD5Y_0ZkeLhXjuKgXhNadL/view?usp=drivesdk,,https://www.familysearch.org/ark:/61903/3:1:3QSQ-G9MM-MFF2?i=973&wc=M6MV-N68%3A224254401%2C226324801%2C226421401&cc=1929530&lang=en&groupId=1929530,,26.06.1795,RU_KOSKOVO,Вишньоволоцький повіт / Тверське намісництво,,,,,,
rec_366_r_6,,Ревізькі казки,r,6-а ревізія,,,https://drive.google.com/file/d/1J7ClJuPSJnPyftSkrMBUqqdD95_IRYaE/view?usp=drivesdk,,https://www.familysearch.org/ark:/61903/3:1:3QS7-L9MM-FS4L?i=505&wc=M6MV-LZS%3A224254401%2C226324801%2C226462101&cc=1929530&lang=en&groupId=1929530,,04.08.1811,RU_KOSKOVO,Вишньоволоцький повіт / Тверська губернія,,,,,,
rec_367_r_4,,Ревізькі казки,r,4-а ревізія,,,https://drive.google.com/file/d/1Ntg1vqX6UxkyEGq5MMVf0bKKE6CndFPN/view?usp=drivesdk,,https://www.familysearch.org/ark:/61903/3:1:33S7-L11B-TDP?i=968&wc=M6MV-ZTG%3A224254401%2C226324801%2C226325701&cc=1929530&lang=en&groupId=1929530,,30.06.1782,RU_KOSKOVO,Вишньоволоцький повіт / Тверське намісництво,,,,,,
rec_367_r_5,,Ревізькі казки,r,5-а ревізія,,,https://drive.google.com/file/d/1s89UKOFP1MiD5Y_0ZkeLhXjuKgXhNadL/view?usp=drivesdk,,https://www.familysearch.org/ark:/61903/3:1:3QSQ-G9MM-MFF2?i=973&wc=M6MV-N68%3A224254401%2C226324801%2C226421401&cc=1929530&lang=en&groupId=1929530,,26.06.1795,RU_KOSKOVO,Вишньоволоцький повіт / Тверське намісництво,,,,,,
rec_368_r_2,,Ревізькі казки,r,2-а ревізія,,,https://drive.google.com/file/d/1Jx6IEoHwu_cX1GV97jHMVXKsR2OO1BZu/view?usp=drivesdk,,,,02.07.1745,RU_KOZLOVO_D,Новгородський повіт / Новгородська провінція / Новгородська губернія,,,,,,
rec_368_r_4,,Ревізькі казки,r,4-а ревізія,,,https://drive.google.com/file/d/1aBL0Jxpw3HeNQYlSLNEkyxIiLwwWnktc/view?usp=drivesdk,,https://www.familysearch.org/ark:/61903/3:1:33S7-811B-RS3?i=928&wc=M6MV-ZTG%3A224254401%2C226324801%2C226325701&cc=1929530&lang=en&groupId=1929530,,30.06.1782,RU_KOZLOVO_D,Вишньоволоцький повіт / Тверське намісництво,,,,,,
rec_368_r_5,,Ревізькі казки,r,5-а ревізія,,,https://drive.google.com/file/d/1j--aJUH1ZdzL_jrn2nM3d15Np9K9ByIV/view?usp=drivesdk,,https://www.familysearch.org/ark:/61903/3:1:3QS7-L9MM-MNRG?i=921&wc=M6MV-N68%3A224254401%2C226324801%2C226421401&cc=1929530&lang=en&groupId=1929530,,26.06.1795,RU_KOZLOVO_D,Двірцева Осеченська Карельська волость / Вишньоволоцький повіт / Тверське намісництво,Двірцеве відомство,,,,,
rec_369_r_4,,Ревізькі казки,r,4-а ревізія,,,https://drive.google.com/file/d/1aBL0Jxpw3HeNQYlSLNEkyxIiLwwWnktc/view?usp=drivesdk,,https://www.familysearch.org/ark:/61903/3:1:33S7-811B-RS3?i=928&wc=M6MV-ZTG%3A224254401%2C226324801%2C226325701&cc=1929530&lang=en&groupId=1929530,,30.06.1782,RU_KOZLOVO_D,Вишньоволоцький повіт / Тверське намісництво,,,,,,
rec_369_r_5,,Ревізькі казки,r,5-а ревізія,,,https://drive.google.com/file/d/1j--aJUH1ZdzL_jrn2nM3d15Np9K9ByIV/view?usp=drivesdk,,https://www.familysearch.org/ark:/61903/3:1:3QS7-L9MM-MNRG?i=921&wc=M6MV-N68%3A224254401%2C226324801%2C226421401&cc=1929530&lang=en&groupId=1929530,,26.06.1795,RU_KOZLOVO_D,Двірцева Осеченська Карельська волость / Вишньоволоцький повіт / Тверське намісництво,Двірцеве відомство,,,,,
rec_370_r_4,,Ревізькі казки,r,4-а ревізія,,,https://drive.google.com/file/d/1RkrO1PoR_TM8bUX497ktNEteBLcinLpZ/view?usp=drivesdk,,https://www.familysearch.org/ark:/61903/3:1:33S7-811B-RH5?i=937&wc=M6MV-ZTG%3A224254401%2C226324801%2C226325701&cc=1929530&lang=en&groupId=1929530,,30.06.1782,RU_PENKOVO,Вишньоволоцький повіт / Тверське намісництво,,,,,,
rec_370_r_5,,Ревізькі казки,r,5-а ревізія,,,https://drive.google.com/file/d/1Jf-P4nyV4JltB0rfn3NcyMHGlMhih-js/view?usp=drivesdk,,https://www.familysearch.org/ark:/61903/3:1:3QS7-89MM-MJF4?i=934&wc=M6MV-N68%3A224254401%2C226324801%2C226421401&cc=1929530&lang=en&groupId=1929530,,26.06.1795,RU_PENKOVO,Вишньоволоцький повіт / Тверське намісництво,,,,,,
rec_370_r_6,,Ревізькі казки,r,6-а ревізія,,,https://drive.google.com/file/d/1j81OnjCUdQMniuihGKkXyYn5_cEsH_X7/view?usp=drivesdk,,https://www.familysearch.org/ark:/61903/3:1:3QS7-89MM-FST8?i=496&wc=M6MV-LZS%3A224254401%2C226324801%2C226462101&cc=1929530&lang=en&groupId=1929530,,04.08.1811,RU_PENKOVO,Вишньоволоцький повіт / Тверська губернія,,,,,,
rec_370_r_7,,Ревізькі казки,r,7-а ревізія,,,https://drive.google.com/file/d/1bSf5db1WwOO51YBXI2YyxyP7puMjfFHX/view?usp=drivesdk,,https://www.familysearch.org/ark:/61903/3:1:3QS7-L9MM-L62B?i=1177&wc=M6MV-LZ9%3A224254401%2C226324801%2C226539201&cc=1929530&lang=en&groupId=1929530,,08.03.1816,RU_PENKOVO,Вишньоволоцький повіт / Тверська губернія,,,,,,
rec_371_r_4-1,,Ревізькі казки,r,4-а ревізія,,,https://drive.google.com/file/d/1ei4xBZgQuZku4OVqfrsOYaqQX4vx90AU/view?usp=drivesdk,,https://www.familysearch.org/ark:/61903/3:1:33S7-L11B-BST?i=788&wc=M6MV-ZTG%3A224254401%2C226324801%2C226325701&cc=1929530&lang=en&groupId=1929530,,30.06.1782,RU_BELAVINO,Вишньоволоцький повіт / Тверське намісництво,,,,,,
rec_371_r_4-2,,Ревізькі казки,r,4-а ревізія,,,https://drive.google.com/file/d/1RkrO1PoR_TM8bUX497ktNEteBLcinLpZ/view?usp=drivesdk,,https://www.familysearch.org/ark:/61903/3:1:33S7-811B-RH5?i=937&wc=M6MV-ZTG%3A224254401%2C226324801%2C226325701&cc=1929530&lang=en&groupId=1929530,,30.06.1782,RU_PENKOVO,Вишньоволоцький повіт / Тверське намісництво,,,,,,
rec_371_r_5,,Ревізькі казки,r,5-а ревізія,,,https://drive.google.com/file/d/1Jf-P4nyV4JltB0rfn3NcyMHGlMhih-js/view?usp=drivesdk,,https://www.familysearch.org/ark:/61903/3:1:3QS7-89MM-MJF4?i=934&wc=M6MV-N68%3A224254401%2C226324801%2C226421401&cc=1929530&lang=en&groupId=1929530,,26.06.1795,RU_PENKOVO,Вишньоволоцький повіт / Тверське намісництво,,,,,,
rec_372_r_2,,Ревізькі казки,r,2-а ревізія,,,https://drive.google.com/file/d/1trEDrCT0Qgq639ItsJb4frGwpmU6fhr1/view?usp=drivesdk,,,,02.07.1745,RU_SKOBLEVO,Новгородський повіт / Новгородська провінція / Новгородська губернія,,,,,,
rec_372_r_4,,Ревізькі казки,r,4-а ревізія,,,https://drive.google.com/file/d/1Jt_oXXM4JfhD2Tp5USwv1B_kudthz2mj/view?usp=drivesdk,,https://www.familysearch.org/ark:/61903/3:1:33S7-811B-RDS?i=934&wc=M6MV-ZTG%3A224254401%2C226324801%2C226325701&cc=1929530&lang=en&groupId=1929530,,30.06.1782,RU_ZYBUNOVO,Вишньоволоцький повіт / Тверське намісництво,,,,,,
rec_372_r_5,,Ревізькі казки,r,5-а ревізія,,,https://drive.google.com/file/d/1oH4e35ZBap3NIbHwx9VBjnyW50PHOe1J/view?usp=drive_link,,https://www.familysearch.org/ark:/61903/3:1:3QS7-89MM-MJXJ?i=930&wc=M6MV-N68%3A224254401%2C226324801%2C226421401&cc=1929530&lang=en&groupId=1929530,,06.1795,RU_ZYBUNOVO,Двірцева Осеченська Карельська волость / Вишньоволоцький повіт / Тверське намісництво,Двірцеве відомство,,,,,
rec_373_r_4,,Ревізькі казки,r,4-а ревізія,,,https://drive.google.com/file/d/1Jt_oXXM4JfhD2Tp5USwv1B_kudthz2mj/view?usp=drivesdk,,https://www.familysearch.org/ark:/61903/3:1:33S7-811B-RDS?i=934&wc=M6MV-ZTG%3A224254401%2C226324801%2C226325701&cc=1929530&lang=en&groupId=1929530,,30.06.1782,RU_ZYBUNOVO,Вишньоволоцький повіт / Тверське намісництво,,,,,,
rec_373_r_5,,Ревізькі казки,r,5-а ревізія,,,https://drive.google.com/file/d/1oH4e35ZBap3NIbHwx9VBjnyW50PHOe1J/view?usp=drive_link,,https://www.familysearch.org/ark:/61903/3:1:3QS7-89MM-MJXJ?i=930&wc=M6MV-N68%3A224254401%2C226324801%2C226421401&cc=1929530&lang=en&groupId=1929530,,06.1795,RU_ZYBUNOVO,Двірцева Осеченська Карельська волость / Вишньоволоцький повіт / Тверське намісництво,Двірцеве відомство,,,,,
rec_373_r_7,,Ревізькі казки,r,7-а ревізія,,,https://drive.google.com/file/d/1h20K6EANWndVsERkQFxEUWSjxY97ES5-/view?usp=drivesdk,,https://www.familysearch.org/ark:/61903/3:1:3QS7-89MM-LF7S?i=1139&wc=M6MV-LZ9%3A224254401%2C226324801%2C226539201&cc=1929530&lang=en&groupId=1929530,,08.03.1816,RU_ZYBUNOVO,Осеченська Карельська вотчина / Осеченський сільський приказ / Вишньоволоцький повіт / Тверська губернія,Удільне відомство,,,,,
rec_374_r_1,,Ревізькі казки,r,1-а ревізія,,,https://drive.google.com/file/d/1XTfbBmoe89L7hPylRcIe3uSv_K8mH1hD/view?usp=drivesdk,,,,1719,RU_GORBOVO,Новгородський повіт / Новгородська провінція / Санкт-Петербурзька губернія,,,,,,
rec_374_r_2,,Ревізькі казки,r,2-а ревізія,,,https://drive.google.com/file/d/1UxVyswsmWvQg_rwva2I-er8lPVnwM4xx/view?usp=drivesdk,,,,02.07.1745,RU_GORBOVO,Новгородський повіт / Новгородська провінція / Новгородська губернія,,,,,,
rec_374_r_4,,Ревізькі казки,r,4-а ревізія,,,https://drive.google.com/file/d/1YZyeY9SVvbcMgZQPx1QUvmIbly2wBCiJ/view?usp=drivesdk,,https://www.familysearch.org/ark:/61903/3:1:33SQ-G11B-B6B?i=666&wc=M6MV-ZTG%3A224254401%2C226324801%2C226325701&cc=1929530&lang=en&groupId=1929530,,26.06.1795,RU_GORBOVO,Вишньоволоцький повіт / Тверське намісництво,,,,,,
rec_375_r_4,,Ревізькі казки,r,4-а ревізія,,,https://drive.google.com/file/d/1YZyeY9SVvbcMgZQPx1QUvmIbly2wBCiJ/view?usp=drivesdk,,https://www.familysearch.org/ark:/61903/3:1:33SQ-G11B-B6B?i=666&wc=M6MV-ZTG%3A224254401%2C226324801%2C226325701&cc=1929530&lang=en&groupId=1929530,,26.06.1795,RU_GORBOVO,Вишньоволоцький повіт / Тверське намісництво,,,,,,
rec_376_r_2,,Ревізькі казки,r,2-а ревізія,,,https://drive.google.com/file/d/1fxoyzfqmoUiqWvpMvwwdT2dEoODDKb3L/view?usp=drivesdk,,,,03.07.1745,RU_RUSSKAYA_GORA,Новгородський повіт / Новгородська провінція / Новгородська губернія,,,,,,
rec_376_r_4,,Ревізькі казки,r,4-а ревізія,,,https://drive.google.com/file/d/1mPMq2xQBY7U6463ch1Vg3ZTrCKTelaLk/view?usp=drivesdk,,https://www.familysearch.org/ark:/61903/3:1:33S7-L11B-TTJ?i=988&wc=M6MV-ZTG%3A224254401%2C226324801%2C226325701&cc=1929530&lang=en&groupId=1929530,,30.06.1782,RU_RUSSKAYA_GORA,Вишньоволоцький повіт / Тверське намісництво,,,,,,
rec_376_r_5,,Ревізькі казки,r,5-а ревізія,,,https://drive.google.com/file/d/1nECQVwB0wuD-04kGt0nZtmQ-RatLbQef/view?usp=drivesdk,,https://www.familysearch.org/ark:/61903/3:1:3QS7-L9MM-MV2W?i=544&wc=M6MV-N68%3A224254401%2C226324801%2C226421401&cc=1929530&lang=en&groupId=1929530,,06.1795,RU_RUSSKAYA_GORA,Двірцева Осеченська Старожильська волость / Вишньоволоцький повіт / Тверське намісництво,Двірцеве відомство,,,,,
rec_376_r_6,,Ревізькі казки,r,6-а ревізія,,,https://drive.google.com/file/d/1YcJTMKk1u43KXhSSVMvIHFB4ilPpY2CF/view?usp=drivesdk,,https://www.familysearch.org/ark:/61903/3:1:3QS7-89MM-FS2Y?i=514&wc=M6MV-LZS%3A224254401%2C226324801%2C226462101&cc=1929530&lang=en&groupId=1929530,,07.1811,RU_RUSSKAYA_GORA,Осеченська Старожильська вотчина / Осеченський сільський приказ / Вишньоволоцький повіт / Тверська губернія,Удільне відомство,,,,,
rec_377_r_4,,Ревізькі казки,r,4-а ревізія,,,https://drive.google.com/file/d/1mPMq2xQBY7U6463ch1Vg3ZTrCKTelaLk/view?usp=drivesdk,,https://www.familysearch.org/ark:/61903/3:1:33S7-L11B-TTJ?i=988&wc=M6MV-ZTG%3A224254401%2C226324801%2C226325701&cc=1929530&lang=en&groupId=1929530,,30.06.1782,RU_RUSSKAYA_GORA,Вишньоволоцький повіт / Тверське намісництво,,,,,,
rec_377_r_5,,Ревізькі казки,r,5-а ревізія,,,https://drive.google.com/file/d/1nECQVwB0wuD-04kGt0nZtmQ-RatLbQef/view?usp=drivesdk,,https://www.familysearch.org/ark:/61903/3:1:3QS7-L9MM-MV2W?i=544&wc=M6MV-N68%3A224254401%2C226324801%2C226421401&cc=1929530&lang=en&groupId=1929530,,06.1795,RU_RUSSKAYA_GORA,Двірцева Осеченська Старожильська волость / Вишньоволоцький повіт / Тверське намісництво,Двірцеве відомство,,,,,
rec_380_r_2,,Ревізькі казки,r,2-а ревізія,,,https://drive.google.com/file/d/1bSGJlC2mAFE0YWWkZf0pWYI-AJqxJGsP/view?usp=drivesdk,,,,03.07.1745,RU_RUSSKAYA_GORA,Новгородський повіт / Новгородська провінція / Новгородська губернія,,,,,,
rec_380_r_4,,Ревізькі казки,r,4-а ревізія,,,https://drive.google.com/file/d/1hJa2G_HZwCxN1U-52mKALziCyKIVdfnY/view?usp=drivesdk,,https://www.familysearch.org/ark:/61903/3:1:33S7-811B-55R?i=983&wc=M6MV-ZTG%3A224254401%2C226324801%2C226325701&cc=1929530&lang=en&groupId=1929530,,30.06.1782,RU_RUSSKAYA_GORA,Вишньоволоцький повіт / Тверське намісництво,,,,,,
rec_380_r_5,,Ревізькі казки,r,5-а ревізія,,,https://drive.google.com/file/d/1hATcFkzgwcaXMV1YbAf0kdu4wkVWTTDT/view?usp=drivesdk,,https://www.familysearch.org/ark:/61903/3:1:3QS7-L9MM-MKMX?i=539&wc=M6MV-N68%3A224254401%2C226324801%2C226421401&cc=1929530&lang=en&groupId=1929530,,06.1795,RU_RUSSKAYA_GORA,Двірцева Осеченська Старожильська волость / Вишньоволоцький повіт / Тверське намісництво,Двірцеве відомство,,,,,
rec_380_r_6,,Ревізькі казки,r,6-а ревізія,,,,,https://www.familysearch.org/ark:/61903/3:1:3QSQ-G9MM-FSLW?i=513&wc=M6MV-LZS%3A224254401%2C226324801%2C226462101&cc=1929530&lang=uk&groupId=1929530,,07.1811,RU_RUSSKAYA_GORA,Осеченська Старожильська вотчина / Осеченський сільський приказ / Вишньоволоцький повіт / Тверська губернія,Удільне відомство,,,,,
rec_381_r_4,,Ревізькі казки,r,4-а ревізія,,,https://drive.google.com/file/d/1hJa2G_HZwCxN1U-52mKALziCyKIVdfnY/view?usp=drivesdk,,https://www.familysearch.org/ark:/61903/3:1:33S7-811B-55R?i=983&wc=M6MV-ZTG%3A224254401%2C226324801%2C226325701&cc=1929530&lang=en&groupId=1929530,,30.06.1782,RU_RUSSKAYA_GORA,Вишньоволоцький повіт / Тверське намісництво,,,,,,
rec_381_r_5,,Ревізькі казки,r,5-а ревізія,,,https://drive.google.com/file/d/1hATcFkzgwcaXMV1YbAf0kdu4wkVWTTDT/view?usp=drivesdk,,https://www.familysearch.org/ark:/61903/3:1:3QS7-L9MM-MKMX?i=539&wc=M6MV-N68%3A224254401%2C226324801%2C226421401&cc=1929530&lang=en&groupId=1929530,,06.1795,RU_RUSSKAYA_GORA,Двірцева Осеченська Старожильська волость / Вишньоволоцький повіт / Тверське намісництво,Двірцеве відомство,,,,,
rec_382_r_2,,Ревізькі казки,r,2-а ревізія,,,https://drive.google.com/file/d/14-2GeolL902UtjICgwVUXUUZ6ItqaRRC/view?usp=drivesdk,,,,26.06.1746,RU_PODMONASTYRSKAYA_SLOBODKA,Новгородський повіт / Новгородська провінція / Новгородська губернія,,,,,,
rec_382_r_4,,Ревізькі казки,r,4-а ревізія,,,https://drive.google.com/file/d/1xhYJjfwK_XyZzIsYYn5Ku7tMVbHtkYLD/view?usp=drivesdk,,https://www.familysearch.org/ark:/61903/3:1:33SQ-G11B-RMH?i=423&cc=1929530&cat=1985631&lang=en&groupId=1929530,,05.06.1782,RU_PODMONASTYRSKAYA_SLOBODKA,Вишньоволоцький повіт / Тверське намісництво,,,,,,
rec_382_r_5,,Ревізькі казки,r,5-а ревізія,,,https://drive.google.com/file/d/1AUCXxekZxvagcZsO-aNLoxM6YtvlvaBg/view?usp=drivesdk,,https://www.familysearch.org/ark:/61903/3:1:3QS7-L9MM-MD89?i=3&wc=M6MV-N38%3A224254401%2C226324801%2C226412901&cc=1929530&lang=en&groupId=1929530,,16.06.1795,RU_PODMONASTYRSKAYA_SLOBODKA,Вишньоволоцький повіт / Тверське намісництво,,,,,,
rec_383_r_4,,Ревізькі казки,r,4-а ревізія,,,https://drive.google.com/file/d/1xhYJjfwK_XyZzIsYYn5Ku7tMVbHtkYLD/view?usp=drivesdk,,https://www.familysearch.org/ark:/61903/3:1:33SQ-G11B-RMH?i=423&cc=1929530&cat=1985631&lang=en&groupId=1929530,,05.06.1782,RU_PODMONASTYRSKAYA_SLOBODKA,Вишньоволоцький повіт / Тверське намісництво,,,,,,
rec_383_r_5,,Ревізькі казки,r,5-а ревізія,,,https://drive.google.com/file/d/1AUCXxekZxvagcZsO-aNLoxM6YtvlvaBg/view?usp=drivesdk,,https://www.familysearch.org/ark:/61903/3:1:3QS7-L9MM-MD89?i=3&wc=M6MV-N38%3A224254401%2C226324801%2C226412901&cc=1929530&lang=en&groupId=1929530,,16.06.1795,RU_PODMONASTYRSKAYA_SLOBODKA,Вишньоволоцький повіт / Тверське намісництво,,,,,,
rec_512_r_1,,Ревізькі казки,r,1-а ревізія,,,https://drive.google.com/file/d/1homihhKvMnEg6_lGgZm3cvwsWzMgvKJF/view?usp=drivesdk,,,,1724,RU_KREV,Новгородський повіт / Новгородська провінція / Санкт-Петербурзька губернія,,,,,,
rec_514_r_1,,Ревізькі казки,r,1-а ревізія,,,https://drive.google.com/file/d/1Q8HTZX0Ugrf5n1SiDSR5zN4_aVnJkaqJ/view?usp=drivesdk,,,,1720,RU_RAMENYE,Новгородський повіт / Новгородська провінція / Санкт-Петербурзька губернія,,,,,,
rec_514_r_2,,Ревізькі казки,r,2-а ревізія,,,https://drive.google.com/file/d/1uAZwXyrDnCKLWz-ukxiqr_X3n-ZBcI5k/view?usp=drivesdk,,,,03.08.1745,RU_RAMENYE,Новгородський повіт / Новгородська провінція / Новгородська губернія,,,,,,
rec_516_r_1,,Ревізькі казки,r,1-а ревізія,,,https://drive.google.com/file/d/1gfqcB1dlolDqgCrinD6XNmwoPf1ymxai/view?usp=drivesdk,,,,1720,RU_RAMENYE,Новгородський повіт / Новгородська провінція / Санкт-Петербурзька губернія,,,,,,
rec_518_r_1,,Ревізькі казки,r,1-а ревізія,,,https://drive.google.com/file/d/1UVsepChQp8pPgKp76Y6ZMMaLmxaInb-w/view?usp=drivesdk,,,,1719,RU_KURGANY,Новгородський повіт / Новгородська провінція / Санкт-Петербурзька губернія,,,,,,
rec_520_r_1,,Ревізькі казки,r,1-а ревізія,,,https://drive.google.com/file/d/1hR51fvx1G9OVqJ46qSqhoogIijuAonUe/view?usp=drivesdk,,,,1719,RU_DVORISHCHE,Новгородський повіт / Новгородська провінція / Санкт-Петербурзька губернія,,,,,,
rec_522_r_1,,Ревізькі казки,r,1-а ревізія,,,https://drive.google.com/file/d/1xxWyHbtfgwN94okK5ffv6A-owaKRcLZB/view?usp=drivesdk,,,,1719,RU_TOLMACHI,Новгородський повіт / Новгородська провінція / Санкт-Петербурзька губернія,,,,,,
rec_522_r_2,,Ревізькі казки,r,2-а ревізія,,,https://drive.google.com/file/d/1KNvFgDisdFha__wwRMe4xn02ZOijqxXw/view?usp=drivesdk,,,,30.07.1745,RU_VOSKRESENSKOE,Новгородський повіт / Новгородська провінція / Новгородська губернія,,,,,,
rec_522_r_3,,Ревізькі казки,r,3-а ревізія,,,https://drive.google.com/file/d/1kTQY-Dt5V4AyTX-xOidJJQlYpy6yPrUV/view?usp=drivesdk,,,,07.1762,RU_VOSKRESENSKOE,Новгородський повіт / Новгородська провінція / Новгородська губернія,,,,,,
rec_526_r_2,,Ревізькі казки,r,2-а ревізія,,,https://drive.google.com/file/d/10yF3vZ9ZGqUd_RVrpvWDeFSXaTukJg6p/view?usp=drivesdk,,,,14.03.1745,RU_MIKHAYLOVA_GORA,Новоторзький повіт / Тверська провінція / Новгородська губернія,,,,,,
rec_526_r_3,,Ревізькі казки,r,3-а ревізія,,,https://drive.google.com/file/d/1FgtN3QtfuBMoTZj85UIAd23paMXT4Rnz/view?usp=drivesdk,,,,1763,RU_MIKHAYLOVA_GORA,Михайлогорська волость / Новоторзький повіт / Тверська провінція / Новгородська губернія,,,,,,
rec_527_r_3,,Ревізькі казки,r,3-а ревізія,,,https://drive.google.com/file/d/1FgtN3QtfuBMoTZj85UIAd23paMXT4Rnz/view?usp=drivesdk,,,,1763,RU_MIKHAYLOVA_GORA,Михайлогорська волость / Новоторзький повіт / Тверська провінція / Новгородська губернія,,,,,,
rec_527_r_4,,Ревізькі казки,r,4-а ревізія,,,https://drive.google.com/file/d/1AEMQs8G4ekdtFbryoVKJ8tLbu1JHrU-3/view?usp=drivesdk,,https://www.familysearch.org/ark:/61903/3:1:33S7-L11B-QMH?i=943&wc=M699-P29%3A224254401%2C234970501%2C234970502&cc=1929530&lang=en&groupId=1929530,,06.1782,RU_MIKHAYLOVA_GORA,Михайлогорська волость / Новоторзький повіт / Тверське намісництво,,,,,,
rec_528_r_2,,Ревізькі казки,r,2-а ревізія,,,https://drive.google.com/file/d/1MxFRm6mWmL07O0DJYwriSQ0c4AoBSEBd/view?usp=drivesdk,,,,03.08.1745,RU_DVORISHCHE,Двірцева Трестенська волость / Новгородський повіт / Новгородська провінція / Новгородська губернія,Двірцеве відомство,,,,,
rec_532_r_1,,Ревізькі казки,r,1-а ревізія,,,https://drive.google.com/file/d/1_9LKJMQ4Ar_6f0f5SkFQx7Z8xCMynBvW/view?usp=drivesdk,,,,1719,RU_VOROBYEVO,Новгородський повіт / Новгородська провінція / Санкт-Петербурзька губернія,,,,,,
rec_534_r_1,,Ревізькі казки,r,1-а ревізія,,,https://drive.google.com/file/d/1UVsepChQp8pPgKp76Y6ZMMaLmxaInb-w/view?usp=drivesdk,,,,1719,RU_KURGANY,Новгородський повіт / Новгородська провінція / Санкт-Петербурзька губернія,,,,,,
rec_534_r_2,,Ревізькі казки,r,2-а ревізія,,,https://drive.google.com/file/d/1uBo4cplZvts4TGHp0qZmrR3JeRfSArwG/view?usp=drivesdk,,,,03.08.1745,RU_KURGANY,Новгородський повіт / Новгородська провінція / Новгородська губернія,,,,,,
rec_540_r_1,,Ревізькі казки,r,1-а ревізія,,,https://drive.google.com/file/d/1xpPgLkiv_dQud0skfVsgKmVUlXCMMk3G/view?usp=drivesdk,,,,1719,RU_NIKULINO,Новгородський повіт / Новгородська провінція / Санкт-Петербурзька губернія,,,,,,
rec_548_r_1,,Ревізькі казки,r,1-а ревізія,,,https://drive.google.com/file/d/1_TAbSarahvy8cJKIsYZaPmMB8sWOUpIN/view?usp=drivesdk,,,,1719,RU_TRESTNA,Новгородський повіт / Новгородська провінція / Санкт-Петербурзька губернія,,,,,,
rec_550_r_1,,Ревізькі казки,r,1-а ревізія,,,https://drive.google.com/file/d/1hR51fvx1G9OVqJ46qSqhoogIijuAonUe/view?usp=drivesdk,,,,1719,RU_DVORISHCHE,Новгородський повіт / Новгородська провінція / Санкт-Петербурзька губернія,,,,,,
rec_558_r_1,,Ревізькі казки,r,1-а ревізія,,,https://drive.google.com/file/d/1CMr2m9GBUARZYWiKX2wHPeLUzl6QY1Dj/view?usp=drivesdk,,,,1719,RU_PAVLOVO,Новгородський повіт / Новгородська провінція / Санкт-Петербурзька губернія,,,,,,
rec_562_r_1,,Ревізькі казки,r,1-а ревізія,,,https://drive.google.com/file/d/1Y1BMEkACa5tD5pM13-MtlZvbmLH-5aQF/view?usp=drivesdk,,,,1719,RU_BOLSHOE_PLOSKOE,Новгородський повіт / Новгородська провінція / Санкт-Петербурзька губернія,,,,,,
rec_564_r_2,,Ревізькі казки,r,2-а ревізія,,,https://drive.google.com/file/d/1XsHzVHnyY8nfhBpT2gcSXeiIOinxXXSX/view?usp=drivesdk,,,,03.08.1745,RU_STROKINA_GORKA,Новгородський повіт / Новгородська провінція / Новгородська губернія,,,,,,
rec_566_r_1,,Ревізькі казки,r,1-а ревізія,,,https://drive.google.com/file/d/176GnxYW-16NxHHhx0fx3wAVdZnSex4ym/view?usp=drivesdk,,,,1719,RU_BAKHAREVO,Новгородський повіт / Новгородська провінція / Санкт-Петербурзька губернія,,,,,,
rec_566_r_2,,Ревізькі казки,r,2-а ревізія,,,https://drive.google.com/file/d/1Y4iBsoQW3G8Cx8rlfn_bXpd66yX-ofaU/view?usp=drivesdk,,,,09.08.1745,RU_FILIZI,Новгородський повіт / Новгородська провінція / Новгородська губернія,,,,,,
rec_572_r_1,,Ревізькі казки,r,1-а ревізія,,,https://drive.google.com/file/d/1ZqDRx5gpX1e0uc5KsDH4UVOMXVVo-iR4/view?usp=drivesdk,,,,1719,RU_GORKA_T,Новгородський повіт / Новгородська провінція / Санкт-Петербурзька губернія,,,,,,
rec_574_r_2,,Ревізькі казки,r,2-а ревізія,,,https://drive.google.com/file/d/1yA3CtNGONHOq8Q5yeADxgPXqUygNy3IY/view?usp=drivesdk,,,,30.07.1745,RU_ZMEEVO,Новгородський повіт / Новгородська провінція / Новгородська губернія,,,,,,
rec_574_r_3,,Ревізькі казки,r,3-а ревізія,,,https://drive.google.com/file/d/1w3LKNWxjnhgg3bubwHb6ZA3U6mjDxPq2/view?usp=drivesdk,,,,07.1762,RU_ZMEEVO,Двірцевий Толмачевський погост / Новгородський повіт / Новгородська провінція / Новгородська губернія,Двірцеве відомство,,,,,
rec_580_r_1,,Ревізькі казки,r,1-а ревізія,,,https://drive.google.com/file/d/1pwDaXXUQiaXMbQG7c-h26teVYSkK7OGz/view?usp=drivesdk,,,,1719,RU_GORKA_O,Новгородський повіт / Новгородська провінція / Санкт-Петербурзька губернія,,,,,,
rec_580_r_2,,Ревізькі казки,r,2-а ревізія,,,https://drive.google.com/file/d/1JJBaLOtBKgnQmcRgDMc9mxVqV_PpvqRe/view?usp=drivesdk,,,,02.07.1745,RU_GORKA_O,Новгородський повіт / Новгородська провінція / Новгородська губернія,,,,,,
rec_582_r_4,,Ревізькі казки,r,4-а ревізія,,,https://drive.google.com/file/d/1cy5g3zbE3tuWJKtdjPBH7F0uvNML71sy/view?usp=drivesdk,,https://www.familysearch.org/ark:/61903/3:1:33SQ-G11B-9WGH?i=181&cc=1929530&cat=784335&lang=en&groupId=1929530,,06.1782,RU_GORODOK,Двірцева Козловська волость / Вишньоволоцький повіт / Тверське намісництво,Двірцеве відомство,,,,,
rec_584_r_1,,Ревізькі казки,r,1-а ревізія,,,https://drive.google.com/file/d/1gW_UADDp891uUPUEKpenA2SpNdHdkS7r/view?usp=drivesdk,,,,1719,RU_PASYNKI,Новгородський повіт / Новгородська провінція / Санкт-Петербурзька губернія,,,,,,
rec_584_r_2,,Ревізькі казки,r,2-а ревізія,,,https://drive.google.com/file/d/1OZZVSw-DxGAkHnqBAWZnnDuI2-JRQrst/view?usp=drivesdk,,,,17.07.1745,RU_PASYNKI,Новгородський повіт / Новгородська провінція / Новгородська губернія,,,,,,
rec_586_r_2,,Ревізькі казки,r,2-а ревізія,,,https://drive.google.com/file/d/1spjmjTpEdsKTjqoIN_P24O_S1q0_P8bx/view?usp=drivesdk,,,,30.07.1745,RU_TOLMACHI,Новгородський повіт / Новгородська провінція / Новгородська губернія,,,,,,
rec_586_r_3,,Ревізькі казки,r,3-а ревізія,,,https://drive.google.com/file/d/1QF_XFpU-KXe6-_ZkQiRnioFka19Moqme/view?usp=drivesdk,,,,15.07.1762,RU_TOLMACHI,Новгородський повіт / Новгородська провінція / Новгородська губернія,,,,,,
rec_587_r_3,,Ревізькі казки,r,3-а ревізія,,,https://drive.google.com/file/d/1QF_XFpU-KXe6-_ZkQiRnioFka19Moqme/view?usp=drivesdk,,,,15.07.1762,RU_TOLMACHI,Новгородський повіт / Новгородська провінція / Новгородська губернія,,,,,,
rec_587_r_4,,Ревізькі казки,r,4-а ревізія,,,https://drive.google.com/file/d/1Y-CQEtpysDznAxpOFlscrS1fQBHTJ1v9/view?usp=drivesdk,,,,18.06.1782,RU_TOLMACHI,Бежецький повіт / Тверське намісництво,,,,,,
rec_588_r_1,,Ревізькі казки,r,1-а ревізія,,,https://drive.google.com/file/d/1QgtoTBTIoQj0wh5-ejAg8OO62rgq0Jta/view?usp=drivesdk,,,,1719,RU_TIMOSHKINO,Новгородський повіт / Новгородська провінція / Санкт-Петербурзька губернія,,,,,,
rec_588_r_2,,Ревізькі казки,r,2-а ревізія,,,https://drive.google.com/file/d/19GyIae8OKtEbdPLAXRC8DjUzqI8C6B9M/view?usp=drivesdk,,,,17.07.1745,RU_TIMOSHKINO,Новгородський повіт / Новгородська провінція / Новгородська губернія,,,,,,
rec_588_r_4,,Ревізькі казки,r,4-а ревізія,,,https://drive.google.com/file/d/1n5NVlxhdY7htvS_LpK8ZJZkNlgCd4G3T/view?usp=drivesdk,,https://www.familysearch.org/ark:/61903/3:1:33S7-L11B-94Z7?i=160&cc=1929530&cat=784335&lang=en&groupId=1929530,,06.1782,RU_TIMOSHKINO,Двірцева Козловська волость / Вишньоволоцький повіт / Тверське намісництво,Двірцеве відомство,,,,,
rec_590_r_1,,Ревізькі казки,r,1-а ревізія,,,https://drive.google.com/file/d/1GoSnfgjAl-bmWdJgxDKwQkg6U3mPzbYB/view?usp=drivesdk,,,,1719,RU_ZASEKA,Новгородський повіт / Новгородська провінція / Санкт-Петербурзька губернія,,,,,,
rec_590_r_2,,Ревізькі казки,r,2-а ревізія,,,https://drive.google.com/file/d/1wYc2IWTp4If57IJgLk4fhR1NVvYu7nv1/view?usp=drivesdk,,,,03.08.1745,RU_VYSOKOE,Новгородський повіт / Новгородська провінція / Новгородська губернія,,,,,,
rec_590_r_4,,Ревізькі казки,r,4-а ревізія,,,https://drive.google.com/file/d/1RlotJ7U8rgp1H-oAlhRFRYJJf0OrrHlq/view?usp=drivesdk,,,,25.06.1782,RU_VYSOKOE,Бежецький повіт / Тверське намісництво,,,,,,
rec_591_r_4,,Ревізькі казки,r,4-а ревізія,,,https://drive.google.com/file/d/1RlotJ7U8rgp1H-oAlhRFRYJJf0OrrHlq/view?usp=drivesdk,,,,25.06.1782,RU_VYSOKOE,Бежецький повіт / Тверське намісництво,,,,,,
rec_592_r_1,,Ревізькі казки,r,1-а ревізія,,,https://drive.google.com/file/d/1TRXoE57axXpt7m7D7w2NA9SgbzyIGej2/view?usp=drivesdk,,,,1719,RU_ARZHANOE,Новгородський повіт / Новгородська провінція / Санкт-Петербурзька губернія,,,,,,
rec_592_r_2,,Ревізькі казки,r,2-а ревізія,,,https://drive.google.com/file/d/1mg3b1NjKsyMMcUln_gWkjchqsYF8d3NI/view?usp=drivesdk,,,,17.07.1745,RU_MOGILKI,Новгородський повіт / Новгородська провінція / Новгородська губернія,,,,,,
rec_594_r_1,,Ревізькі казки,r,1-а ревізія,,,https://drive.google.com/file/d/1TRXoE57axXpt7m7D7w2NA9SgbzyIGej2/view?usp=drivesdk,,,,1723,RU_LINDINO,Новгородський повіт / Новгородська провінція / Санкт-Петербурзька губернія,,,,,,
rec_596_r_2,,Ревізькі казки,r,2-а ревізія,,,https://drive.google.com/file/d/1TiyLNowlrRL1-rbSTaJeoMogDcA-QljO/view?usp=drivesdk,,,,17.07.1745,RU_LINDINO,Новгородський повіт / Новгородська провінція / Новгородська губернія,,,,,,
rec_597_r_4,,Ревізькі казки,r,4-а ревізія,,,https://drive.google.com/file/d/1fuf4UrCzMzF2v3I73CEOledoqceqQMFs/view?usp=drivesdk,,https://www.familysearch.org/ark:/61903/3:1:33SQ-G11B-984Z?i=204&cc=1929530&cat=784335&lang=en&groupId=1929530,,06.1782,RU_KOZLOVO_S,Двірцева Козловська волость / Вишньоволоцький повіт / Тверське намісництво,Двірцеве відомство,,,,,
rec_598_r_2,,Ревізькі казки,r,2-а ревізія,,,https://drive.google.com/file/d/1KZnXX1h9yI_pecn4xIpA4fdFRWH3X69r/view?usp=drivesdk,,,,17.07.1745,RU_NIKULINO,Новгородський повіт / Новгородська провінція / Новгородська губернія,,,,,,
rec_598_r_4,,Ревізькі казки,r,4-а ревізія,,,https://drive.google.com/file/d/1cy5g3zbE3tuWJKtdjPBH7F0uvNML71sy/view?usp=drivesdk,,https://www.familysearch.org/ark:/61903/3:1:33SQ-G11B-9WGH?i=181&cc=1929530&cat=784335&lang=en&groupId=1929530,,06.1782,RU_GORODOK,Двірцева Козловська волость / Вишньоволоцький повіт / Тверське намісництво,Двірцеве відомство,,,,,
rec_600_r_1,,Ревізькі казки,r,1-а ревізія,,,https://drive.google.com/file/d/1QgtoTBTIoQj0wh5-ejAg8OO62rgq0Jta/view?usp=drivesdk,,,,1719,RU_TIMOSHKINO,Новгородський повіт / Новгородська провінція / Санкт-Петербурзька губернія,,,,,,
rec_602_r_1,,Ревізькі казки,r,1-а ревізія,,,https://drive.google.com/file/d/1QgtoTBTIoQj0wh5-ejAg8OO62rgq0Jta/view?usp=drivesdk,,,,1719,RU_TIMOSHKINO,Новгородський повіт / Новгородська провінція / Санкт-Петербурзька губернія,,,,,,
rec_604_r_1,,Ревізькі казки,r,1-а ревізія,,,https://drive.google.com/file/d/13w8vo1AkkL8Yf1mC0zyc-u8B6zf2NTim/view?usp=drivesdk,,,,1719,RU_SVINARIKHA,Новгородський повіт / Новгородська провінція / Санкт-Петербурзька губернія,,,,,,
rec_604_r_2,,Ревізькі казки,r,2-а ревізія,,,https://drive.google.com/file/d/1Wu5xAeUc7PTwDbbBBEQ5RepGUao1dqOt/view?usp=drivesdk,,,,30.07.1745,RU_KHLESTOVO,Новгородський повіт / Новгородська провінція / Новгородська губернія,,,,,,
rec_604_r_3,,Ревізькі казки,r,3-а ревізія,,,https://drive.google.com/file/d/1ILAFnEPkUVo-KGXCFe987R8bViVVX9dB/view?usp=drivesdk,,,,23.07.1762,RU_KHLESTOVO,Новгородський повіт / Новгородська провінція / Новгородська губернія,,,,,,
rec_604_r_4,,Ревізькі казки,r,4-а ревізія,,,https://drive.google.com/file/d/1i5OiM6-URWhFxo0W2NgDZaUbG5XXdoHx/view?usp=drivesdk,,https://www.familysearch.org/ark:/61903/3:1:33SQ-G11B-9ZNG?i=303&cc=1929530&cat=1985631&lang=en&groupId=1929530,,12.09.1782,RU_KHLESTOVO,Вишньоволоцький повіт / Тверське намісництво,,,,,,
rec_606_r_2,,Ревізькі казки,r,2-а ревізія,,,https://drive.google.com/file/d/1mcbB7RyLkXfy8EMCERtwtFtu08gibkJD/view?usp=drivesdk,,,,16.03.1745,RU_STESHKOVO,Новоторзький повіт / Тверська провінція / Новгородська губернія,,,,,,
rec_606_r_3,,Ревізькі казки,r,3-а ревізія,,,https://drive.google.com/file/d/1uv0OyvYRrosRCo2VhZptNkbVlEX6BqTx/view?usp=drivesdk,,,,09.1762,RU_STESHKOVO,Дорська волость / Новоторзький повіт / Тверська провінція / Новгородська губернія,,,,,,
rec_606_r_4,,Ревізькі казки,r,4-а ревізія,,,https://drive.google.com/file/d/1hRQ84YeOnemkIl8K5jdNElK-j1dYy64Q/view?usp=drivesdk,,https://www.familysearch.org/ark:/61903/3:1:33SQ-G11B-74F?i=887&wc=M699-P29%3A224254401%2C234970501%2C234970502&cc=1929530&lang=en&groupId=1929530,,05.1782,RU_STESHKOVO,Дорська волость / Новоторзький повіт / Тверське намісництво,,,,,,
rec_610_r_1,,Ревізькі казки,r,1-а ревізія,,,https://drive.google.com/file/d/1Y1BMEkACa5tD5pM13-MtlZvbmLH-5aQF/view?usp=drivesdk,,,,1719,RU_BOLSHOE_PLOSKOE,Новгородський повіт / Новгородська провінція / Санкт-Петербурзька губернія,,,,,,
rec_612_r_1,,Ревізькі казки,r,1-а ревізія,,,https://drive.google.com/file/d/1M83c2NzRc6d_W4TRgKBKJgZCtHvGcjvg/view?usp=drivesdk,,,,1719,RU_TARASOVO,Новгородський повіт / Новгородська провінція / Санкт-Петербурзька губернія,Кирило Артемович Мілюков,,,,,
rec_612_r_2,,Ревізькі казки,r,2-а ревізія,,,https://drive.google.com/file/d/1_78_U-VdKtmhbNhxRFsoIviopgYHlreA/view?usp=drivesdk,,,,13.07.1745,RU_TARASOVO,Новгородський повіт / Новгородська провінція / Новгородська губернія,,,,,,
rec_618_r_1,,Ревізькі казки,r,1-а ревізія,,,https://drive.google.com/file/d/10nnXWbMdrBET34Fw386w4FQwLKYsj7jG/view?usp=drivesdk,,,,1719,RU_OSOSYE,Новгородський повіт / Новгородська провінція / Санкт-Петербурзька губернія,,,,,,
rec_624_r_1,,Ревізькі казки,r,1-а ревізія,,,https://drive.google.com/file/d/1dhTv5ucywBxzNFNU4z_mtM2p4jFvOOmi/view?usp=drivesdk,,,,1719,RU_GORODOK,Новгородський повіт / Новгородська провінція / Санкт-Петербурзька губернія,,,,,,
rec_628_r_1,,Ревізькі казки,r,1-а ревізія,,,https://drive.google.com/file/d/1-mWPvDBWhajywvvl-_Myo7Admq5KCBxN/view?usp=drivesdk,,,,1719,RU_BOLSHOE_PLOSKOE,Новгородський повіт / Новгородська провінція / Санкт-Петербурзька губернія,,,,,,
rec_636_r_1,,Ревізькі казки,r,1-а ревізія,,,https://drive.google.com/file/d/1xxWyHbtfgwN94okK5ffv6A-owaKRcLZB/view?usp=drivesdk,,,,1719,RU_TOLMACHI,Новгородський повіт / Новгородська провінція / Санкт-Петербурзька губернія,,,,,,
rec_638_r_1,,Ревізькі казки,r,1-а ревізія,,,https://drive.google.com/file/d/15kad-fk2jPyTMuv8EFdMcxrs9ZhSwiTA/view?usp=drivesdk,,,,1721,RU_NAYDENIKHA,Новгородський повіт / Новгородська провінція / Санкт-Петербурзька губернія,,,,,,
rec_640_r_1,,Ревізькі казки,r,1-а ревізія,,,https://drive.google.com/file/d/1M5iXYKrqK1TjcYRye-VBy8LyZKYBOBxW/view?usp=drivesdk,,,,1719,RU_DOMOSLAVL,Новгородський повіт / Новгородська провінція / Санкт-Петербурзька губернія,,,,,,
rec_640_r_2,,Ревізькі казки,r,2-а ревізія,,,https://drive.google.com/file/d/1kugizdxoo4gsm2uqQ9oNmHrBKCYUKcGM/view?usp=drivesdk,,,,25.06.1745,RU_DOMOSLAVL,Новгородський повіт / Новгородська провінція / Новгородська губернія,,,,,,
rec_640_r_3,,Ревізькі казки,r,3-а ревізія,,,https://drive.google.com/file/d/1nOpfTq9bd4xdY85DUuKodHvbBVkcs6GK/view?usp=drivesdk,,,,1762,RU_DOMOSLAVL,Новгородський повіт / Новгородська провінція / Новгородська губернія,,,,,,
rec_640_r_4,,Ревізькі казки,r,4-а ревізія,,,https://drive.google.com/file/d/1qaJlKLKabhEdFhLAiyAEMh1r3Ii6ktfO/view?usp=drivesdk,,,,1782,RU_DOMOSLAVL,Вишньоволоцький повіт / Тверське намісництво,,,,,,
rec_641_r_3,,Ревізькі казки,r,3-а ревізія,,,https://drive.google.com/file/d/1nOpfTq9bd4xdY85DUuKodHvbBVkcs6GK/view?usp=drivesdk,,,,1762,RU_DOMOSLAVL,Новгородський повіт / Новгородська провінція / Новгородська губернія,,,,,,
rec_641_r_4,,Ревізькі казки,r,4-а ревізія,,,https://drive.google.com/file/d/1qaJlKLKabhEdFhLAiyAEMh1r3Ii6ktfO/view?usp=drivesdk,,,,1782,RU_DOMOSLAVL,Вишньоволоцький повіт / Тверське намісництво,,,,,,
rec_642_r_2,,Ревізькі казки,r,2-а ревізія,,,https://drive.google.com/file/d/18-cWliWhiRxKPiItR3DYefEbPgL5DpPm/view?usp=drivesdk,,,,25.06.1745,RU_DOMOSLAVL,Новгородський повіт / Новгородська провінція / Новгородська губернія,,,,,,
rec_642_r_3,,Ревізькі казки,r,3-а ревізія,,,https://drive.google.com/file/d/1tH7o2Zm5gzuf3Y7GBbeLi7HKfApMFmRf/view?usp=drivesdk,,,,1762,RU_DOMOSLAVL,Новгородський повіт / Новгородська провінція / Новгородська губернія,,,,,,
rec_642_r_4,,Ревізькі казки,r,4-а ревізія,,,https://drive.google.com/file/d/1AGTaXVDUkkIMea3DPVRCFZpe7V0y3phG/view?usp=drivesdk,,,,1782,RU_DOMOSLAVL,Вишньоволоцький повіт / Тверське намісництво,,,,,,
rec_642_r_5,,Ревізькі казки,r,5-а ревізія,,,https://drive.google.com/file/d/1y1D-545KsIfTFBU8Zoiy3gk9G9vOSZj_/view?usp=drivesdk,,https://www.familysearch.org/ark:/61903/3:1:3QS7-89MM-MDYT?i=42&wc=M6MV-N38%3A224254401%2C226324801%2C226412901&cc=1929530&lang=en&groupId=1929530,,23.06.1795,RU_DOMOSLAVL,Вишньоволоцький повіт / Тверське намісництво,,,,,,
rec_643_r_3,,Ревізькі казки,r,3-а ревізія,,,https://drive.google.com/file/d/1jJBs5PYNexqHsk6neM2SP1JsJIBiUHj4/view?usp=drivesdk,,,,1762,RU_DOMOSLAVL,Новгородський повіт / Новгородська провінція / Новгородська губернія,,,,,,
rec_643_r_4,,Ревізькі казки,r,4-а ревізія,,,https://drive.google.com/file/d/1PwC6mWmUHYI7Q_2V6dOai54EbIVFh7fw/view?usp=drivesdk,,,,1782,RU_DOMOSLAVL,Вишньоволоцький повіт / Тверське намісництво,,,,,,
rec_644_r_2,,Ревізькі казки,r,2-а ревізія,,,https://drive.google.com/file/d/13SD1PA3AGCpTZDpeFlViHaUWl-4W5i3g/view?usp=drivesdk,,,,22.06.1745,RU_VOYBUTSKAYA_GORA,Новоторзький повіт / Тверська провінція / Новгородська губернія,Опанас Петрович Скрипльов,,,,,
rec_644_r_3,,Ревізькі казки,r,3-а ревізія,,,https://drive.google.com/file/d/1zwG7dATErcznruvWgpXILmAVq8WLfZwj/view?usp=drivesdk,,,,30.09.1762,RU_VOYBUTSKAYA_GORA,Зашегринська волость / Новоторзький повіт / Тверська провінція / Новгородська губернія,,,,,,
rec_646_r_2,,Ревізькі казки,r,2-а ревізія,,,https://drive.google.com/file/d/1eain1UEfrm2S4cEq-ZICO09kVSDC1BBP/view?usp=drivesdk,,,,24.07.1745,RU_NOZHKINO,Новоторзький повіт / Тверська провінція / Новгородська губернія,,,,,,
rec_646_r_3,,Ревізькі казки,r,3-а ревізія,,,https://drive.google.com/file/d/1sFJtpwUi4PW5TZyrR5ySLKbv_5Yy3vc5/view?usp=drivesdk,,,,09.1762,RU_NOZHKINO,Зашегринська волость / Новоторзький повіт / Тверська провінція / Новгородська губернія,,,,,,
rec_647_r_3,,Ревізькі казки,r,3-а ревізія,,,https://drive.google.com/file/d/1sFJtpwUi4PW5TZyrR5ySLKbv_5Yy3vc5/view?usp=drivesdk,,,,09.1762,RU_NOZHKINO,Зашегринська волость / Новоторзький повіт / Тверська провінція / Новгородська губернія,,,,,,
rec_647_r_4,,Ревізькі казки,r,4-а ревізія,,,https://drive.google.com/file/d/1ZfHQzJ9Fptc_ZtThUe6TnkSBTHZH6r6n/view?usp=drivesdk,,https://www.familysearch.org/ark:/61903/3:1:33SQ-G11B-971C?i=87&wc=M6MV-NPD%3A224254401%2C226324801%2C226368901&cc=1929530&lang=uk&groupId=1929530,,30.06.1782,RU_NOZHKINO,Зашегринська волость / Вишньоволоцький повіт / Тверське намісництво,,,,,,
rec_647_r_5,,Ревізькі казки,r,5-а ревізія,,,https://drive.google.com/file/d/1Xp51qz0oh6apCH_TqfE7EPa-Et01QfVa/view?usp=drivesdk,,https://www.familysearch.org/ark:/61903/3:1:33SQ-G111-9FMB?wc=M6MV-NP8%3A224254401%2C226324801%2C226397501%26cc%3D1929530&lang=en&i=9&cc=1929530&groupId=1929530,,28.08.1795,RU_NOZHKINO,Теребенський стан / Вишньоволоцький повіт / Тверське намісництво,Микола Іванович Скрипльов;Єгор Іванович Скрипльов;Петро Іванович Скрипльов;Алевтинія Іванівна Скрипльова,,,,,
rec_648_r_2,,Ревізькі казки,r,2-а ревізія,,,https://drive.google.com/file/d/1gR_jxDisn9IS2AJFTddhLcLYz9pGew6V/view?usp=drivesdk,,,,25.06.1745,RU_DOMOSLAVL,Новгородський повіт / Новгородська провінція / Новгородська губернія,,,,,,
rec_648_r_3,,Ревізькі казки,r,3-а ревізія,,,https://drive.google.com/file/d/1fRP3Xq_xdE3vCYyCHSGQ_IIcVZcDUbyQ/view?usp=drivesdk,,,,1762,RU_DOMOSLAVL,Новгородський повіт / Новгородська провінція / Новгородська губернія,,,,,,
rec_648_r_4,,Ревізькі казки,r,4-а ревізія,,,https://drive.google.com/file/d/1xqZheDuiDvqtu3K4rUn-wxIh6JrEHbIQ/view?usp=drivesdk,,,,1782,RU_DOMOSLAVL,Вишньоволоцький повіт / Тверське намісництво,,,,,,
rec_649_r_3,,Ревізькі казки,r,3-а ревізія,,,https://drive.google.com/file/d/1fRP3Xq_xdE3vCYyCHSGQ_IIcVZcDUbyQ/view?usp=drivesdk,,,,1762,RU_DOMOSLAVL,Новгородський повіт / Новгородська провінція / Новгородська губернія,,,,,,
rec_649_r_4,,Ревізькі казки,r,4-а ревізія,,,https://drive.google.com/file/d/1xqZheDuiDvqtu3K4rUn-wxIh6JrEHbIQ/view?usp=drivesdk,,,,1782,RU_DOMOSLAVL,Вишньоволоцький повіт / Тверське намісництво,,,,,,
rec_650_r_2,,Ревізькі казки,r,2-а ревізія,,,https://drive.google.com/file/d/1PGZExwbwQtp1oDSCql2u3qYt_ZZlVRGh/view?usp=drivesdk,,,,25.06.1745,RU_DOBRETSOVO,Новгородський повіт / Новгородська провінція / Новгородська губернія,,,,,,
rec_650_r_3,,Ревізькі казки,r,3-а ревізія,,,https://drive.google.com/file/d/1FcQXYBmaoQMvee80Q-xVQ1DvVpufDUg7/view?usp=drivesdk,,,,1762,RU_DOBRETSOVO,Новгородський повіт / Новгородська провінція / Новгородська губернія,,,,,,
rec_651_r_3,,Ревізькі казки,r,3-а ревізія,,,https://drive.google.com/file/d/1tH7o2Zm5gzuf3Y7GBbeLi7HKfApMFmRf/view?usp=drivesdk,,,,1762,RU_DOMOSLAVL,Новгородський повіт / Новгородська провінція / Новгородська губернія,,,,,,
rec_652_r_2,,Ревізькі казки,r,2-а ревізія,,,https://drive.google.com/file/d/1eUYdHZIVUZukqjZKoF2d1BOwY9llhxmn/view?usp=drivesdk,,,,25.06.1745,RU_TSIRIBUSHEVO,Новгородський повіт / Новгородська провінція / Новгородська губернія,,,,,,
rec_652_r_3,,Ревізькі казки,r,3-а ревізія,,,https://drive.google.com/file/d/1wnOubK-9UzrTEoynB28u9Ntm3Wkb2ie3/view?usp=drivesdk,,,,1762,RU_TSIRIBUSHEVO,Новгородський повіт / Новгородська провінція / Новгородська губернія,,,,,,
rec_653_r_3,,Ревізькі казки,r,3-а ревізія,,,https://drive.google.com/file/d/1wnOubK-9UzrTEoynB28u9Ntm3Wkb2ie3/view?usp=drivesdk,,,,1762,RU_TSIRIBUSHEVO,Новгородський повіт / Новгородська провінція / Новгородська губернія,,,,,,
rec_653_r_4,,Ревізькі казки,r,4-а ревізія,,,https://drive.google.com/file/d/139PeoPyyDKi-1VlHLa_-1aSThWq4CTXT/view?usp=drivesdk,,,,1782,RU_TSIRIBUSHEVO,Вишньоволоцький повіт / Тверське намісництво,,,,,,
rec_654_r_1,,Ревізькі казки,r,1-а ревізія,,,https://drive.google.com/file/d/177n6U6rrIVxzJx4bxBFBBvOfaghBgyGo/view?usp=drivesdk,,,,1719,RU_DOBRETSOVO,Новгородський повіт / Новгородська провінція / Санкт-Петербурзька губернія,Юр'їв монастир,,,,,
rec_654_r_2,,Ревізькі казки,r,2-а ревізія,,,https://drive.google.com/file/d/1bQmCmFBjz3JOIS-EFYW57RAX4JTvTmd3/view?usp=drivesdk,,,,25.06.1745,RU_DOBRETSOVO,Новгородський повіт / Новгородська провінція / Новгородська губернія,,,,,,
rec_654_r_3,,Ревізькі казки,r,3-а ревізія,,,https://drive.google.com/file/d/1MM0_5ZEsJj3IEJtjdPTt3_Sr6t7aX8CU/view?usp=drivesdk,,,,1762,RU_DOBRETSOVO,Новгородський повіт / Новгородська провінція / Новгородська губернія,,,,,,
rec_654_r_4,,Ревізькі казки,r,4-а ревізія,,,https://drive.google.com/file/d/1VYxxZSiimu0opc95HzaMGsGsLzcSqIul/view?usp=drivesdk,,,,1782,RU_DOBRETSOVO,Вишньоволоцький повіт / Тверське намісництво,,,,,,
rec_654_r_5,,Ревізькі казки,r,5-а ревізія,,,https://drive.google.com/file/d/1rukoSUYnFS6tzUoP16Y7wIRTMph8a3el/view?usp=drivesdk,,https://www.familysearch.org/ark:/61903/3:1:3QSQ-G9MM-M83G?i=45&wc=M6MV-N38%3A224254401%2C226324801%2C226412901&cc=1929530&lang=en&groupId=1929530,,23.06.1795,RU_DOBRETSOVO,Вишньоволоцький повіт / Тверське намісництво,,,,,,
rec_655_r_3,,Ревізькі казки,r,3-а ревізія,,,https://drive.google.com/file/d/1MM0_5ZEsJj3IEJtjdPTt3_Sr6t7aX8CU/view?usp=drivesdk,,,,1762,RU_DOBRETSOVO,Новгородський повіт / Новгородська провінція / Новгородська губернія,,,,,,
rec_656_r_1,,Ревізькі казки,r,1-а ревізія,,,https://drive.google.com/file/d/1F1DqLVV7UrYWBs3VrkaeT2gRputggG6H/view?usp=drivesdk,,,,1719,RU_KARABIKHA,Новгородський повіт / Новгородська провінція / Санкт-Петербурзька губернія,,,,,,
rec_656_r_2,,Ревізькі казки,r,2-а ревізія,,,https://drive.google.com/file/d/1PDnA7xPD9APete-3gHXr5xDq9WyaHPIA/view?usp=drivesdk,,,,02.07.1745,RU_KARABIKHA,Новгородський повіт / Новгородська провінція / Новгородська губернія,,,,,,
rec_656_r_4,,Ревізькі казки,r,4-а ревізія,,,https://drive.google.com/file/d/18bzbA7v0fBka9OefCLIvHiARa_HUEKMS/view?usp=drivesdk,,https://www.familysearch.org/ark:/61903/3:1:33S7-811B-RMP?i=939&wc=M6MV-ZTG%3A224254401%2C226324801%2C226325701&cc=1929530&lang=en&groupId=1929530,,30.06.1782,RU_KARABIKHA,Вишньоволоцький повіт / Тверське намісництво,,,,,,
rec_658_r_1,,Ревізькі казки,r,1-а ревізія,,,https://drive.google.com/file/d/1RNNC6ZFrMD25HsThMymss-V0FYUt2Bzd/view?usp=drivesdk,,,,1719,RU_OLEKHNOVO,Новгородський повіт / Новгородська провінція / Санкт-Петербурзька губернія,,,,,,
rec_658_r_2,,Ревізькі казки,r,2-а ревізія,,,https://drive.google.com/file/d/1wBTX8IJF43GP07rkef18CsoThLPaZk73/view?usp=drivesdk,,,,02.07.1745,RU_OLEKHNOVO,Новгородський повіт / Новгородська провінція / Новгородська губернія,,,,,,
rec_659_r_4,,Ревізькі казки,r,4-а ревізія,,,https://drive.google.com/file/d/1FBEpKYH9cSfmSoXiyRJkJMUEUlvyYBen/view?usp=drivesdk,,https://www.familysearch.org/ark:/61903/3:1:33SQ-G11B-TCW?i=956&wc=M6MV-ZTG%3A224254401%2C226324801%2C226325701&cc=1929530&lang=en&groupId=1929530,,30.06.1782,RU_OLEKHNOVO,Вишньоволоцький повіт / Тверське намісництво,,,,,,
rec_660_r_3,,Ревізькі казки,r,3-а ревізія,,,https://drive.google.com/file/d/1_kk6hkqQb7sYjB0zLq1u6dHBdIp1kFim/view?usp=drivesdk,,,,12.06.1762,RU_YUKHOVO,Новгородський повіт / Новгородська провінція / Новгородська губернія,,,,,,
rec_660_r_4,,Ревізькі казки,r,4-а ревізія,,,https://drive.google.com/file/d/1ME1IfUvSpZV5iphPnH6MLz-aeM3Lg4Rs/view?usp=drivesdk,,https://www.familysearch.org/ark:/61903/3:1:33S7-L11B-9ZH7?i=382&cc=1929530&cat=784335&lang=en&groupId=1929530,,30.05.1782,RU_YUKHOVO,Вишньоволоцький повіт / Тверське намісництво,,,,,,
rec_662_r_3,,Ревізькі казки,r,3-а ревізія,,,https://drive.google.com/file/d/1YluwF6iGuJW9ojOmEa7rmjwYuL2dH-qK/view?usp=drivesdk,,,,06.1762,RU_VYDROPUZHSK,Новгородський повіт / Новгородська провінція / Новгородська губернія,,,,,,
rec_663_r_3,,Ревізькі казки,r,3-а ревізія,,,https://drive.google.com/file/d/1YluwF6iGuJW9ojOmEa7rmjwYuL2dH-qK/view?usp=drivesdk,,,,06.1762,RU_VYDROPUZHSK,Новгородський повіт / Новгородська провінція / Новгородська губернія,,,,,,
rec_663_r_4,,Ревізькі казки,r,4-а ревізія,,,https://drive.google.com/file/d/1IB1IHQRLcfdNddzgT5iqxiAiEfdz30gO/view?usp=drivesdk,,https://www.familysearch.org/ark:/61903/3:1:33SQ-G11B-9Z6S?i=359&cc=1929530&cat=784335&lang=en&groupId=1929530,,05.1782,RU_VYDROPUZHSK,Вишньоволоцький повіт / Тверське намісництво,,,,,,
rec_664_r_2,,Ревізькі казки,r,2-а ревізія,,,https://drive.google.com/file/d/1KiCzcsowlYsR02SkOI24j-a1JSziAUO2/view?usp=drivesdk,,,,02.07.1745,RU_FEDOVO,Новгородський повіт / Новгородська провінція / Новгородська губернія,,,,,,
rec_664_r_4,,Ревізькі казки,r,4-а ревізія,,,https://drive.google.com/file/d/1t35Ih_EHrrvkrc4TVqnD11xgj5G78yOF/view?usp=drivesdk,,https://www.familysearch.org/ark:/61903/3:1:33S7-811B-TRY?i=749&wc=M6MV-ZTG%3A224254401%2C226324801%2C226325701&cc=1929530&lang=en&groupId=1929530,,30.06.1782,RU_FEDOVO,Вишньоволоцький повіт / Тверське намісництво,,,,,,
rec_665_r_4,,Ревізькі казки,r,4-а ревізія,,,https://drive.google.com/file/d/1t35Ih_EHrrvkrc4TVqnD11xgj5G78yOF/view?usp=drivesdk,,https://www.familysearch.org/ark:/61903/3:1:33S7-811B-TRY?i=749&wc=M6MV-ZTG%3A224254401%2C226324801%2C226325701&cc=1929530&lang=en&groupId=1929530,,30.06.1782,RU_FEDOVO,Вишньоволоцький повіт / Тверське намісництво,,,,,,
rec_666_r_1,,Ревізькі казки,r,1-а ревізія,,,https://drive.google.com/file/d/18JsGbxz1mU18agcQE-mxvwxFURZm3UR3/view?usp=drivesdk,,,,1719,RU_BOLSHAYA_VARIZHA,Новгородський повіт / Новгородська провінція / Санкт-Петербурзька губернія,,,,,,
rec_666_r_2,,Ревізькі казки,r,2-а ревізія,,,https://drive.google.com/file/d/1-zNTjXneyfHShdrqNqNDefcPaqyB_llG/view?usp=drivesdk,,,,03.07.1745,RU_BOLSHAYA_VARIZHA,Новгородський повіт / Новгородська провінція / Новгородська губернія,,,,,,
rec_666_r_4,,Ревізькі казки,r,4-а ревізія,,,https://drive.google.com/file/d/1Veuw1-IFCz5Dp2CXgaMLcrFgxZkO9Zf8/view?usp=drivesdk,,https://www.familysearch.org/ark:/61903/3:1:33S7-811B-99ZH?i=1031&wc=M6MV-ZTG%3A224254401%2C226324801%2C226325701&cc=1929530&lang=en&groupId=1929530,,30.06.1782,RU_BOLSHAYA_VARIZHA,Вишньоволоцький повіт / Тверське намісництво,,,,,,
rec_667_r_4,,Ревізькі казки,r,4-а ревізія,,,https://drive.google.com/file/d/1Veuw1-IFCz5Dp2CXgaMLcrFgxZkO9Zf8/view?usp=drivesdk,,https://www.familysearch.org/ark:/61903/3:1:33S7-811B-99ZH?i=1031&wc=M6MV-ZTG%3A224254401%2C226324801%2C226325701&cc=1929530&lang=en&groupId=1929530,,30.06.1782,RU_BOLSHAYA_VARIZHA,Вишньоволоцький повіт / Тверське намісництво,,,,,,
rec_668_r_1,,Ревізькі казки,r,1-а ревізія,,,https://drive.google.com/file/d/1h_2uzSdYzWuB9BUkwVvdwmeAs4a0Xr8p/view?usp=drivesdk,,,,1719,RU_GRANITSA,Новгородський повіт / Новгородська провінція / Санкт-Петербурзька губернія,,,,,,
rec_668_r_2,,Ревізькі казки,r,2-а ревізія,,,https://drive.google.com/file/d/1nP_CS0H_thbvpcobuWXoSb0d3dkw-uGI/view?usp=drivesdk,,,,03.07.1745,RU_GRANITSA,Новгородський повіт / Новгородська провінція / Новгородська губернія,,,,,,
rec_669_r_4,,Ревізькі казки,r,4-а ревізія,,,https://drive.google.com/file/d/14er9mMLjHUtRt8Xw8VZDSur6Gxh6axcQ/view?usp=drivesdk,,https://www.familysearch.org/ark:/61903/3:1:33SQ-G11B-9W48?i=1068&cc=1929530&cat=1985631&lang=en&groupId=1929530,,30.06.1782,RU_YASHCHINY,Вишньоволоцький повіт / Тверське намісництво,,,,,,
rec_669_r_5,,Ревізькі казки,r,5-а ревізія,,,https://drive.google.com/file/d/1xfLJir5dgH3Rktae9ljF_dOrEOyWstRc/view?usp=drivesdk,,https://www.familysearch.org/ark:/61903/3:1:3QS7-89MM-MVK3?i=604&wc=M6MV-N68%3A224254401%2C226324801%2C226421401&cc=1929530&lang=en&groupId=1929530,,29.06.1795,RU_YASHCHINY,Вишньоволоцький повіт / Тверське намісництво,,,,,,
rec_670_r_2,,Ревізькі казки,r,2-а ревізія,,,https://drive.google.com/file/d/13rNUTNVliPAk-lzXUYbazV5LdD9PCkc3/view?usp=drivesdk,,,,30.11.1744,RU_MATVEEVO,Новгородський повіт / Новгородська провінція / Новгородська губернія,,,,,,
rec_674_r_1,,Ревізькі казки,r,1-а ревізія,,,https://drive.google.com/file/d/1nc49h7FAX0gyLl9pJohx0ZJQd2d158YE/view?usp=drivesdk,,,,1719,RU_KOZLOVO_D,Новгородський повіт / Новгородська провінція / Санкт-Петербурзька губернія,,,,,,
rec_674_r_2,,Ревізькі казки,r,2-а ревізія,,,https://drive.google.com/file/d/1Jx6IEoHwu_cX1GV97jHMVXKsR2OO1BZu/view?usp=drivesdk,,,,02.07.1745,RU_KOZLOVO_D,Новгородський повіт / Новгородська провінція / Новгородська губернія,,,,,,
rec_674_r_4,,Ревізькі казки,r,4-а ревізія,,,https://drive.google.com/file/d/1aBL0Jxpw3HeNQYlSLNEkyxIiLwwWnktc/view?usp=drivesdk,,https://www.familysearch.org/ark:/61903/3:1:33S7-811B-RS3?i=928&wc=M6MV-ZTG%3A224254401%2C226324801%2C226325701&cc=1929530&lang=en&groupId=1929530,,30.06.1782,RU_KOZLOVO_D,Вишньоволоцький повіт / Тверське намісництво,,,,,,
rec_676_r_1,,Ревізькі казки,r,1-а ревізія,,,https://drive.google.com/file/d/1nc49h7FAX0gyLl9pJohx0ZJQd2d158YE/view?usp=drivesdk,,,,1719,RU_KOZLOVO_D,Новгородський повіт / Новгородська провінція / Санкт-Петербурзька губернія,,,,,,
rec_678_r_1,,Ревізькі казки,r,1-а ревізія,,,https://drive.google.com/file/d/1UOHg0p7wD4kVSzlT2xTXTX1lquAeVOa9/view?usp=drivesdk,,,,1719,RU_BELAVINO,Новгородський повіт / Новгородська провінція / Санкт-Петербурзька губернія,,,,,,
rec_678_r_2,,Ревізькі казки,r,2-а ревізія,,,https://drive.google.com/file/d/1ySsooqTK_12bW17XDtYOT1egVHQI7Nff/view?usp=drivesdk,,,,02.07.1745,RU_BELAVINO,Новгородський повіт / Новгородська провінція / Новгородська губернія,,,,,,
rec_678_r_4,,Ревізькі казки,r,4-а ревізія,,,https://drive.google.com/file/d/11tZJoFgSRQVX1XcpPO4rfllIOZAdORSS/view?usp=drivesdk,,https://www.familysearch.org/ark:/61903/3:1:33S7-811B-Y3K?i=791&wc=M6MV-ZTG%3A224254401%2C226324801%2C226325701&cc=1929530&lang=en&groupId=1929530,,30.06.1782,RU_BELAVINO,Вишньоволоцький повіт / Тверське намісництво,,,,,,
rec_679_r_4,,Ревізькі казки,r,4-а ревізія,,,https://drive.google.com/file/d/11tZJoFgSRQVX1XcpPO4rfllIOZAdORSS/view?usp=drivesdk,,https://www.familysearch.org/ark:/61903/3:1:33S7-811B-Y3K?i=791&wc=M6MV-ZTG%3A224254401%2C226324801%2C226325701&cc=1929530&lang=en&groupId=1929530,,30.06.1782,RU_BELAVINO,Вишньоволоцький повіт / Тверське намісництво,,,,,,
rec_680_r_1,,Ревізькі казки,r,1-а ревізія,,,https://drive.google.com/file/d/1O2-wo9Jw9oNPIEvuOFRy4fZc5-puJHcd/view?usp=drivesdk,,,,1719,RU_TSIRIBUSHEVO,Новгородський повіт / Новгородська провінція / Санкт-Петербурзька губернія,,,,,,
rec_680_r_2,,Ревізькі казки,r,2-а ревізія,,,https://drive.google.com/file/d/1eUYdHZIVUZukqjZKoF2d1BOwY9llhxmn/view?usp=drivesdk,,,,25.06.1745,RU_TSIRIBUSHEVO,Новгородський повіт / Новгородська провінція / Новгородська губернія,,,,,,
rec_680_r_3,,Ревізькі казки,r,3-а ревізія,,,https://drive.google.com/file/d/1K07GWLK8di7ld3Kr4jmfrVvVrXWi9T_H/view?usp=drivesdk,,,,1762,RU_TSIRIBUSHEVO,Новгородський повіт / Новгородська провінція / Новгородська губернія,,,,,,
rec_680_r_4,,Ревізькі казки,r,4-а ревізія,,,https://drive.google.com/file/d/1x8UjZ3bDnrvnMoKrCEkRnMLD9Ws57hQy/view?usp=drivesdk,,,,1782,RU_TSIRIBUSHEVO,Вишньоволоцький повіт / Тверське намісництво,,,,,,
rec_682_r_2,,Ревізькі казки,r,2-а ревізія,,,https://drive.google.com/file/d/1ddzaOn1X-Y-3UYTrt7nspqRz2WhcTiK1/view?usp=drivesdk,,,,18.07.1745,RU_ALEKSEEVSKAYA,Новоторзький повіт / Тверська провінція / Новгородська губернія,Іверський монастир,,,,,
rec_682_r_3,,Ревізькі казки,r,3-а ревізія,,,https://drive.google.com/file/d/1YYRtGX7TmgAY_duua4668xBgcJIGK5SC/view?usp=drivesdk,,,,05.1762,RU_ALEKSEEVSKAYA,Зашегринська волость / Новоторзький повіт / Тверська провінція / Новгородська губернія,Іверський монастир,,,,,
rec_683_r_3,,Ревізькі казки,r,3-а ревізія,,,https://drive.google.com/file/d/1YYRtGX7TmgAY_duua4668xBgcJIGK5SC/view?usp=drivesdk,,,,05.1762,RU_ALEKSEEVSKAYA,Зашегринська волость / Новоторзький повіт / Тверська провінція / Новгородська губернія,Іверський монастир,,,,,
rec_683_r_4,,Ревізькі казки,r,4-а ревізія,,,https://drive.google.com/file/d/1Dg2fr-7OWC6z_zJEKLQVaHHr5j9MsqyT/view?usp=drivesdk,,https://www.familysearch.org/ark:/61903/3:1:33S7-L111-9L3P?wc=M699-GNG%3A224254401%2C234970501%2C235099201%26cc%3D1929530&lang=en&i=762&cc=1929530&groupId=1929530,,03.1782,RU_ALEKSEEVSKAYA,Зашегринська волость / Новоторзький повіт / Тверське намісництво,,,,,,
rec_684_r_1,,Ревізькі казки,r,1-а ревізія,,,https://drive.google.com/file/d/1O2-wo9Jw9oNPIEvuOFRy4fZc5-puJHcd/view?usp=drivesdk,,,,1719,RU_TSIRIBUSHEVO,Новгородський повіт / Новгородська провінція / Санкт-Петербурзька губернія,,,,,,
rec_684_r_2,,Ревізькі казки,r,2-а ревізія,,,https://drive.google.com/file/d/1eUYdHZIVUZukqjZKoF2d1BOwY9llhxmn/view?usp=drivesdk,,,,25.06.1745,RU_TSIRIBUSHEVO,Новгородський повіт / Новгородська провінція / Новгородська губернія,,,,,,
rec_684_r_3,,Ревізькі казки,r,3-а ревізія,,,https://drive.google.com/file/d/1wnOubK-9UzrTEoynB28u9Ntm3Wkb2ie3/view?usp=drivesdk,,,,1762,RU_TSIRIBUSHEVO,Новгородський повіт / Новгородська провінція / Новгородська губернія,,,,,,
rec_686_r_1,,Ревізькі казки,r,1-а ревізія,,,https://drive.google.com/file/d/1qqzrmAL35P8i5I1Xrgy_skKZwUetM5h8/view?usp=drivesdk,,,,1719,RU_KRUTOVO,Новгородський повіт / Новгородська провінція / Санкт-Петербурзька губернія,,,,,,
rec_686_r_2,,Ревізькі казки,r,2-а ревізія,,,https://drive.google.com/file/d/1nKXOZH5e4Fbeyk0B8cF-BMaGKzaZaAag/view?usp=drivesdk,,,,27.06.1745,RU_LUKINO_T,Новгородський повіт / Новгородська провінція / Новгородська губернія,,,,,,
rec_686_r_4,,Ревізькі казки,r,4-а ревізія,,,https://drive.google.com/file/d/195raITnPr8BuLS9jWW1kgTsyvj8sf54x/view?usp=drivesdk,,https://www.familysearch.org/ark:/61903/3:1:33SQ-G11B-9SVY?wc=M6MV-6TL%3A224254401%2C226324801%2C226348801%26cc%3D1929530&lang=uk&i=523&cc=1929530&groupId=1929530,,03.1782,RU_LUKINO_T,Вишньоволоцький повіт / Тверське намісництво,Іван Никифорович Давидов,,,,,
rec_688_r_1,,Ревізькі казки,r,1-а ревізія,,,https://drive.google.com/file/d/1pwDaXXUQiaXMbQG7c-h26teVYSkK7OGz/view?usp=drivesdk,,,,1719,RU_GORKA_O,Новгородський повіт / Новгородська провінція / Санкт-Петербурзька губернія,,,,,,
rec_688_r_2,,Ревізькі казки,r,2-а ревізія,,,https://drive.google.com/file/d/1frHAC8cDdNK7Ty4-a_Tj3Lzv-VMrGRJZ/view?usp=drivesdk,,,,02.07.1745,RU_GORKA_O,Новгородський повіт / Новгородська провінція / Новгородська губернія,,,,,,
rec_688_r_4,,Ревізькі казки,r,4-а ревізія,,,https://drive.google.com/file/d/1DMp721dZBKiMpI7nGIEocg0Yz5ZO0EKT/view?usp=drivesdk,,https://www.familysearch.org/ark:/61903/3:1:33S7-811B-Y9Q?i=638&wc=M6MV-ZTG%3A224254401%2C226324801%2C226325701&cc=1929530&lang=en&groupId=1929530,,30.06.1782,RU_GORKA_O,Вишньоволоцький повіт / Тверське намісництво,,,,,,
rec_690_r_3,,Ревізькі казки,r,3-а ревізія,,,https://drive.google.com/file/d/1lcyaNOF9RkJDhaX6-jrV9gZF1hFpNLZf/view?usp=drivesdk,,,,12.06.1762,RU_MOSHKOVO,Новгородський повіт / Новгородська провінція / Новгородська губернія,,,,,,
rec_698_r_1,,Ревізькі казки,r,1-а ревізія,,,https://drive.google.com/file/d/1UOHg0p7wD4kVSzlT2xTXTX1lquAeVOa9/view?usp=drivesdk,,,,1724,RU_BUDILOVO,Новгородський повіт / Новгородська провінція / Санкт-Петербурзька губернія,,,,,,
rec_698_r_2,,Ревізькі казки,r,2-а ревізія,,,https://drive.google.com/file/d/1cyyfoXofXJ-BlnD2w9NC2mJzvs8NIjFQ/view?usp=drivesdk,,,,02.07.1745,RU_BUDILOVO,Новгородський повіт / Новгородська провінція / Новгородська губернія,,,,,,
rec_700_r_1,,Ревізькі казки,r,1-а ревізія,,,https://drive.google.com/file/d/1XTfbBmoe89L7hPylRcIe3uSv_K8mH1hD/view?usp=drivesdk,,,,1719,RU_GORBOVO,Новгородський повіт / Новгородська провінція / Санкт-Петербурзька губернія,,,,,,
rec_700_r_2,,Ревізькі казки,r,2-а ревізія,,,https://drive.google.com/file/d/1oHZFVrQHj0PgfdtE1IVXBk87ggdSfd1L/view?usp=drivesdk,,,,02.07.1745,RU_POCHINOK,Новгородський повіт / Новгородська провінція / Новгородська губернія,,,,,,
rec_700_r_4,,Ревізькі казки,r,4-а ревізія,,,https://drive.google.com/file/d/1BY2EmPBVqXoSsqom2ONcRGNkIZHl-ETE/view?usp=drivesdk,,https://www.familysearch.org/ark:/61903/3:1:33S7-811B-TGM?i=718&wc=M6MV-ZTG%3A224254401%2C226324801%2C226325701&cc=1929530&lang=en&groupId=1929530,,30.06.1782,RU_POCHINOK,Вишньоволоцький повіт / Тверське намісництво,,,,,,
rec_700_r_5,,Ревізькі казки,r,5-а ревізія,,,https://drive.google.com/file/d/1oDi8ceqxVlospXe87LjU5Sota9S8vCtj/view?usp=drivesdk,,https://www.familysearch.org/ark:/61903/3:1:3QS7-89MM-MVCL?i=720&wc=M6MV-N68%3A224254401%2C226324801%2C226421401&cc=1929530&lang=en&groupId=1929530,,26.06.1795,RU_POCHINOK,Вишньоволоцький повіт / Тверське намісництво,,,,,,
rec_701_r_4,,Ревізькі казки,r,4-а ревізія,,,https://drive.google.com/file/d/1BY2EmPBVqXoSsqom2ONcRGNkIZHl-ETE/view?usp=drivesdk,,https://www.familysearch.org/ark:/61903/3:1:33S7-811B-TGM?i=718&wc=M6MV-ZTG%3A224254401%2C226324801%2C226325701&cc=1929530&lang=en&groupId=1929530,,30.06.1782,RU_POCHINOK,Вишньоволоцький повіт / Тверське намісництво,,,,,,
rec_701_r_5,,Ревізькі казки,r,5-а ревізія,,,https://drive.google.com/file/d/1oDi8ceqxVlospXe87LjU5Sota9S8vCtj/view?usp=drivesdk,,https://www.familysearch.org/ark:/61903/3:1:3QS7-89MM-MVCL?i=720&wc=M6MV-N68%3A224254401%2C226324801%2C226421401&cc=1929530&lang=en&groupId=1929530,,26.06.1795,RU_POCHINOK,Вишньоволоцький повіт / Тверське намісництво,,,,,,
rec_702_r_1,,Ревізькі казки,r,1-а ревізія,,,https://drive.google.com/file/d/1x5uYbPRgw8GNscFRD52Zk1XX3AWSJROx/view?usp=drivesdk,,,,1721,RU_AVSEEVO,Новгородський повіт / Новгородська провінція / Санкт-Петербурзька губернія,,,,,,
rec_702_r_2,,Ревізькі казки,r,2-а ревізія,,,https://drive.google.com/file/d/1TswUkaYUwbefD8FTR4quEBQnEkzs3ChD/view?usp=drivesdk,,,,02.07.1745,RU_AVSEEVO,Новгородський повіт / Новгородська провінція / Новгородська губернія,,,,,,
rec_702_r_4,,Ревізькі казки,r,4-а ревізія,,,https://drive.google.com/file/d/1Bqg7dbWtPeBxNCP_H9waQ20uP6HKexWU/view?usp=drivesdk,,,,05.1782,RU_KHVALOVO,Вишньоволоцький повіт / Тверське намісництво,,,,,,
rec_702_r_5,,Ревізькі казки,r,5-а ревізія,,,https://drive.google.com/file/d/1w6-3dcGIfeNSOLIlN1_q9QOTTIekJvLa/view?usp=drive_link,,https://www.familysearch.org/ark:/61903/3:1:3QS7-89MM-MK2C?wc=M6MV-CPX%3A224254401%2C226273601%2C226273602%26cc%3D1929530&lang=uk&i=303&cc=1929530&groupId=1929530,,1795,RU_VYSHNIY_VOLOCHEK,Вишньоволоцький повіт / Тверське намісництво,,,,,,
rec_703_r_4,,Ревізькі казки,r,4-а ревізія,,,https://drive.google.com/file/d/1Bqg7dbWtPeBxNCP_H9waQ20uP6HKexWU/view?usp=drivesdk,,,,05.1782,RU_KHVALOVO,Вишньоволоцький повіт / Тверське намісництво,,,,,,
rec_720_r_1,,Ревізькі казки,r,1-а ревізія,,,https://drive.google.com/file/d/1MpGuwf0ojDTvDAbzGrsAeZb76WU1sb0K/view?usp=drivesdk,,,,1719,RU_ZYBUNOVO,Новгородський повіт / Новгородська провінція / Санкт-Петербурзька губернія,,,,,,
rec_722_r_1,,Ревізькі казки,r,1-а ревізія,,,https://drive.google.com/file/d/1RNNC6ZFrMD25HsThMymss-V0FYUt2Bzd/view?usp=drivesdk,,,,1719,RU_OLEKHNOVO,Новгородський повіт / Новгородська провінція / Санкт-Петербурзька губернія,,,,,,
rec_724_r_1,,Ревізькі казки,r,1-а ревізія,,,https://drive.google.com/file/d/1RNNC6ZFrMD25HsThMymss-V0FYUt2Bzd/view?usp=drivesdk,,,,1719,RU_OLEKHNOVO,Новгородський повіт / Новгородська провінція / Санкт-Петербурзька губернія,,,,,,
rec_724_r_2,,Ревізькі казки,r,2-а ревізія,,,https://drive.google.com/file/d/1wBTX8IJF43GP07rkef18CsoThLPaZk73/view?usp=drivesdk,,,,02.07.1745,RU_OLEKHNOVO,Новгородський повіт / Новгородська провінція / Новгородська губернія,,,,,,
rec_724_r_4,,Ревізькі казки,r,4-а ревізія,,,https://drive.google.com/file/d/1No17o7OTHAv9HTZbfXYWrubsN_rk4Y0x/view?usp=drivesdk,,https://www.familysearch.org/ark:/61903/3:1:33SQ-G11B-T6T?i=955&wc=M6MV-ZTG%3A224254401%2C226324801%2C226325701&cc=1929530&lang=en&groupId=1929530,,30.06.1782,RU_OLEKHNOVO,Вишньоволоцький повіт / Тверське намісництво,,,,,,
rec_725_r_4,,Ревізькі казки,r,4-а ревізія,,,https://drive.google.com/file/d/1No17o7OTHAv9HTZbfXYWrubsN_rk4Y0x/view?usp=drivesdk,,https://www.familysearch.org/ark:/61903/3:1:33SQ-G11B-T6T?i=955&wc=M6MV-ZTG%3A224254401%2C226324801%2C226325701&cc=1929530&lang=en&groupId=1929530,,30.06.1782,RU_OLEKHNOVO,Вишньоволоцький повіт / Тверське намісництво,,,,,,
rec_726_r_2,,Ревізькі казки,r,2-а ревізія,,,https://drive.google.com/file/d/1oYP2QYnov11_Izm-sH8FEQI7GYIm9LM0/view?usp=drivesdk,,,,02.07.1745,RU_PETROVO,Новгородський повіт / Новгородська провінція / Новгородська губернія,,,,,,
rec_726_r_4,,Ревізькі казки,r,4-а ревізія,,,https://drive.google.com/file/d/1Y2AGF9xoFcuDECsILrWhnn7RRo33lVFq/view?usp=drivesdk,,https://www.familysearch.org/ark:/61903/3:1:33SQ-G11B-TGN?i=911&wc=M6MV-ZTG%3A224254401%2C226324801%2C226325701&cc=1929530&lang=en&groupId=1929530,,30.06.1782,RU_PETROVO,Вишньоволоцький повіт / Тверське намісництво,,,,,,
rec_726_r_5,,Ревізькі казки,r,5-а ревізія,,,https://drive.google.com/file/d/1a9d05BBJp3tlXDEfMBmk29ReyDWAth_u/view?usp=drivesdk,,https://www.familysearch.org/ark:/61903/3:1:3QSQ-G9MM-MFY4?i=900&wc=M6MV-N68%3A224254401%2C226324801%2C226421401&cc=1929530&lang=en&groupId=1929530,,06.1795,RU_PETROVO,Вишньоволоцький повіт / Тверське намісництво,,,,,,
rec_727_r_4,,Ревізькі казки,r,4-а ревізія,,,https://drive.google.com/file/d/1Y2AGF9xoFcuDECsILrWhnn7RRo33lVFq/view?usp=drivesdk,,https://www.familysearch.org/ark:/61903/3:1:33SQ-G11B-TGN?i=911&wc=M6MV-ZTG%3A224254401%2C226324801%2C226325701&cc=1929530&lang=en&groupId=1929530,,30.06.1782,RU_PETROVO,Вишньоволоцький повіт / Тверське намісництво,,,,,,
rec_732_r_1,,Ревізькі казки,r,1-а ревізія,,,https://drive.google.com/file/d/1RNNC6ZFrMD25HsThMymss-V0FYUt2Bzd/view?usp=drivesdk,,,,1719,RU_OLEKHNOVO,Новгородський повіт / Новгородська провінція / Санкт-Петербурзька губернія,,,,,,
rec_734_r_1,,Ревізькі казки,r,1-а ревізія,,,https://drive.google.com/file/d/1hCYFHP3bTL_Wq9_1VIKTw3l6XMpFxrtn/view?usp=drivesdk,,,,1720,RU_YUKHOVO,Новгородський повіт / Новгородська провінція / Санкт-Петербурзька губернія,,,,,,
rec_734_r_2,,Ревізькі казки,r,2-а ревізія,,,https://drive.google.com/file/d/1w8btBZhY24hbTxHl23uy-b3Hwc9pS-xz/view?usp=drivesdk,,,,02.07.1745,RU_LUKINO_O,Новгородський повіт / Новгородська провінція / Новгородська губернія,,,,,,
rec_734_r_4,,Ревізькі казки,r,4-а ревізія,,,https://drive.google.com/file/d/1pUMndskHHQVspPzBzlabVfpx4gz5oVbj/view?usp=drivesdk,,https://www.familysearch.org/ark:/61903/3:1:33SQ-G11B-BNC?i=654&wc=M6MV-ZTG%3A224254401%2C226324801%2C226325701&cc=1929530&lang=en&groupId=1929530,,30.06.1782,RU_LUKINO_O,Вишньоволоцький повіт / Тверське намісництво,,,,,,
rec_735_r_4,,Ревізькі казки,r,4-а ревізія,,,https://drive.google.com/file/d/1pUMndskHHQVspPzBzlabVfpx4gz5oVbj/view?usp=drivesdk,,https://www.familysearch.org/ark:/61903/3:1:33SQ-G11B-BNC?i=654&wc=M6MV-ZTG%3A224254401%2C226324801%2C226325701&cc=1929530&lang=en&groupId=1929530,,30.06.1782,RU_LUKINO_O,Вишньоволоцький повіт / Тверське намісництво,,,,,,
rec_738_r_1,,Ревізькі казки,r,1-а ревізія,,,https://drive.google.com/file/d/12zEqEG8NUjeSGWvgiDcAnG13wDYrf04G/view?usp=drivesdk,,,,1719,RU_FEDOVO,Новгородський повіт / Новгородська провінція / Санкт-Петербурзька губернія,,,,,,
rec_738_r_2,,Ревізькі казки,r,2-а ревізія,,,https://drive.google.com/file/d/19I8v58MFHXMlqZIAoYZYPk2AWDjFFaqu/view?usp=drivesdk,,,,02.07.1745,RU_FEDOVO,Новгородський повіт / Новгородська провінція / Новгородська губернія,,,,,,
rec_738_r_4,,Ревізькі казки,r,4-а ревізія,,,https://drive.google.com/file/d/1z79IPbdcSzvMJmXIdsI-aC0ab5_zrkHl/view?usp=drivesdk,,https://www.familysearch.org/ark:/61903/3:1:33S7-811B-T5J?i=747&wc=M6MV-ZTG%3A224254401%2C226324801%2C226325701&cc=1929530&lang=en&groupId=1929530,,30.06.1782,RU_FEDOVO,Вишньоволоцький повіт / Тверське намісництво,,,,,,
rec_738_r_5,,Ревізькі казки,r,5-а ревізія,,,https://drive.google.com/file/d/1FFqTreVx2kh4Zxh_mSEDnv47vUek6rXq/view?usp=drivesdk,,https://www.familysearch.org/ark:/61903/3:1:3QS7-L9MM-MJ2Y?i=748&wc=M6MV-N68%3A224254401%2C226324801%2C226421401&cc=1929530&lang=en&groupId=1929530,,29.06.1795,RU_FEDOVO,Вишньоволоцький повіт / Тверське намісництво,,,,,,
rec_739_r_4,,Ревізькі казки,r,4-а ревізія,,,https://drive.google.com/file/d/1z79IPbdcSzvMJmXIdsI-aC0ab5_zrkHl/view?usp=drivesdk,,https://www.familysearch.org/ark:/61903/3:1:33S7-811B-T5J?i=747&wc=M6MV-ZTG%3A224254401%2C226324801%2C226325701&cc=1929530&lang=en&groupId=1929530,,30.06.1782,RU_FEDOVO,Вишньоволоцький повіт / Тверське намісництво,,,,,,
rec_739_r_5,,Ревізькі казки,r,5-а ревізія,,,https://drive.google.com/file/d/1FFqTreVx2kh4Zxh_mSEDnv47vUek6rXq/view?usp=drivesdk,,https://www.familysearch.org/ark:/61903/3:1:3QS7-L9MM-MJ2Y?i=748&wc=M6MV-N68%3A224254401%2C226324801%2C226421401&cc=1929530&lang=en&groupId=1929530,,29.06.1795,RU_FEDOVO,Вишньоволоцький повіт / Тверське намісництво,,,,,,
rec_740_r_1,,Ревізькі казки,r,1-а ревізія,,,https://drive.google.com/file/d/1m7YpBPB0qJyfvz018Uqc30OPxpoUS45f/view?usp=drivesdk,,,,1720,RU_SELTSY,Новгородський повіт / Новгородська провінція / Санкт-Петербурзька губернія,,,,,,
rec_740_r_2,,Ревізькі казки,r,2-а ревізія,,,https://drive.google.com/file/d/17FlW9tdQK9Hsa45JsWhkBcIi-m14VHSC/view?usp=drivesdk,,,,02.07.1745,RU_PENKOVO,Новгородський повіт / Новгородська провінція / Новгородська губернія,,,,,,
rec_740_r_4,,Ревізькі казки,r,4-а ревізія,,,https://drive.google.com/file/d/13s-NmO-E4s7i84whDNAsyO0M3iT7qaj7/view?usp=drivesdk,,https://www.familysearch.org/ark:/61903/3:1:33S7-811B-RD8?i=936&wc=M6MV-ZTG%3A224254401%2C226324801%2C226325701&cc=1929530&lang=en&groupId=1929530,,30.06.1782,RU_PENKOVO,Вишньоволоцький повіт / Тверське намісництво,,,,,,
rec_741_r_4,,Ревізькі казки,r,4-а ревізія,,,https://drive.google.com/file/d/13s-NmO-E4s7i84whDNAsyO0M3iT7qaj7/view?usp=drivesdk,,https://www.familysearch.org/ark:/61903/3:1:33S7-811B-RD8?i=936&wc=M6MV-ZTG%3A224254401%2C226324801%2C226325701&cc=1929530&lang=en&groupId=1929530,,30.06.1782,RU_PENKOVO,Вишньоволоцький повіт / Тверське намісництво,,,,,,
rec_741_r_5,,Ревізькі казки,r,5-а ревізія,,,https://drive.google.com/file/d/1Jf-P4nyV4JltB0rfn3NcyMHGlMhih-js/view?usp=drivesdk,,https://www.familysearch.org/ark:/61903/3:1:3QS7-89MM-MJF4?i=934&wc=M6MV-N68%3A224254401%2C226324801%2C226421401&cc=1929530&lang=en&groupId=1929530,,26.06.1795,RU_PENKOVO,Вишньоволоцький повіт / Тверське намісництво,,,,,,
rec_742_r_1,,Ревізькі казки,r,1-а ревізія,,,https://drive.google.com/file/d/1UOHg0p7wD4kVSzlT2xTXTX1lquAeVOa9/view?usp=drivesdk,,,,1719,RU_BELAVINO,Новгородський повіт / Новгородська провінція / Санкт-Петербурзька губернія,,,,,,
rec_742_r_2,,Ревізькі казки,r,2-а ревізія,,,https://drive.google.com/file/d/1QT9A3xtaHUGi6n7Vgcun34wPCxVFA9S1/view?usp=drivesdk,,,,02.07.1745,RU_BELAVINO,Новгородський повіт / Новгородська провінція / Новгородська губернія,,,,,,
rec_742_r_4,,Ревізькі казки,r,4-а ревізія,,,https://drive.google.com/file/d/1ei4xBZgQuZku4OVqfrsOYaqQX4vx90AU/view?usp=drivesdk,,https://www.familysearch.org/ark:/61903/3:1:33S7-L11B-BST?i=788&wc=M6MV-ZTG%3A224254401%2C226324801%2C226325701&cc=1929530&lang=en&groupId=1929530,,30.06.1782,RU_BELAVINO,Вишньоволоцький повіт / Тверське намісництво,,,,,,
rec_743_r_4,,Ревізькі казки,r,4-а ревізія,,,https://drive.google.com/file/d/1ei4xBZgQuZku4OVqfrsOYaqQX4vx90AU/view?usp=drivesdk,,https://www.familysearch.org/ark:/61903/3:1:33S7-L11B-BST?i=788&wc=M6MV-ZTG%3A224254401%2C226324801%2C226325701&cc=1929530&lang=en&groupId=1929530,,30.06.1782,RU_BELAVINO,Вишньоволоцький повіт / Тверське намісництво,,,,,,
rec_744_r_1,,Ревізькі казки,r,1-а ревізія,,,https://drive.google.com/file/d/1roQlfodE2XY2w_eFxRJr9fLD0MQ6477I/view?usp=drivesdk,,,,1719,RU_SKOBLEVO,Новгородський повіт / Новгородська провінція / Санкт-Петербурзька губернія,,,,,,
rec_744_r_2,,Ревізькі казки,r,2-а ревізія,,,https://drive.google.com/file/d/1trEDrCT0Qgq639ItsJb4frGwpmU6fhr1/view?usp=drivesdk,,,,02.07.1745,RU_SKOBLEVO,Новгородський повіт / Новгородська провінція / Новгородська губернія,,,,,,
rec_744_r_4,,Ревізькі казки,r,4-а ревізія,,,https://drive.google.com/file/d/1Jt_oXXM4JfhD2Tp5USwv1B_kudthz2mj/view?usp=drivesdk,,https://www.familysearch.org/ark:/61903/3:1:33S7-811B-RDS?i=934&wc=M6MV-ZTG%3A224254401%2C226324801%2C226325701&cc=1929530&lang=en&groupId=1929530,,30.06.1782,RU_ZYBUNOVO,Вишньоволоцький повіт / Тверське намісництво,,,,,,
rec_744_r_5,,Ревізькі казки,r,5-а ревізія,,,https://drive.google.com/file/d/1elznc5zxTA-1tVoEiwes5hdBzoEiIBTa/view?usp=drivesdk,,https://www.familysearch.org/ark:/61903/3:1:3QSQ-G9MM-MFRX?i=929&wc=M6MV-N68%3A224254401%2C226324801%2C226421401&cc=1929530&lang=en&groupId=1929530,,06.1795,RU_ZYBUNOVO,Двірцева Осеченська Карельська волость / Вишньоволоцький повіт / Тверське намісництво,Двірцеве відомство,,,,,
rec_745_r_4,,Ревізькі казки,r,4-а ревізія,,,https://drive.google.com/file/d/1Jt_oXXM4JfhD2Tp5USwv1B_kudthz2mj/view?usp=drivesdk,,https://www.familysearch.org/ark:/61903/3:1:33S7-811B-RDS?i=934&wc=M6MV-ZTG%3A224254401%2C226324801%2C226325701&cc=1929530&lang=en&groupId=1929530,,30.06.1782,RU_ZYBUNOVO,Вишньоволоцький повіт / Тверське намісництво,,,,,,
rec_745_r_5,,Ревізькі казки,r,5-а ревізія,,,https://drive.google.com/file/d/1elznc5zxTA-1tVoEiwes5hdBzoEiIBTa/view?usp=drivesdk,,https://www.familysearch.org/ark:/61903/3:1:3QSQ-G9MM-MFRX?i=929&wc=M6MV-N68%3A224254401%2C226324801%2C226421401&cc=1929530&lang=en&groupId=1929530,,06.1795,RU_ZYBUNOVO,Двірцева Осеченська Карельська волость / Вишньоволоцький повіт / Тверське намісництво,Двірцеве відомство,,,,,
rec_746_r_1,,Ревізькі казки,r,1-а ревізія,,,https://drive.google.com/file/d/1TRXoE57axXpt7m7D7w2NA9SgbzyIGej2/view?usp=drivesdk,,,,1723,RU_LINDINO,Новгородський повіт / Новгородська провінція / Санкт-Петербурзька губернія,,,,,,
rec_746_r_2,,Ревізькі казки,r,2-а ревізія,,,https://drive.google.com/file/d/1TiyLNowlrRL1-rbSTaJeoMogDcA-QljO/view?usp=drivesdk,,,,17.07.1745,RU_LINDINO,Новгородський повіт / Новгородська провінція / Новгородська губернія,,,,,,
rec_747_r_4,,Ревізькі казки,r,4-а ревізія,,,https://drive.google.com/file/d/1fuf4UrCzMzF2v3I73CEOledoqceqQMFs/view?usp=drivesdk,,https://www.familysearch.org/ark:/61903/3:1:33SQ-G11B-984Z?i=204&cc=1929530&cat=784335&lang=en&groupId=1929530,,06.1782,RU_LINDINO,Двірцева Козловська волость / Вишньоволоцький повіт / Тверське намісництво,Двірцеве відомство,,,,,
rec_748_r_1,,Ревізькі казки,r,1-а ревізія,,,https://drive.google.com/file/d/1XTfbBmoe89L7hPylRcIe3uSv_K8mH1hD/view?usp=drivesdk,,,,1719,RU_GORBOVO,Новгородський повіт / Новгородська провінція / Санкт-Петербурзька губернія,,,,,,
rec_750_r_1,,Ревізькі казки,r,1-а ревізія,,,https://drive.google.com/file/d/1-FsJvjGB2L9n73yzeYp1IW52flNdCPc_/view?usp=drivesdk,,,,1719,RU_FILATIKHA,Новгородський повіт / Новгородська провінція / Санкт-Петербурзька губернія,Федір Матвійович Кутузов,,,,,
rec_750_r_2,,Ревізькі казки,r,2-а ревізія,,,https://drive.google.com/file/d/1Q0_h8j9-CYPPVXKSj_lR1clu9LXcBqwH/view?usp=drivesdk,,,,03.07.1745,RU_FILATIKHA,Новгородський повіт / Новгородська провінція / Новгородська губернія,Михайло Федорович Кутузов,,,,,
rec_750_r_4,,Ревізькі казки,r,4-а ревізія,,,https://drive.google.com/file/d/19MaiCJJeb9Kp03fXB0pm1gcB1XbkHiVy/view?usp=drive_link,,https://www.familysearch.org/ark:/61903/3:1:33S7-811B-93NZ?i=1240&wc=M6MV-ZTG%3A224254401%2C226324801%2C226325701&cc=1929530&lang=uk&groupId=1929530,,24.06.1782,RU_FILATIKHA,Вишньоволоцький повіт / Тверське намісництво,Сергій Петрович Лопухін,,,,,
rec_752_r_1,,Ревізькі казки,r,1-а ревізія,,,https://drive.google.com/file/d/1vbLtR1XLw2vJXl6eyVMwRfPJj-wsidD9/view?usp=drivesdk,,,,1719,RU_RUSSKAYA_GORA,Новгородський повіт / Новгородська провінція / Санкт-Петербурзька губернія,,,,,,
rec_752_r_2,,Ревізькі казки,r,2-а ревізія,,,https://drive.google.com/file/d/1fxoyzfqmoUiqWvpMvwwdT2dEoODDKb3L/view?usp=drivesdk,,,,03.07.1745,RU_RUSSKAYA_GORA,Новгородський повіт / Новгородська провінція / Новгородська губернія,,,,,,
rec_753_r_4,,Ревізькі казки,r,4-а ревізія,,,https://drive.google.com/file/d/1mPMq2xQBY7U6463ch1Vg3ZTrCKTelaLk/view?usp=drivesdk,,https://www.familysearch.org/ark:/61903/3:1:33S7-L11B-TTJ?i=988&wc=M6MV-ZTG%3A224254401%2C226324801%2C226325701&cc=1929530&lang=en&groupId=1929530,,30.06.1782,RU_RUSSKAYA_GORA,Вишньоволоцький повіт / Тверське намісництво,,,,,,
rec_754_r_2,,Ревізькі казки,r,2-а ревізія,,,https://drive.google.com/file/d/1Q0_h8j9-CYPPVXKSj_lR1clu9LXcBqwH/view?usp=drivesdk,,,,03.07.1745,RU_ZARECHYE,Новгородський повіт / Новгородська провінція / Новгородська губернія,,,,,,
rec_754_r_4,,Ревізькі казки,r,4-а ревізія,,,https://drive.google.com/file/d/1lu9vNf68MerX2ni3aT3XUN1lwlu0Pa0Y/view?usp=drivesdk,,https://www.familysearch.org/ark:/61903/3:1:33SQ-G11B-9S88?i=1043&wc=M6MV-ZTG%3A224254401%2C226324801%2C226325701&cc=1929530&lang=en&groupId=1929530,,30.06.1782,RU_ZARECHYE,Вишньоволоцький повіт / Тверське намісництво,,,,,,
rec_755_r_4,,Ревізькі казки,r,4-а ревізія,,,https://drive.google.com/file/d/1lu9vNf68MerX2ni3aT3XUN1lwlu0Pa0Y/view?usp=drivesdk,,https://www.familysearch.org/ark:/61903/3:1:33SQ-G11B-9S88?i=1043&wc=M6MV-ZTG%3A224254401%2C226324801%2C226325701&cc=1929530&lang=en&groupId=1929530,,30.06.1782,RU_ZARECHYE,Вишньоволоцький повіт / Тверське намісництво,,,,,,
rec_760_r_1,,Ревізькі казки,r,1-а ревізія,,,https://drive.google.com/file/d/1vbLtR1XLw2vJXl6eyVMwRfPJj-wsidD9/view?usp=drivesdk,,,,1719,RU_RUSSKAYA_GORA,Новгородський повіт / Новгородська провінція / Санкт-Петербурзька губернія,,,,,,
rec_760_r_2,,Ревізькі казки,r,2-а ревізія,,,https://drive.google.com/file/d/1bSGJlC2mAFE0YWWkZf0pWYI-AJqxJGsP/view?usp=drivesdk,,,,03.07.1745,RU_RUSSKAYA_GORA,Новгородський повіт / Новгородська провінція / Новгородська губернія,,,,,,
rec_760_r_4-1,,Ревізькі казки,r,4-а ревізія,,,https://drive.google.com/file/d/1hJa2G_HZwCxN1U-52mKALziCyKIVdfnY/view?usp=drivesdk,,https://www.familysearch.org/ark:/61903/3:1:33S7-811B-55R?i=983&wc=M6MV-ZTG%3A224254401%2C226324801%2C226325701&cc=1929530&lang=en&groupId=1929530,,30.06.1782,RU_RUSSKAYA_GORA,Вишньоволоцький повіт / Тверське намісництво,,,,,,
rec_760_r_4-2,,Ревізькі казки,r,4-а ревізія,,,https://drive.google.com/file/d/11nJF0WklfQzNF47mrf5dOH9UsWxkkd2b/view?usp=drive_link,,https://www.familysearch.org/ark:/61903/3:1:33S7-L11B-9WKV?i=1083&wc=M6MV-ZTG%3A224254401%2C226324801%2C226325701&cc=1929530&lang=uk&groupId=1929530,,30.06.1782,RU_VOLKOVO,Вишньоволоцький повіт / Тверське намісництво,,,,,,
rec_760_r_5,,Ревізькі казки,r,5-а ревізія,,,https://drive.google.com/file/d/1La7BflWMVHTntrMv-Tg2PvKz4aOAIghV/view?usp=drive_link,,https://www.familysearch.org/ark:/61903/3:1:3QS7-89MM-MVRN?i=621&wc=M6MV-N68%3A224254401%2C226324801%2C226421401&cc=1929530&lang=uk&groupId=1929530,,26.06.1795,RU_VOLKOVO,Вишньоволоцький повіт / Тверське намісництво,,,,,,
rec_761_r_4-1,,Ревізькі казки,r,4-а ревізія,,,https://drive.google.com/file/d/1hJa2G_HZwCxN1U-52mKALziCyKIVdfnY/view?usp=drivesdk,,https://www.familysearch.org/ark:/61903/3:1:33S7-811B-55R?i=983&wc=M6MV-ZTG%3A224254401%2C226324801%2C226325701&cc=1929530&lang=en&groupId=1929530,,30.06.1782,RU_RUSSKAYA_GORA,Вишньоволоцький повіт / Тверське намісництво,,,,,,
rec_761_r_4-2,,Ревізькі казки,r,4-а ревізія,,,https://drive.google.com/file/d/11nJF0WklfQzNF47mrf5dOH9UsWxkkd2b/view?usp=drive_link,,https://www.familysearch.org/ark:/61903/3:1:33S7-L11B-9WKV?i=1083&wc=M6MV-ZTG%3A224254401%2C226324801%2C226325701&cc=1929530&lang=uk&groupId=1929530,,30.06.1782,RU_VOLKOVO,Вишньоволоцький повіт / Тверське намісництво,,,,,,
rec_761_r_5,,Ревізькі казки,r,5-а ревізія,,,https://drive.google.com/file/d/1La7BflWMVHTntrMv-Tg2PvKz4aOAIghV/view?usp=drive_link,,https://www.familysearch.org/ark:/61903/3:1:3QS7-89MM-MVRN?i=621&wc=M6MV-N68%3A224254401%2C226324801%2C226421401&cc=1929530&lang=uk&groupId=1929530,,26.06.1795,RU_VOLKOVO,Вишньоволоцький повіт / Тверське намісництво,,,,,,
rec_762_r_1,,Ревізькі казки,r,1-а ревізія,,,https://drive.google.com/file/d/16mU-7onkfhJfJsb3rUsnsuzIMxZE-_LM/view?usp=drivesdk,,,,1719,RU_MAZOVO,Новгородський повіт / Новгородська провінція / Санкт-Петербурзька губернія,Михайло Якович Ушаков,,,,,
rec_762_r_2,,Ревізькі казки,r,2-а ревізія,,,https://drive.google.com/file/d/1EuKfd--jrwdxFF-K55rbly464jBthv_Q/view?usp=drivesdk,,,,03.07.1745,RU_MAZOVO,Новгородський повіт / Новгородська провінція / Новгородська губернія,Феодосія Іванівна Мельницька,,,,,
rec_766_r_2,,Ревізькі казки,r,2-а ревізія,,,https://drive.google.com/file/d/14-2GeolL902UtjICgwVUXUUZ6ItqaRRC/view?usp=drivesdk,,,,26.06.1746,RU_PODMONASTYRSKAYA_SLOBODKA,Новгородський повіт / Новгородська провінція / Новгородська губернія,,,,,,
rec_1040_r_1,,Ревізькі казки,r,1-а ревізія,,,https://drive.google.com/file/d/1hR51fvx1G9OVqJ46qSqhoogIijuAonUe/view?usp=drivesdk,,,,1719,RU_DVORISHCHE,Новгородський повіт / Новгородська провінція / Санкт-Петербурзька губернія,,,,,,
rec_1044_r_1,,Ревізькі казки,r,1-а ревізія,,,https://drive.google.com/file/d/1xxWyHbtfgwN94okK5ffv6A-owaKRcLZB/view?usp=drivesdk,,,,1719,RU_TOLMACHI,Новгородський повіт / Новгородська провінція / Санкт-Петербурзька губернія,,,,,,
rec_1064_r_1,,Ревізькі казки,r,1-а ревізія,,,https://drive.google.com/file/d/1_9LKJMQ4Ar_6f0f5SkFQx7Z8xCMynBvW/view?usp=drivesdk,,,,1719,RU_VOROBYEVO,Новгородський повіт / Новгородська провінція / Санкт-Петербурзька губернія,,,,,,
rec_1170_r_2,,Ревізькі казки,r,2-а ревізія,,,https://drive.google.com/file/d/1atBPUFL2n8ThDnfvlO0vY7Ducnx_ua_K/view?usp=drivesdk,,,,17.07.1745,RU_PASYNKI,Новгородський повіт / Новгородська провінція / Новгородська губернія,,,,,,
rec_1176_r_1,,Ревізькі казки,r,1-а ревізія,,,https://drive.google.com/file/d/1QgtoTBTIoQj0wh5-ejAg8OO62rgq0Jta/view?usp=drivesdk,,,,1719,RU_TIMOSHKINO,Новгородський повіт / Новгородська провінція / Санкт-Петербурзька губернія,,,,,,
rec_1180_r_1,,Ревізькі казки,r,1-а ревізія,,,https://drive.google.com/file/d/1GoSnfgjAl-bmWdJgxDKwQkg6U3mPzbYB/view?usp=drivesdk,,,,1719,RU_ZASEKA,Новгородський повіт / Новгородська провінція / Санкт-Петербурзька губернія,,,,,,
rec_1192_r_1,,Ревізькі казки,r,1-а ревізія,,,https://drive.google.com/file/d/1TRXoE57axXpt7m7D7w2NA9SgbzyIGej2/view?usp=drivesdk,,,,1723,RU_LINDINO,Новгородський повіт / Новгородська провінція / Санкт-Петербурзька губернія,,,,,,
rec_1204_r_1,,Ревізькі казки,r,1-а ревізія,,,https://drive.google.com/file/d/1QgtoTBTIoQj0wh5-ejAg8OO62rgq0Jta/view?usp=drivesdk,,,,1719,RU_TIMOSHKINO,Новгородський повіт / Новгородська провінція / Санкт-Петербурзька губернія,,,,,,
rec_1208_r_1,,Ревізькі казки,r,1-а ревізія,,,https://drive.google.com/file/d/13w8vo1AkkL8Yf1mC0zyc-u8B6zf2NTim/view?usp=drivesdk,,,,1719,RU_SVINARIKHA,Новгородський повіт / Новгородська провінція / Санкт-Петербурзька губернія,,,,,,
rec_1280_r_1,,Ревізькі казки,r,1-а ревізія,,,https://drive.google.com/file/d/1M5iXYKrqK1TjcYRye-VBy8LyZKYBOBxW/view?usp=drivesdk,,,,1719,RU_DOMOSLAVL,Новгородський повіт / Новгородська провінція / Санкт-Петербурзька губернія,,,,,,
rec_1280_r_2,,Ревізькі казки,r,2-а ревізія,,,https://drive.google.com/file/d/1kugizdxoo4gsm2uqQ9oNmHrBKCYUKcGM/view?usp=drivesdk,,,,25.06.1745,RU_DOMOSLAVL,Новгородський повіт / Новгородська провінція / Новгородська губернія,,,,,,
rec_1280_r_3,,Ревізькі казки,r,3-а ревізія,,,https://drive.google.com/file/d/1nOpfTq9bd4xdY85DUuKodHvbBVkcs6GK/view?usp=drivesdk,,,,1762,RU_DOMOSLAVL,Новгородський повіт / Новгородська провінція / Новгородська губернія,,,,,,
rec_1280_r_4,,Ревізькі казки,r,4-а ревізія,,,https://drive.google.com/file/d/1qaJlKLKabhEdFhLAiyAEMh1r3Ii6ktfO/view?usp=drivesdk,,,,1782,RU_DOMOSLAVL,Вишньоволоцький повіт / Тверське намісництво,,,,,,
rec_1282_r_1,,Ревізькі казки,r,1-а ревізія,,,https://drive.google.com/file/d/18BzaKOBXOUSOmaM9mV4SIsmr6pniCkvL/view?usp=drivesdk,,,,1719,RU_TSIRIBUSHEVO,Новгородський повіт / Новгородська провінція / Санкт-Петербурзька губернія,,,,,,
rec_1284_r_1,,Ревізькі казки,r,1-а ревізія,,,https://drive.google.com/file/d/1EsNWiXE0fgw6HMKLB5t7udKAioCBAeFu/view?usp=drivesdk,,,,1719,RU_DOMOSLAVL,Новгородський повіт / Новгородська провінція / Санкт-Петербурзька губернія,,,,,,
rec_1284_r_2,,Ревізькі казки,r,2-а ревізія,,,https://drive.google.com/file/d/18-cWliWhiRxKPiItR3DYefEbPgL5DpPm/view?usp=drivesdk,,,,25.06.1745,RU_DOMOSLAVL,Новгородський повіт / Новгородська провінція / Новгородська губернія,,,,,,
rec_1284_r_3,,Ревізькі казки,r,3-а ревізія,,,https://drive.google.com/file/d/1tH7o2Zm5gzuf3Y7GBbeLi7HKfApMFmRf/view?usp=drivesdk,,,,1762,RU_DOMOSLAVL,Новгородський повіт / Новгородська провінція / Новгородська губернія,,,,,,
rec_1284_r_4,,Ревізькі казки,r,4-а ревізія,,,https://drive.google.com/file/d/1AGTaXVDUkkIMea3DPVRCFZpe7V0y3phG/view?usp=drivesdk,,,,1782,RU_DOMOSLAVL,Вишньоволоцький повіт / Тверське намісництво,,,,,,
rec_1285_r_3,,Ревізькі казки,r,3-а ревізія,,,https://drive.google.com/file/d/1tH7o2Zm5gzuf3Y7GBbeLi7HKfApMFmRf/view?usp=drivesdk,,,,1762,RU_DOMOSLAVL,Новгородський повіт / Новгородська провінція / Новгородська губернія,,,,,,
rec_1285_r_4,,Ревізькі казки,r,4-а ревізія,,,https://drive.google.com/file/d/1AGTaXVDUkkIMea3DPVRCFZpe7V0y3phG/view?usp=drivesdk,,,,1782,RU_DOMOSLAVL,Вишньоволоцький повіт / Тверське намісництво,,,,,,
rec_1286_r_1,,Ревізькі казки,r,1-а ревізія,,,https://drive.google.com/file/d/177n6U6rrIVxzJx4bxBFBBvOfaghBgyGo/view?usp=drivesdk,,,,1719,RU_DOBRETSOVO,Новгородський повіт / Новгородська провінція / Санкт-Петербурзька губернія,Юр'їв монастир,,,,,
rec_1286_r_2,,Ревізькі казки,r,2-а ревізія,,,https://drive.google.com/file/d/1bQmCmFBjz3JOIS-EFYW57RAX4JTvTmd3/view?usp=drivesdk,,,,25.06.1745,RU_DOBRETSOVO,Новгородський повіт / Новгородська провінція / Новгородська губернія,,,,,,
rec_1286_r_3,,Ревізькі казки,r,3-а ревізія,,,https://drive.google.com/file/d/1jJBs5PYNexqHsk6neM2SP1JsJIBiUHj4/view?usp=drivesdk,,,,1762,RU_DOMOSLAVL,Новгородський повіт / Новгородська провінція / Новгородська губернія,,,,,,
rec_1296_r_1,,Ревізькі казки,r,1-а ревізія,,,https://drive.google.com/file/d/1EsNWiXE0fgw6HMKLB5t7udKAioCBAeFu/view?usp=drivesdk,,,,1719,RU_DOMOSLAVL,Новгородський повіт / Новгородська провінція / Санкт-Петербурзька губернія,,,,,,
rec_1297_r_3,,Ревізькі казки,r,3-а ревізія,,,https://drive.google.com/file/d/1fRP3Xq_xdE3vCYyCHSGQ_IIcVZcDUbyQ/view?usp=drivesdk,,,,1762,RU_DOMOSLAVL,Новгородський повіт / Новгородська провінція / Новгородська губернія,,,,,,
rec_1297_r_3,,Ревізькі казки,r,3-а ревізія,,,https://drive.google.com/file/d/1fRP3Xq_xdE3vCYyCHSGQ_IIcVZcDUbyQ/view?usp=drivesdk,,,,1762,RU_DOMOSLAVL,Новгородський повіт / Новгородська провінція / Новгородська губернія,,,,,,
rec_1297_r_4,,Ревізькі казки,r,4-а ревізія,,,https://drive.google.com/file/d/1SHcb9EeYlz8d4YFEWVdNB4grCC8OzNKQ/view?usp=drivesdk,,,,1782,RU_DOMOSLAVL,Вишньоволоцький повіт / Тверське намісництво,,,,,,
rec_1298_r_1,,Ревізькі казки,r,1-а ревізія,,,https://drive.google.com/file/d/1tVByUIqMG1E0u4pNGNM7cTGRy4pBNG77/view?usp=drivesdk,,,,1720,RU_SPIROVO,Новгородський повіт / Новгородська провінція / Санкт-Петербурзька губернія,,,,,,
rec_1298_r_2,,Ревізькі казки,r,2-а ревізія,,,https://drive.google.com/file/d/1hUO4Bp8wu6QIKMESxS358L3xDZYZA6KX/view?usp=drivesdk,,,,25.06.1745,RU_LADENKOVO,Новгородський повіт / Новгородська провінція / Новгородська губернія,,,,,,
rec_1298_r_3,,Ревізькі казки,r,3-а ревізія,,,https://drive.google.com/file/d/1efguhCYxK5-7LGo_HGm4UQHKR7YgRIBk/view?usp=drivesdk,,,,1762,RU_LADENKOVO,Новгородський повіт / Новгородська провінція / Новгородська губернія,,,,,,
rec_1302_r_1,,Ревізькі казки,r,1-а ревізія,,,https://drive.google.com/file/d/1EsNWiXE0fgw6HMKLB5t7udKAioCBAeFu/view?usp=drivesdk,,,,1719,RU_DOMOSLAVL,Новгородський повіт / Новгородська провінція / Санкт-Петербурзька губернія,,,,,,
rec_1302_r_2,,Ревізькі казки,r,2-а ревізія,,,https://drive.google.com/file/d/1N10sBls9zl7_cOWJZlWs7-VU4citL6pC/view?usp=drivesdk,,,,25.06.1745,RU_YAKOVTSEVO,Новгородський повіт / Новгородська провінція / Новгородська губернія,,,,,,
rec_1302_r_3,,Ревізькі казки,r,3-а ревізія,,,https://drive.google.com/file/d/1aQALiFhgsC9WsBE_Ho8Jqc7N1szE2Vbn/view?usp=drivesdk,,,,1762,RU_YAKOVTSEVO,Новгородський повіт / Новгородська провінція / Новгородська губернія,,,,,,
rec_1302_r_4,,Ревізькі казки,r,4-а ревізія,,,https://drive.google.com/file/d/10MjTNrqdArelPRrMwwHH0UwX0GimvH86/view?usp=drivesdk,,,,1782,RU_YAKOVTSEVO,Вишньоволоцький повіт / Тверське намісництво,,,,,,
rec_1304_r_1,,Ревізькі казки,r,1-а ревізія,,,https://drive.google.com/file/d/1O2-wo9Jw9oNPIEvuOFRy4fZc5-puJHcd/view?usp=drivesdk,,,,1719,RU_TSIRIBUSHEVO,Новгородський повіт / Новгородська провінція / Санкт-Петербурзька губернія,,,,,,
rec_1306_r_1,,Ревізькі казки,r,1-а ревізія,,,https://drive.google.com/file/d/18BzaKOBXOUSOmaM9mV4SIsmr6pniCkvL/view?usp=drivesdk,,,,1719,RU_TSIRIBUSHEVO,Новгородський повіт / Новгородська провінція / Санкт-Петербурзька губернія,,,,,,
rec_1306_r_2,,Ревізькі казки,r,2-а ревізія,,,https://drive.google.com/file/d/1DOsKDdn1h-wve97xkZO9O-xH26L_E0MC/view?usp=drive_link,,,,25.06.1745,RU_TSIRIBUSHEVO,Новгородський повіт / Новгородська провінція / Новгородська губернія,,,,,,
rec_1306_r_3,,Ревізькі казки,r,3-а ревізія,,,https://drive.google.com/file/d/1l7YTdgs6hvNbkq0dxjJ8ADaQZRRukt0E/view?usp=drive_link,,,,1762,RU_TSIRIBUSHEVO,Новгородський повіт / Новгородська провінція / Новгородська губернія,,,,,,
rec_1306_r_4,,Ревізькі казки,r,4-а ревізія,,,https://drive.google.com/file/d/10rJViFJCyTvWm-f8o_3WqJwkT_30o8OC/view?usp=drivesdk,,,,1782,RU_TSIRIBUSHEVO,Вишньоволоцький повіт / Тверське намісництво,,,,,,
rec_1307_r_4,,Ревізькі казки,r,4-а ревізія,,,https://drive.google.com/file/d/10rJViFJCyTvWm-f8o_3WqJwkT_30o8OC/view?usp=drivesdk,,,,1782,RU_TSIRIBUSHEVO,Вишньоволоцький повіт / Тверське намісництво,,,,,,
rec_1307_r_5,,Ревізькі казки,r,5-а ревізія,,,https://drive.google.com/file/d/1hzdx4wmUv9aK3Orv6brJosrfBJFhTjyf/view?usp=drivesdk,,https://www.familysearch.org/ark:/61903/3:1:3QS7-89MM-M6Q4?i=19&wc=M6MV-N38%3A224254401%2C226324801%2C226412901&cc=1929530&lang=en&groupId=1929530,,23.06.1795,RU_TSIRIBUSHEVO,Вишньоволоцький повіт / Тверське намісництво,,,,,,
rec_1308_r_1,,Ревізькі казки,r,1-а ревізія,,,https://drive.google.com/file/d/177n6U6rrIVxzJx4bxBFBBvOfaghBgyGo/view?usp=drivesdk,,,,1719,RU_DOBRETSOVO,Новгородський повіт / Новгородська провінція / Санкт-Петербурзька губернія,Юр'їв монастир,,,,,
rec_1308_r_2,,Ревізькі казки,r,2-а ревізія,,,https://drive.google.com/file/d/1bQmCmFBjz3JOIS-EFYW57RAX4JTvTmd3/view?usp=drivesdk,,,,25.06.1745,RU_DOBRETSOVO,Новгородський повіт / Новгородська провінція / Новгородська губернія,,,,,,
rec_1308_r_3,,Ревізькі казки,r,3-а ревізія,,,https://drive.google.com/file/d/1jJBs5PYNexqHsk6neM2SP1JsJIBiUHj4/view?usp=drivesdk,,,,1762,RU_DOBRETSOVO,Новгородський повіт / Новгородська провінція / Новгородська губернія,,,,,,
rec_1310_r_3,,Ревізькі казки,r,3-а ревізія,,,https://drive.google.com/file/d/1d7mw3I-ijYacSl30ksrgZgvGJPu-crGz/view?usp=drivesdk,,,,06.1762,RU_VYDROPUZHSK,Новгородський повіт / Новгородська провінція / Новгородська губернія,,,,,,
rec_1316_r_1,,Ревізькі казки,r,1-а ревізія,,,https://drive.google.com/file/d/1RNNC6ZFrMD25HsThMymss-V0FYUt2Bzd/view?usp=drivesdk,,,,1719,RU_OLEKHNOVO,Новгородський повіт / Новгородська провінція / Санкт-Петербурзька губернія,,,,,,
rec_1326_r_2,,Ревізькі казки,r,2-а ревізія,,,https://drive.google.com/file/d/1GRdddLioP9eYrqZDBW4kYnadfq1Zrc68/view?usp=drivesdk,,,,07.12.1744,RU_ILYINSKIY,Новгородський повіт / Новгородська провінція / Новгородська губернія,,,,,,
rec_1328_r_1,,Ревізькі казки,r,1-а ревізія,,,https://drive.google.com/file/d/12zEqEG8NUjeSGWvgiDcAnG13wDYrf04G/view?usp=drivesdk,,,,1719,RU_FEDOVO,Новгородський повіт / Новгородська провінція / Санкт-Петербурзька губернія,,,,,,
rec_1330_r_1,,Ревізькі казки,r,1-а ревізія,,,https://drive.google.com/file/d/1aZ6uUO_23lKj7gRoNxajH-f5jqhp91xw/view?usp=drivesdk,,,,1719,RU_MALOE_KOZLOVO,Новгородський повіт / Новгородська провінція / Санкт-Петербурзька губернія,,,,,,
rec_1330_r_2,,Ревізькі казки,r,2-а ревізія,,,https://drive.google.com/file/d/1TyZFB_J3aTvaH7Z-aDOHMz7UalxciCD5/view?usp=drivesdk,,,,03.07.1745,RU_BOLSHAYA_VARIZHA,Новгородський повіт / Новгородська провінція / Новгородська губернія,,,,,,
rec_1332_r_1,,Ревізькі казки,r,1-а ревізія,,,https://drive.google.com/file/d/18JsGbxz1mU18agcQE-mxvwxFURZm3UR3/view?usp=drivesdk,,,,1719,RU_BOLSHAYA_VARIZHA,Новгородський повіт / Новгородська провінція / Санкт-Петербурзька губернія,,,,,,
rec_1332_r_2,,Ревізькі казки,r,2-а ревізія,,,https://drive.google.com/file/d/1-zNTjXneyfHShdrqNqNDefcPaqyB_llG/view?usp=drivesdk,,,,03.07.1745,RU_BOLSHAYA_VARIZHA,Новгородський повіт / Новгородська провінція / Новгородська губернія,,,,,,
rec_1336_r_1,,Ревізькі казки,r,1-а ревізія,,,https://drive.google.com/file/d/1DzI57YbMZVs9_2SeYM5TkDqToC5OUfrh/view?usp=drivesdk,,,,1719,RU_GRANITSA,Новгородський повіт / Новгородська провінція / Санкт-Петербурзька губернія,,,,,,
rec_1338_r_1,,Ревізькі казки,r,1-а ревізія,,,https://drive.google.com/file/d/1ifa6QZOUH91TXnpcxrpsWMZmFk77GltK/view?usp=drive_link,,,,1721,RU_AVSEEVO,Новгородський повіт / Новгородська провінція / Санкт-Петербурзька губернія,,,,,,
rec_1348_r_1,,Ревізькі казки,r,1-а ревізія,,,https://drive.google.com/file/d/1nc49h7FAX0gyLl9pJohx0ZJQd2d158YE/view?usp=drivesdk,,,,1719,RU_KOZLOVO_D,Новгородський повіт / Новгородська провінція / Санкт-Петербурзька губернія,,,,,,
rec_1348_r_2,,Ревізькі казки,r,2-а ревізія,,,https://drive.google.com/file/d/1Jx6IEoHwu_cX1GV97jHMVXKsR2OO1BZu/view?usp=drivesdk,,,,02.07.1745,RU_KOZLOVO_D,Новгородський повіт / Новгородська провінція / Новгородська губернія,,,,,,
rec_1376_r_1,,Ревізькі казки,r,1-а ревізія,,,https://drive.google.com/file/d/1pwDaXXUQiaXMbQG7c-h26teVYSkK7OGz/view?usp=drivesdk,,,,1719,RU_GORKA_O,Новгородський повіт / Новгородська провінція / Санкт-Петербурзька губернія,,,,,,
rec_1396_r_1,,Ревізькі казки,r,1-а ревізія,,,https://drive.google.com/file/d/1UOHg0p7wD4kVSzlT2xTXTX1lquAeVOa9/view?usp=drivesdk,,,,1724,RU_BUDILOVO,Новгородський повіт / Новгородська провінція / Санкт-Петербурзька губернія,,,,,,
rec_1396_r_2,,Ревізькі казки,r,2-а ревізія,,,https://drive.google.com/file/d/1cyyfoXofXJ-BlnD2w9NC2mJzvs8NIjFQ/view?usp=drivesdk,,,,02.07.1745,RU_BUDILOVO,Новгородський повіт / Новгородська провінція / Новгородська губернія,,,,,,
rec_1400_r_1,,Ревізькі казки,r,1-а ревізія,,,https://drive.google.com/file/d/1XTfbBmoe89L7hPylRcIe3uSv_K8mH1hD/view?usp=drivesdk,,,,1719,RU_GORBOVO,Новгородський повіт / Новгородська провінція / Санкт-Петербурзька губернія,,,,,,
rec_1404_r_1,,Ревізькі казки,r,1-а ревізія,,,https://drive.google.com/file/d/1ifa6QZOUH91TXnpcxrpsWMZmFk77GltK/view?usp=drive_link,,,,1721,RU_AVSEEVO,Новгородський повіт / Новгородська провінція / Санкт-Петербурзька губернія,,,,,,
rec_1406_r_2,,Ревізькі казки,r,2-а ревізія,,,https://drive.google.com/file/d/1GRdddLioP9eYrqZDBW4kYnadfq1Zrc68/view?usp=drivesdk,,,,07.12.1744,RU_ILYINSKIY,Новгородський повіт / Новгородська провінція / Новгородська губернія,,,,,,
rec_1444_r_1,,Ревізькі казки,r,1-а ревізія,,,https://drive.google.com/file/d/1RNNC6ZFrMD25HsThMymss-V0FYUt2Bzd/view?usp=drivesdk,,,,1719,RU_OLEKHNOVO,Новгородський повіт / Новгородська провінція / Санкт-Петербурзька губернія,,,,,,
rec_1448_r_1,,Ревізькі казки,r,1-а ревізія,,,https://drive.google.com/file/d/1RNNC6ZFrMD25HsThMymss-V0FYUt2Bzd/view?usp=drivesdk,,,,1719,RU_OLEKHNOVO,Новгородський повіт / Новгородська провінція / Санкт-Петербурзька губернія,,,,,,
rec_1448_r_2,,Ревізькі казки,r,2-а ревізія,,,https://drive.google.com/file/d/1wBTX8IJF43GP07rkef18CsoThLPaZk73/view?usp=drivesdk,,,,02.07.1745,RU_OLEKHNOVO,Новгородський повіт / Новгородська провінція / Новгородська губернія,,,,,,
rec_1449_r_4,,Ревізькі казки,r,4-а ревізія,,,https://drive.google.com/file/d/1No17o7OTHAv9HTZbfXYWrubsN_rk4Y0x/view?usp=drivesdk,,https://www.familysearch.org/ark:/61903/3:1:33SQ-G11B-T6T?i=955&wc=M6MV-ZTG%3A224254401%2C226324801%2C226325701&cc=1929530&lang=en&groupId=1929530,,30.06.1782,RU_OLEKHNOVO,Вишньоволоцький повіт / Тверське намісництво,,,,,,
rec_1450_r_1,,Ревізькі казки,r,1-а ревізія,,,https://drive.google.com/file/d/1b1iQV34nMNZZf9CU8qb_ScWeQjvurocR/view?usp=drivesdk,,,,1724,RU_BUDILOVO,Новгородський повіт / Новгородська провінція / Санкт-Петербурзька губернія,,,,,,
rec_1452_r_1,,Ревізькі казки,r,1-а ревізія,,,https://drive.google.com/file/d/102WM4_eI2qeT-yteW2ZfsdgfKtA2blwu/view?usp=drivesdk,,,,,RU_PETROVO,Новгородський повіт / Новгородська провінція / Санкт-Петербурзька губернія,,,,,,
rec_1454_r_1,,Ревізькі казки,r,1-а ревізія,,,https://drive.google.com/file/d/1b1iQV34nMNZZf9CU8qb_ScWeQjvurocR/view?usp=drivesdk,,,,,RU_PETROVO,Новгородський повіт / Новгородська провінція / Санкт-Петербурзька губернія,,,,,,
rec_1464_r_1,,Ревізькі казки,r,1-а ревізія,,,https://drive.google.com/file/d/1RNNC6ZFrMD25HsThMymss-V0FYUt2Bzd/view?usp=drivesdk,,,,1719,RU_OLEKHNOVO,Новгородський повіт / Новгородська провінція / Санкт-Петербурзька губернія,,,,,,
rec_1476_r_1,,Ревізькі казки,r,1-а ревізія,,,https://drive.google.com/file/d/12zEqEG8NUjeSGWvgiDcAnG13wDYrf04G/view?usp=drivesdk,,,,1719,RU_FEDOVO,Новгородський повіт / Новгородська провінція / Санкт-Петербурзька губернія,,,,,,
rec_1476_r_2,,Ревізькі казки,r,2-а ревізія,,,https://drive.google.com/file/d/19I8v58MFHXMlqZIAoYZYPk2AWDjFFaqu/view?usp=drivesdk,,,,02.07.1745,RU_FEDOVO,Новгородський повіт / Новгородська провінція / Новгородська губернія,,,,,,
rec_1478_r_1,,Ревізькі казки,r,1-а ревізія,,,https://drive.google.com/file/d/1bSuxfRbywxbf9nuOqVavkiqwyqrgj_8X/view?usp=drivesdk,,,,1719,RU_BOR,Новгородський повіт / Новгородська провінція / Санкт-Петербурзька губернія,,,,,,
rec_1480_r_1,,Ревізькі казки,r,1-а ревізія,,,https://drive.google.com/file/d/1m7YpBPB0qJyfvz018Uqc30OPxpoUS45f/view?usp=drivesdk,,,,1720,RU_SELTSY,Новгородський повіт / Новгородська провінція / Санкт-Петербурзька губернія,,,,,,
rec_1482_r_3,,Ревізькі казки,r,3-а ревізія,,,https://drive.google.com/file/d/1LdTs3lHhjTzVrRzQqxhFUGKX1pKR_rZL/view?usp=drivesdk,,,,06.1762,RU_VYDROPUZHSK,Новгородський повіт / Новгородська провінція / Новгородська губернія,,,,,,
rec_1482_r_4,,Ревізькі казки,r,4-а ревізія,,,https://drive.google.com/file/d/1jw79K9x4Tn9nbDIaaqbSf5ndbNVGLxJl/view?usp=drivesdk,,https://www.familysearch.org/ark:/61903/3:1:33S7-811B-9HSP?i=380&cc=1929530&cat=784335&lang=en&groupId=1929530,,05.1782,RU_VYDROPUZHSK,Вишньоволоцький повіт / Тверське намісництво,,,,,,
rec_1483_r_3,,Ревізькі казки,r,3-а ревізія,,,https://drive.google.com/file/d/1LdTs3lHhjTzVrRzQqxhFUGKX1pKR_rZL/view?usp=drivesdk,,,,06.1762,RU_VYDROPUZHSK,Новгородський повіт / Новгородська провінція / Новгородська губернія,,,,,,
rec_1483_r_4,,Ревізькі казки,r,4-а ревізія,,,https://drive.google.com/file/d/1jw79K9x4Tn9nbDIaaqbSf5ndbNVGLxJl/view?usp=drivesdk,,https://www.familysearch.org/ark:/61903/3:1:33S7-811B-9HSP?i=380&cc=1929530&cat=784335&lang=en&groupId=1929530,,05.1782,RU_VYDROPUZHSK,Вишньоволоцький повіт / Тверське намісництво,,,,,,
rec_1484_r_1,,Ревізькі казки,r,1-а ревізія,,,https://drive.google.com/file/d/1UOHg0p7wD4kVSzlT2xTXTX1lquAeVOa9/view?usp=drivesdk,,,,1719,RU_BELAVINO,Новгородський повіт / Новгородська провінція / Санкт-Петербурзька губернія,,,,,,
rec_1484_r_2,,Ревізькі казки,r,2-а ревізія,,,https://drive.google.com/file/d/1QT9A3xtaHUGi6n7Vgcun34wPCxVFA9S1/view?usp=drivesdk,,,,02.07.1745,RU_BELAVINO,Новгородський повіт / Новгородська провінція / Новгородська губернія,,,,,,
rec_1486_r_1,,Ревізькі казки,r,1-а ревізія,,,https://drive.google.com/file/d/1MK-Y1gZ6BA3i3jb5K8w72Yh-hlfKFvP_/view?usp=drivesdk,,,,1719,RU_YASHCHINY,Новгородський повіт / Новгородська провінція / Санкт-Петербурзька губернія,,,,,,
rec_1488_r_1,,Ревізькі казки,r,1-а ревізія,,,https://drive.google.com/file/d/1roQlfodE2XY2w_eFxRJr9fLD0MQ6477I/view?usp=drivesdk,,,,1719,RU_SKOBLEVO,Новгородський повіт / Новгородська провінція / Санкт-Петербурзька губернія,,,,,,
rec_1488_r_2,,Ревізькі казки,r,2-а ревізія,,,https://drive.google.com/file/d/1trEDrCT0Qgq639ItsJb4frGwpmU6fhr1/view?usp=drivesdk,,,,02.07.1745,RU_SKOBLEVO,Новгородський повіт / Новгородська провінція / Новгородська губернія,,,,,,
rec_1490_r_1,,Ревізькі казки,r,1-а ревізія,,,https://drive.google.com/file/d/1roQlfodE2XY2w_eFxRJr9fLD0MQ6477I/view?usp=drivesdk,,,,1719,RU_SKOBLEVO,Новгородський повіт / Новгородська провінція / Санкт-Петербурзька губернія,,,,,,
rec_1492_r_1,,Ревізькі казки,r,1-а ревізія,,,https://drive.google.com/file/d/1TRXoE57axXpt7m7D7w2NA9SgbzyIGej2/view?usp=drivesdk,,,,1723,RU_LINDINO,Новгородський повіт / Новгородська провінція / Санкт-Петербурзька губернія,,,,,,
rec_1494_r_1,,Ревізькі казки,r,1-а ревізія,,,https://drive.google.com/file/d/1aZ6uUO_23lKj7gRoNxajH-f5jqhp91xw/view?usp=drivesdk,,,,1719,RU_MALOE_KOZLOVO,Новгородський повіт / Новгородська провінція / Санкт-Петербурзька губернія,,,,,,
rec_1504_r_1,,Ревізькі казки,r,1-а ревізія,,,https://drive.google.com/file/d/1vbLtR1XLw2vJXl6eyVMwRfPJj-wsidD9/view?usp=drivesdk,,,,1719,RU_RUSSKAYA_GORA,Новгородський повіт / Новгородська провінція / Санкт-Петербурзька губернія,,,,,,
rec_1504_r_2,,Ревізькі казки,r,2-а ревізія,,,https://drive.google.com/file/d/1fxoyzfqmoUiqWvpMvwwdT2dEoODDKb3L/view?usp=drivesdk,,,,03.07.1745,RU_RUSSKAYA_GORA,Новгородський повіт / Новгородська провінція / Новгородська губернія,,,,,,
rec_1505_r_4,,Ревізькі казки,r,4-а ревізія,,,https://drive.google.com/file/d/1mPMq2xQBY7U6463ch1Vg3ZTrCKTelaLk/view?usp=drivesdk,,https://www.familysearch.org/ark:/61903/3:1:33S7-L11B-TTJ?i=988&wc=M6MV-ZTG%3A224254401%2C226324801%2C226325701&cc=1929530&lang=en&groupId=1929530,,30.06.1782,RU_RUSSKAYA_GORA,Вишньоволоцький повіт / Тверське намісництво,,,,,,
rec_1506_r_1,,Ревізькі казки,r,1-а ревізія,,,https://drive.google.com/file/d/1vbLtR1XLw2vJXl6eyVMwRfPJj-wsidD9/view?usp=drivesdk,,,,1719,RU_RUSSKAYA_GORA,Новгородський повіт / Новгородська провінція / Санкт-Петербурзька губернія,,,,,,
rec_1510_r_1,,Ревізькі казки,r,1-а ревізія,,,https://drive.google.com/file/d/1iJYTGIHn28olfCsylzWElB1XHDUeYOED/view?usp=drivesdk,,,,1719,RU_ZARECHYE,Новгородський повіт / Новгородська провінція / Санкт-Петербурзька губернія,,,,,,
rec_1510_r_2,,Ревізькі казки,r,2-а ревізія,,,https://drive.google.com/file/d/19OtGhadO4jDsWSm8Z-ZZjDm7azSkFFR-/view?usp=drivesdk,,,,03.07.1745,RU_ZARECHYE,Новгородський повіт / Новгородська провінція / Новгородська губернія,,,,,,
rec_1518_r_1,,Ревізькі казки,r,1-а ревізія,,,https://drive.google.com/file/d/1DzI57YbMZVs9_2SeYM5TkDqToC5OUfrh/view?usp=drivesdk,,,,1724,RU_YUNYAKHINO,Новгородський повіт / Новгородська провінція / Санкт-Петербурзька губернія,,,,,,
rec_1518_r_2,,Ревізькі казки,r,2-а ревізія,,,https://drive.google.com/file/d/1vgFFjfrVLp6AJ5y38ZXSl9c_xBIu25N4/view?usp=drivesdk,,,,25.06.1745,RU_DOBRETSOVO,Новгородський повіт / Новгородська провінція / Новгородська губернія,,,,,,
rec_2572_r_1,,Ревізькі казки,r,1-а ревізія,,,https://drive.google.com/file/d/177n6U6rrIVxzJx4bxBFBBvOfaghBgyGo/view?usp=drivesdk,,,,1719,RU_DOBRETSOVO,Новгородський повіт / Новгородська провінція / Санкт-Петербурзька губернія,Юр'їв монастир,,,,,
rec_2592_r_1,,Ревізькі казки,r,1-а ревізія,,,https://drive.google.com/file/d/1EsNWiXE0fgw6HMKLB5t7udKAioCBAeFu/view?usp=drivesdk,,,,1719,RU_DOMOSLAVL,Новгородський повіт / Новгородська провінція / Санкт-Петербурзька губернія,,,,,,
rec_2612_r_1,,Ревізькі казки,r,1-а ревізія,,,https://drive.google.com/file/d/18BzaKOBXOUSOmaM9mV4SIsmr6pniCkvL/view?usp=drivesdk,,,,1719,RU_TSIRIBUSHEVO,Новгородський повіт / Новгородська провінція / Санкт-Петербурзька губернія,,,,,,
rec_2660_r_1,,Ревізькі казки,r,1-а ревізія,,,https://drive.google.com/file/d/1aZ6uUO_23lKj7gRoNxajH-f5jqhp91xw/view?usp=drivesdk,,,,1719,RU_MALOE_KOZLOVO,Новгородський повіт / Новгородська провінція / Санкт-Петербурзька губернія,,,,,,
rec_2896_r_1,,Ревізькі казки,r,1-а ревізія,,,https://drive.google.com/file/d/1RNNC6ZFrMD25HsThMymss-V0FYUt2Bzd/view?usp=drivesdk,,,,1719,RU_OLEKHNOVO,Новгородський повіт / Новгородська провінція / Санкт-Петербурзька губернія,,,,,,
rec_2956_r_1,,Ревізькі казки,r,1-а ревізія,,,https://drive.google.com/file/d/1bSuxfRbywxbf9nuOqVavkiqwyqrgj_8X/view?usp=drivesdk,,,,1719,RU_BOR,Новгородський повіт / Новгородська провінція / Санкт-Петербурзька губернія,,,,,,
rec_3012_r_1,,Ревізькі казки,r,1-а ревізія,,,https://drive.google.com/file/d/1vbLtR1XLw2vJXl6eyVMwRfPJj-wsidD9/view?usp=drivesdk,,,,1719,RU_RUSSKAYA_GORA,Новгородський повіт / Новгородська провінція / Санкт-Петербурзька губернія,,,,,,
rec_3012_r_2,,Ревізькі казки,r,2-а ревізія,,,https://drive.google.com/file/d/1M1TZOJL_ZnGCGFqrbEB4wLCthwgm8lvm/view?usp=drivesdk,,,,03.07.1745,RU_RUSSKAYA_GORA,Новгородський повіт / Новгородська провінція / Новгородська губернія,,,,,,
rec_3020_r_1,,Ревізькі казки,r,1-а ревізія,,,https://drive.google.com/file/d/1iJYTGIHn28olfCsylzWElB1XHDUeYOED/view?usp=drivesdk,,,,1719,RU_ZARECHYE,Новгородський повіт / Новгородська провінція / Санкт-Петербурзька губернія,,,,,,